"id","code","category","sub_theme","theme","provider","sub_theme_en","theme_en","code_en","text","text_en","refs"
"AI-001","PNPという構造","positive","原則に従った整ったフィードバック","フィードバック基準や基本構造への準拠","AI","Well-structured feedback that adheres to principles","Adherence to the feedback criteria and structure","The structure of PNP","- AI_18_074:ポジティブな言葉で始まり、間に改善点を挟み、ポジティブな言葉で終わるという構造は良いと思います。適宜改行を入れると良いでしょう。","- AI_18_074:I think the structure of starting with positive words, inserting points for improvement in the middle, and ending with positive words is good. It would be good to add line breaks where appropriate.","AI_18_074"
"AI-004","できている点の指摘","positive","原則に従った整ったフィードバック","フィードバック基準や基本構造への準拠","AI","Well-structured feedback that adheres to principles","Adherence to the feedback criteria and structure","Pointing out what is being done well","- AI_23_151:冒頭に記録の項目を埋める努力を褒めている点が素晴らしいと感じた。この１プロセスがあることで、具体的な改善策が聞き入れやすくなると感じた。またそのどれも実行可能性がある。
- AI_23_164:全体として具体化を促進しており、とても有用であると思った。さらに毎日記録をつけていることを褒めていた。","- AI_23_151:I thought it was wonderful that the beginning of the feedback praised the effort made to fill in the record items. I felt that having this one process made it easier to listen to specific improvement measures. Also, all of them are feasible.
- AI_23_164:Overall, I thought it was very useful because it promoted concretization. In addition, it praised the fact that they were keeping a record every day.","AI_23_151, AI_23_164"
"AI-006","フィードバックとしてのバランスの良さ","positive","原則に従った整ったフィードバック","フィードバック基準や基本構造への準拠","AI","Well-structured feedback that adheres to principles","Adherence to the feedback criteria and structure","Good balance as feedback","- AI_07_063:positiveからconstructiveにはいり、具体例もあり、優先順位も指摘されており、指摘するポイントも多すぎずちょうどよく、いいfeedbackだと思います。
- AI_08_072:非常に具体的なアドバイスを含むフィードバックであり、良いと思う。
- AI_08_073:アドバイスが具体的で、3点にまとまっているので分かりやすい良いフィードバックと思う。
- AI_08_074:アドバイスは具体的で、学生を支持する言葉も入っており、良いフィードバックと思う。
- AI_08_077:医学生を肯定的に支援している良いフィードバックと思う。
- AI_09_086:分量が多く、具体的です。記載方法は古典的なP-N-Pの方式で書かれています。ただ、基本的にはログの記載方法についてのフィードバックであり、必ずしも学生の行動変容をきたすものではないように思います","- AI_07_063:It goes from positive to constructive, there are specific examples, priorities are also pointed out, and the points that are pointed out are not too many, so I think it is good feedback.
- AI_08_072:I think the feedback was very specific and good.
- AI_08_073:I think the feedback was good because it was specific and summarized in three points.
- AI_08_074:I think the feedback was good because it was specific and included words of support for the student.
- AI_08_077:I think this is good feedback that positively supports medical students.
- AI_09_086:It is very specific and detailed. It is written in the classic P-N-P format. However, it is basically feedback on how to write a log, and I don't think it necessarily leads to changes in the student's behavior.","AI_07_063, AI_08_072, AI_08_073, AI_08_074, AI_08_077, AI_09_086"
"AI-007","フィードバックとしての基準への準拠","positive","原則に従った整ったフィードバック","フィードバック基準や基本構造への準拠","AI","Well-structured feedback that adheres to principles","Adherence to the feedback criteria and structure","Compliance with criteria as feedback","- AI_07_060:positiveから入り具体的で建設的なfeedbackが入っておりかつポイントも多すぎずよくできたfeedbackです。
- AI_07_061:記載にムラがあることをちゃんと指摘しており日々記録するという「基準」に正しく対応しています。ただし、このレポートであれば2月14日の学んだことに関してpositiveな点をちゃんと見つけてあげるべきだと思いますが抽象的な「素晴らしい実習記録」という言葉にまとめており、このレポートに対してという意味ではpositive feedbackが不足しています。
- AI_07_063:positiveからconstructiveにはいり、具体例もあり、優先順位も指摘されており、指摘するポイントも多すぎずちょうどよく、いいfeedbackだと思います。","- AI_07_060:This is a well-written report that starts with positive feedback, is specific and constructive, and doesn't have too many points.
- AI_07_061:It correctly points out the uneven quality of the writing, and it correctly responds to the “standard” of recording things on a daily basis. However, in this report, I think that the positive points about what was learned on February 14th should be properly identified, but it is summarized in the abstract phrase “wonderful practice record”, and in terms of this report, there is a lack of positive feedback.
- AI_07_063:It goes from positive to constructive, there are specific examples, priorities are also pointed out, and the points that are pointed out are not too many, so I think it is good feedback.","AI_07_060, AI_07_061, AI_07_063"
"AI-009","フィードバック基準への厳密な準拠","positive","原則に従った整ったフィードバック","フィードバック基準や基本構造への準拠","AI","Well-structured feedback that adheres to principles","Adherence to the feedback criteria and structure","strict adherence to feedback criteria","- AI_09_087:分量が多く、基準に沿った記載が心がけられていますが、「ログの書き方」に関するフィードバックになっています。
- AI_09_088:ログの記載基準に沿ってフィードバックがされていますが、もともとのログの記載がかなり充実しているため重箱の隅をつついたようなフィードバックになっています。
- AI_09_095:ポートフォリオにそったフィードバックがされています。フィードバック内容も具体的です。
- AI_09_096:記載内容について肯定的なコメントがされ、具体的なフィードバックがされていますが、内容はポートフォリオの書き方に偏っているようにも思われます
- AI_11_121:「蘇生解除」という誤字を指摘していない。無難に次の課題を指摘している。feedback1と比較して、感情的な記載はなく、よく言えば正確、普通に言えば事務的、悪く言えば平板。平均点・正解を基準に置いて、そこから劣る部分の指摘は十分にしているな、と思った。
- AI_11_122:記載のない日があることの指摘など、基準に則したフィードバックはなされていた。平均的、という感じ。実習態度などについての記載はなかった。
- AI_11_126:24歳男性の記述が最後で抜けている点を指摘しているが、おそらくは退院したための記録なしであるのでは。その背景情報は記録から窺えないが、その情報をもとにすれば「退院の計画が立っていたのだからその旨の記録が必要」というフィードバックになるべきか。基準に沿った評価にはなっている。
- AI_11_128:記録と評価基準をしっかり参照しての記載となっている。元の記録があまり質が高くないため、指摘事項が多い分、それらをしっかり指摘できていると思える。
- AI_11_130:基準を踏まえたフィードバックになっている。次になすべきことを示しており今後の行動変容に向けたフィードバックになっている。
- AI_11_131:記録を踏まえて修正すべき点をきちんと述べている。ただ患者リストの内容が毎回同じであることは指摘していないがこれで良いのだろうか？
- AI_11_132:規定に則したフィードバックポイントに沿って評価している。臨床事実に即した実感がfeedback2にはあるのに対して、こちらにはそれがあまりない
- AI_12_135:ポートフォリオの書き方に関してのコメントは具体的でよいが、臨床実習としてのフィードバックがない点は改善したほうがいいと思う。
- AI_12_136:学生がモチベーションを保てるような支援的な言葉がとてもいいと思う。フィードバックの改善点は特にないように思う。","- AI_09_087:Although the feedback is written in a large amount and in accordance with the criteria, it is feedback on how to write a log.
- AI_09_088:Although the feedback is written in accordance with the criteria for writing a log, the original log entry is quite substantial, so the feedback seems to be nitpicking.
- AI_09_095:The feedback is in line with the portfolio. The feedback is also specific.
- AI_09_096:The content of the feedback is positive, and specific, but it seems to focus on how to write the portfolio
- AI_11_121:The reviewer did not point out the typo “resuscitation cancellation”. They pointed out the next task in a safe way. Compared to feedback1, there was no emotional description, and to put it nicely, it was accurate, to put it normally, it was businesslike, and to put it badly, it was flat. I thought that they had set the average score and correct answers as the standard and had sufficiently pointed out the inferior parts from there.
- AI_11_122:The reviewer gave feedback in accordance with the standard, such as pointing out the fact that there were days without descriptions. It was an average-like review. There was no description about the attitude during the practical training.
- AI_11_126:The 24-year-old male student's description is missing the last part, but perhaps this is because he has been discharged from hospital and there is no record of this. Although we cannot tell from the record what the background information is, based on this information, should the feedback be “Since a plan for discharge was in place, a record of this is necessary”? The evaluation is in line with the criteria.
- AI_11_128:The description is based on a thorough reference to the record and evaluation criteria. As the original record was not of very high quality, it seems that the many points for improvement have been properly identified.
- AI_11_130:The feedback is based on the criteria. It indicates what should be done next, and is feedback for future behavioral change.
- AI_11_131:It properly states the points that should be corrected based on the record. However, it does not point out that the content of the patient list is the same every time.
- AI_11_132:The evaluation is based on the feedback points in the regulations. There is a sense of reality in the feedback2 that is based on clinical facts, but this is not the case here.
- AI_12_135:The comments on how to write the portfolio are specific and good, but I think it would be better if there was feedback on the clinical practice.
- AI_12_136:I think the supportive words that help the students to maintain their motivation are very good. I don't think there are any specific points for improvement in the feedback.","AI_09_087, AI_09_088, AI_09_095, AI_09_096, AI_11_121, AI_11_122, AI_11_126, AI_11_128, AI_11_130, AI_11_131, AI_11_132, AI_12_135, AI_12_136"
"AI-036","体験を言語化する補助","positive","経験を言語化する支援","連続性と一貫性","AI","Support for verbalizing experiences","Continuity and consistency","assistance with putting experiences into words","- AI_13_150:良い点：レポート記述について、具体的な記載方法についてフィードバックしている。体験の詳細をより具体的に言語させることで実習から学びをより深められるようアドバイスしている。悪い点：レポートの体裁を整えるところに焦点が置かれている印象にある。欠席と書かれている3/25にさらに具体的な記載を求めるのは無理がある。今後の課題としてあげた新生児患者の一例を用いてCPAPの適応と管理法について深く理解するという設定も実習が終わった後のアプローチとしては無理がある。","- AI_13_150:Good points: The report is being given feedback on the specific methods used to write it. The advice is to make the details of the experience more specific in order to deepen the learning from the practical training. Bad points: The focus seems to be on making the report look presentable. It is unreasonable to ask for more specific details on the 25th, which is written as an absence. The setting of using the example of a newborn patient to deepen understanding of the indications and management methods for CPAP is also unreasonable as an approach after the practical training has finished.","AI_13_150"
"AI-040","具体例の提示","positive","原則に従った整ったフィードバック","フィードバック基準や基本構造への準拠","AI","Well-structured feedback that adheres to principles","Adherence to the feedback criteria and structure","Presentation of specific examples","- AI_04_009:記載内容が少ないことに対し、記載例を記入されている印象。良い点は詳細記載を書くことも記載しており、具体例も記載されている点。改善すべき点は特になし。
- AI_19_091:2日分しか記録がないように思うので、「連日記録を行っている点は非常に素晴らしいです。」というフィードバックは正確でないように感じる。学生記録を具体的に記載するようにという指摘とともに、どのような観点で記載すればよいのかを具体例とともに指摘しており、学生の助けとなると思う。
- AI_21_131:「基準」に基づいた評価が行われている。学生記録の記録改善を主に指摘している。具体例を用いながら改善点を示している点が良い。臨床的な部分の記述を促しているが、臨床医学の学習という面での、臨床的な直接的な知識や糸口の提示が乏しいように感じられた。
- AI_21_132:「基準」に基づいた評価がされていると感じた。良い点を明確に示していた点が良い。学生が列挙だけしている用語も、具体的に記載を促すことで学習効果を向上させようとしていた点が良かった。総じて、学生記録の記載の改善を通しての学生の学習を促す形である印象。","- AI_04_009:The impression is that there are few details, but there are examples given. The good points are that it also includes detailed descriptions and gives specific examples. There are no points that need to be improved.
- AI_19_091:As it seems that there are only two days' worth of records, I feel that the feedback “It is very good that you are keeping a record every day” is not accurate. Along with the suggestion that the student's record should be written in more detail, the feedback also gives specific examples of what kind of perspective should be taken when writing the record, which I think will be helpful for the student.
- AI_21_131:The evaluation is based on the “criteria”. The main point is to improve the student records. It is good that it shows the points for improvement using specific examples. Although it encourages the description of clinical aspects, it seems that there is a lack of direct clinical knowledge and clues in terms of learning clinical medicine.
- AI_21_132:I felt that the evaluation was based on “criteria”. It was good that the good points were clearly indicated. It was good that the learning effect was improved by encouraging students to write specific descriptions even for terms that they were just listing. Overall, I got the impression that it was a form of encouraging students to learn through improving the way they write in their student records.","AI_04_009, AI_19_091, AI_21_131, AI_21_132"
"AI-042","具体例を交えた助言","positive","原則に従った整ったフィードバック","フィードバック基準や基本構造への準拠","AI","Well-structured feedback that adheres to principles","Adherence to the feedback criteria and structure","Advice with specific examples","- AI_19_085:記載すべき内容について具体例を交えてフィードバックしている点がよい。
- AI_19_087:学生の振り返りに対して、具体例を示しながら改善点を示している点がわかりやすい。","- AI_19_085:I think it's good that the feedback includes specific examples of the content that should be included.
- AI_19_087:The point of showing specific examples to show the areas for improvement in the student's reflection is easy to understand.","AI_19_085, AI_19_087"
"AI-043","具体例を挙げた助言","positive","原則に従った整ったフィードバック","フィードバック基準や基本構造への準拠","AI","Well-structured feedback that adheres to principles","Adherence to the feedback criteria and structure","Advice with specific examples","- AI_20_115:内容の薄い記録に対して、誉めつつも記録の基準を満たせるようにフィードバックを行なっていると感じる。改訂の提案は具体的な文としない方が良いと考える。","- AI_20_115:I felt that the feedback was given in a way that praised the record, but also emphasized the need to meet the criteria for the record, even though the record was thin on content. I think it would be better if the suggestions for revision were not given in specific sentences.","AI_20_115"
"AI-044","具体例を挙げた改善点の指摘","positive","原則に従った整ったフィードバック","フィードバック基準や基本構造への準拠","AI","Well-structured feedback that adheres to principles","Adherence to the feedback criteria and structure","suggestions for improvements with specific examples","- AI_21_120:学生を応援する言葉を述べている点が良い。記録の取り方や深掘りした記載の仕方を具体例を用いて説明している点が良い。","- AI_21_120:The fact that it gives words of encouragement to the students is good. The fact that it explains how to record and how to write in depth using specific examples is good.","AI_21_120"
"AI-045","具体例を挙げた詳細な助言","positive","原則に従った整ったフィードバック","フィードバック基準や基本構造への準拠","AI","Well-structured feedback that adheres to principles","Adherence to the feedback criteria and structure","Detailed advice with specific examples","- AI_23_153:病状説明の場の設定に関して、これほど詳細にフィードバックできるのだと驚いた。","- AI_23_153:I was surprised that such detailed feedback could be given regarding the setting of the place for explaining the patient's condition.","AI_23_153"
"AI-047","具体性のあるフィードバック","positive","原則に従った整ったフィードバック","フィードバック基準や基本構造への準拠","AI","Well-structured feedback that adheres to principles","Adherence to the feedback criteria and structure","Specific feedback","- AI_04_009:記載内容が少ないことに対し、記載例を記入されている印象。良い点は詳細記載を書くことも記載しており、具体例も記載されている点。改善すべき点は特になし。","- AI_04_009:The impression is that there are few details, but there are examples given. The good points are that it also includes detailed descriptions and gives specific examples. There are no points that need to be improved.","AI_04_009"
"AI-051","具体的で分りやすい助言","positive","原則に従った整ったフィードバック","フィードバック基準や基本構造への準拠","AI","Well-structured feedback that adheres to principles","Adherence to the feedback criteria and structure","specific, easy-to-understand advice","- AI_10_103:・個々の改善点については非常に分かりやすい。・この実習全体を通しての目標についてはこのフィードバックのみでは理解できない。ただし、この不足点は学生の記録が乏しいことの結果かもしれない。
- AI_10_104:記録がない日＝実習がない日、という印象を与えるフィードバック。この正否は当方では理解できないが、正確でない可能性がある。その他の改善点についてはよく書けている。","- AI_10_103:・The points for improvement for each individual are very easy to understand. ・The goal for this practical training as a whole cannot be understood from this feedback alone. However, this lack of detail may be the result of the student's lack of records.
- AI_10_104:The feedback gives the impression that days without records = days without practice. We cannot understand the correctness or otherwise of this, but it is possible that it is not accurate. The other points for improvement are well written.","AI_10_103, AI_10_104"
"AI-053","具体的なフィードバック","positive","原則に従った整ったフィードバック","フィードバック基準や基本構造への準拠","AI","Well-structured feedback that adheres to principles","Adherence to the feedback criteria and structure","Specific feedback","- AI_06_037:記載についての具体的なフィードバックがある。","- AI_06_037:There is specific feedback on the recording.","AI_06_037"
"AI-054","具体的な助言","positive","原則に従った整ったフィードバック","フィードバック基準や基本構造への準拠","AI","Well-structured feedback that adheres to principles","Adherence to the feedback criteria and structure","Concrete advice","- AI_05_031:良い点：具体的かつ文量が多い。改善点：「具体的に書くとよい」という助言しかしてない。
- AI_08_070:1つ1つのフィードバックが具体的で、医学生の学習・記録のステップアップを促すものであると感じた。
- AI_08_072:非常に具体的なアドバイスを含むフィードバックであり、良いと思う。
- AI_08_078:アドバイスは具体的で分かりやすく、良いフィードバックと思う。
- AI_08_080:具体的なアクションプランを提案しており、非常に良いフィードバックと思う。
- AI_08_082:アドバイスが具体的に示されており、良いフィードバックと思う。
- AI_09_086:分量が多く、具体的です。記載方法は古典的なP-N-Pの方式で書かれています。ただ、基本的にはログの記載方法についてのフィードバックであり、必ずしも学生の行動変容をきたすものではないように思います
- AI_09_095:ポートフォリオにそったフィードバックがされています。フィードバック内容も具体的です。
- AI_09_096:記載内容について肯定的なコメントがされ、具体的なフィードバックがされていますが、内容はポートフォリオの書き方に偏っているようにも思われます
- AI_09_100:具体的なFBがされていますがポートフォリオの書き方に主眼がおかれているようです
- AI_11_119:改善案まで含めて記載されているので学生から見て次になすべきことはわかりやすいと思われる。ただ、「スライド作成を頑張る」は本当にデザインなどに焦点を当てるべきなのか（内容を再検討とか、もっと論文を引用するべきと思ったなど）は疑問に思え、適切なフィードバックであるのかどうかは実習の様子によって変わりそうに思った。
- AI_12_141:「簡潔にまとめられている」という表現は無理があると思う。しかしながら、具体的な指示コメントは具体的で適切だと思う。
- AI_12_144:具体的に提案している課題は的確でいいと思う。ただ、「継続的に記載している点が素晴らしい」という評価は、少し無理があるのではないかと思う。
- AI_15_020:記録内容に即した肯定的なフィードバックである印象。さらに深く探究すべき項目を具体的に列挙してフィードバックしている点はよいと感じた。一方で、着目している点が学術的、あるいは臨床的にみてそれほど重要な点とは思えず、他に提案すべきものがあるのでは…と感じる。
- AI_15_021:実習記録に対して丁寧なフィードバックがなされている印象。具体的な改善案を提案している点はよいと感じるが、低血糖の治療の適応基準や治療根拠が（他の内容と比較して）それほど重要な点とは思えず、医学的な知識が欠落した指摘をしているように感じる。
- AI_15_022:実習記録に即したフィードバックである印象。具体的な改善案について言及している点はよいと感じた。一方で、「ゲフリールの工程」に着目したフィードバックは、「呼吸器外科における臨床実習記録」としてはやや疑問を感じる内容である。
- AI_16_043:具体的で分かりやすいフィードバック。学生がすぐに実行できるフィードバックになっている点が良い。一方で記載に一部不自然な点があることや、中長期的なフィードバックが少ない点が残念。
- AI_16_051:丁寧かつ詳細なフィードバックがされている印象。記載内容の改善策について具体的に例示しながら示している点が良い。一方で文章量に対して改行がなく、読みにくい点が改善できるとなお良い。","- AI_05_031:Good points: Specific and with a lot of text. Points for improvement: The only advice given is “It would be good to write in more detail”.
- AI_08_070:I felt that the feedback was very specific and encouraged medical students to improve their study and record-keeping.
- AI_08_072:I think the feedback was very specific and good.
- AI_08_078:The advice is specific and easy to understand, so I think it is good feedback.
- AI_08_080:I think it is very good feedback because it proposes a concrete action plan.
- AI_08_082:I think it is good feedback because the advice is given in a concrete way.
- AI_09_086:It is very specific and detailed. It is written in the classic P-N-P format. However, it is basically feedback on how to write a log, and I don't think it necessarily leads to changes in the student's behavior.
- AI_09_095:The feedback is in line with the portfolio. The feedback is also specific.
- AI_09_096:The content of the feedback is positive, and specific, but it seems to focus on how to write the portfolio
- AI_09_100:Although specific feedback is given, it seems that the main focus is on how to write a portfolio.
- AI_11_119:It also includes a suggestion for improvement, so it seems easy for the student to understand what they should do next. However, I wonder whether “work hard on creating slides” should really focus on things like design (I thought they should reconsider the content or cite more papers, etc.), and I think that whether it is appropriate feedback or not may depend on the state of the training.
- AI_12_141:I think the expression “summarized concisely” is a bit of a stretch. However, I think the specific instructions and comments are specific and appropriate.
- AI_12_144:I think the specific issues being proposed are accurate and good. However, I think the evaluation that “the fact that it is continuously written is wonderful” is a little unreasonable.
- AI_15_020:The impression is that the feedback is positive and in line with the content of the record. The fact that the feedback specifically lists items that should be explored in more depth is good. On the other hand, the points that are being focused on do not seem to be that important from an academic or clinical perspective, and I feel that there are other things that should be suggested.
- AI_15_021:The impression is that the feedback is very detailed and thorough. I think it is good that specific improvement suggestions are being made, but I don't think that the criteria for treatment of hypoglycemia and the rationale for treatment are that important (compared to the other content), and I feel that the points being made lack medical knowledge.
- AI_15_022:The impression is that the feedback is based on the practical training record. The fact that it mentions specific improvement plans is good. On the other hand, the feedback that focuses on the “Gefir process” is a little questionable as “clinical practical training record in respiratory surgery”.
- AI_16_043:Concrete and easy-to-understand feedback. The fact that the feedback is something that students can put into practice straight away is good. On the other hand, it is a shame that some of the descriptions are unnatural and there is not much medium- to long-term feedback.
- AI_16_051:The impression is that polite and detailed feedback is given. It is good that the points for improvement in the content are given with specific examples. On the other hand, it would be better if the text could be improved so that there are no line breaks for the amount of text and it is easier to read.","AI_05_031, AI_08_070, AI_08_072, AI_08_078, AI_08_080, AI_08_082, AI_09_086, AI_09_095, AI_09_096, AI_09_100, AI_11_119, AI_12_141, AI_12_144, AI_15_020, AI_15_021, AI_15_022, AI_16_043, AI_16_051"
"AI-055","具体的な指摘","positive","原則に従った整ったフィードバック","フィードバック基準や基本構造への準拠","AI","Well-structured feedback that adheres to principles","Adherence to the feedback criteria and structure","Specific points for improvement","- AI_04_001:優しい指導者である印象を受けます。改善点について具体例を挙げて記載していることから、医学生の学習に非常に役立つと考えます。改善点は特にありません。
- AI_04_003:まず記録を記載したことについて褒めて伸ばそうとしている印象を受けた。良い点として、どのような記載にすれば学習になり、目標設定することができるか具体的な記載がある点。大きく改善すべき点はないように思う。
- AI_04_005:改善点が多く羅列されている印象。良い点として改善すべきところの具体性を記載していたこと。改善点としては具体的な記載例が記載されていたが、医学生としてはハードルが高いように感じられた点。
- AI_05_019:（悪い点）日付が欠けているとの指摘があるが事実ではないように思う。このような誤った記載が一か所でもあると学習者はフィードバックを適切に受け止められない可能性がある。「発表準備開始」を「特定のトピックスや患者について発表準備を行う」と書くように提案する点も、実際フィードバックとしては殆ど意味がない。（良い点）ジストロフィーについて具体的に何について学んだのか書くことを求める際の例は具体的でよい。
- AI_16_045:記載内容について具体的にフィードバックできている。記録の不記載などを適切に指摘できている点が良い。改善策も具体的に示されている。一方で記載に不自然な箇所があるため、より自然な記述になると良い。
- AI_19_092:学生の記録に沿って具体的な指摘がされていると思う。","- AI_04_001:I get the impression that he is a kind and supportive instructor. I think that the fact that he gives specific examples of areas for improvement makes this a very useful resource for medical students. I don't have any specific areas for improvement.
- AI_04_003:I get the impression that he is trying to encourage students by first praising them for writing their records. As a positive point, there are specific descriptions of how to write entries that will help learning and enable goal setting. I don't think there are any major points that need to be improved.
- AI_04_005:The impression was that there were many points listed for improvement. As a good point, the fact that the areas for improvement were described in concrete terms. As points for improvement, there were specific examples given, but as a medical student, I felt that these were too high a hurdle.
- AI_05_019:(Bad point) It has been pointed out that the date is missing, but I don't think that is the case. If there is even one such incorrect entry, there is a possibility that the learner will not be able to properly receive the feedback. The suggestion to write “Start preparing for the presentation” as “Prepare for the presentation on a specific topic or patient” is also of little actual feedback value. (Good point) The example of asking the learner to write about what they specifically learned about dystrophy is good.
- AI_16_045:The feedback is specific about the content of the description. The fact that it is able to point out things like omissions in the records appropriately is good. It also gives specific suggestions for improvement. On the other hand, there are some unnatural parts in the description, so it would be better if it were written in a more natural way.
- AI_19_092:I think that specific points are being made in line with the student's record.","AI_04_001, AI_04_003, AI_04_005, AI_05_019, AI_16_045, AI_19_092"
"AI-056","具体的な改善点の指摘","positive","原則に従った整ったフィードバック","フィードバック基準や基本構造への準拠","AI","Well-structured feedback that adheres to principles","Adherence to the feedback criteria and structure","Specific points for improvement","- AI_12_133:具体的な改善点を示していること
- AI_12_134:最初にいい点をほめているところ。具体的な改善点を示している所。
- AI_14_002:印象として、良い点、改善点、肯定的な声がけで構成されていて、改善点も明確でわかりやすいと感じた。改善すべき点は記録が順調に付けられていると書いているが、実際には抜けがあり、改善点としてそこを指摘している点が不自然に感じた。
- AI_14_003:具体的な改善点に言及している点は良いと考えた。文章として、素晴らしい仕事というのは不自然に感じた。また、病院内でのやり取りは加味されていないので、コミュニケーションが担当医と良好な学生では、担当医のフィードバックと比べて指摘が浅いように感じた。
- AI_14_004:具体的に何を改善すれば良いのかがわかりやすい。改善点は、1月9日と12日の記載に具体性が欠けていると書いてあるが、9日の記載は具体的に書かれている。
- AI_14_005:具体的な手技の名前を書いた方が良いといった改善点を示せている。改善点は手術の方法についての知識は文献というよりは指導医への質問や教科書で調べるものではないかと感じた。
- AI_14_006:よい点は、毎日書くという簡単にできる改善点を示していること。改善点は、自分の学びを共有する機会を作るとよいというフィードバックがあるが、これは実習記録の改善点とは関係が薄い。
- AI_14_009:少ない記述から改善点を導き出せていることがよい。そのうえで一歩先の改善点にも言及されている。
- AI_14_011:素晴らしい仕事という表現は引っかかるが、他は簡単な改善点が具体的に示されている。
- AI_14_015:お疲れさまでした！あなたの記録は全体的に詳細かつ具体的で、注意深く観察していることがよく分かります。という前置きはクッションとしてはいいが、毎実習書かれているとくどいように感じる。
- AI_14_017:改善すべき点が明確でわかりやすい。
- AI_15_018:学生の記録に忠実に即したフィードバックである印象。学生の記録に対して、肯定的な言葉でフィードバックしている点がよいと感じた。その一方で、学生に対する提案が非現実的かつ臨床実習の実態に全く即しておらず、質のよいフィードバックを生成するための前提となる背景情報が致命的に欠落している。","- AI_12_133:The specific points for improvement are indicated.
- AI_12_134:The part where the good points are praised first. The part where specific points for improvement are indicated.
- AI_14_002:My impression is that it is composed of good points, points that need to be improved, and positive encouragement, and I felt that the points that need to be improved were clear and easy to understand. The report says that the points that need to be improved are being recorded smoothly, but in reality there are omissions, and I felt that the fact that the report points out these omissions as points that need to be improved felt unnatural.
- AI_14_003:I thought that the fact that it mentions specific points that need to be improved was good. As a piece of writing, I felt that the phrase “excellent work” was unnatural. Also, since the interactions within the hospital are not taken into account, I felt that the points raised were less in-depth than the feedback given by the doctor in charge if the communication was good between the doctor and the student.
- AI_14_004:It is easy to understand what exactly needs to be improved. The points for improvement say that the entries for January 9th and 12th lack specificity, but the entry for the 9th is written in detail.
- AI_14_005:The points for improvement suggest that it would be better to write the names of specific techniques. The points for improvement suggest that knowledge of surgical methods should be obtained by asking the supervising doctor or looking them up in a textbook, rather than from literature.
- AI_14_006:The good points are that it shows easy-to-implement improvements that can be made every day. The feedback suggests that it would be good to create opportunities to share what you have learned, but this is not really related to the improvements to be made in the practical training record.
- AI_14_009:It is good that the points for improvement are being derived from the small amount of description. In addition, it also mentions points for improvement that go one step further.
- AI_14_011:The expression “excellent work” is a bit of a turn-off, but the other points for improvement are clearly indicated.
- AI_14_015:Thank you for your hard work! Your record is detailed and specific overall, and it is clear that you are carefully observing. The preface is good as a cushion, but if it is written in every practice book, it feels like it is too wordy.
- AI_14_017:The points that need to be improved are clear and easy to understand.
- AI_15_018:The impression is that the feedback is in line with the student's record. I felt that the feedback was good because it was given in a positive way in response to the student's record. On the other hand, the suggestions for the student are unrealistic and do not match the reality of clinical practice at all, and the background information that is a prerequisite for generating good feedback is critically lacking.","AI_12_133, AI_12_134, AI_14_002, AI_14_003, AI_14_004, AI_14_005, AI_14_006, AI_14_009, AI_14_011, AI_14_015, AI_14_017, AI_15_018"
"AI-057","具体的な改善点の提示","positive","原則に従った整ったフィードバック","フィードバック基準や基本構造への準拠","AI","Well-structured feedback that adheres to principles","Adherence to the feedback criteria and structure","Presentation of specific points for improvement","- AI_15_033:丁寧なフィードバックである印象。実習記録の内容が不足している点についても具体的に言及しつつ、改善案もしっかりと提示している。
- AI_15_034:実習記録に即したフィードバックである印象。指摘している内容も比較的妥当なものであり、具体的なフィードバックだと感じる。
- AI_16_036:学生の記録内容にの不足している点を明確に指摘しており、改善に役立つ内容となっている印象。具体的にどのように改善する必要があるかわかりやすく例示している点が良い。一方で診察技能に関する具体的な指摘は少なく、より具体的な指摘が欲しい。
- AI_16_037:記録の方法について具体的な改善策を指摘している一方で、記載内容について医学的な視点からのフィードバックは薄い印象。指示は具体的に項目も挙げてあり、分かりやすい。一方で医学的な知見からの指摘がほしい。
- AI_16_038:明確で分かりやすいフィードバックになっている。記録に関する問題点と改善策を具体的に示している点が評価できる。一方で、最初の日しか記録できていないところを、「最初の日から〜」と表現しており若干表現に不自然さが感じられる。この点を改善できるとより良くなると感じる。
- AI_16_040:記載内容に対して具体的にフィードバックがなされている印象。指摘が具体的で理解しやすい。一方で医学的な改善策について具体的な指摘が少ない。医学的な手技などに対する指摘が欲しい。
- AI_16_041:記載内容のフィードバックに終始しており、日々の取り組みに関する記載が少ない印象。記録の記載方法について具体的なフィードバックがなされている点が良い。一方で、発表の内容などを把握できないために、フィードバック内容が記載内容のみに終始してしまっている点が残念である。","- AI_15_033:The impression is that the feedback is polite. It also gives specific suggestions for improvement, while also mentioning the points where the clinical practice record is lacking in detail.
- AI_15_034:The impression is that the feedback is tailored to the clinical practice record. I think it is specific feedback, as the points it raises are relatively valid.
- AI_16_036:The points that are lacking in the students' records are clearly pointed out, and the content is useful for improvement. The fact that it clearly shows how improvements need to be made is good. On the other hand, there are few specific points made about examination skills, and I would like to see more specific points.
- AI_16_037:While specific improvement measures are pointed out regarding the method of recording, there is a lack of feedback from a medical perspective regarding the content of the records. The instructions are specific and easy to understand. On the other hand, I would like to see points made from a medical perspective.
- AI_16_038:The feedback is clear and easy to understand. I can appreciate the fact that the problems with the record and the specific measures for improvement are clearly indicated. On the other hand, the fact that only the first day of the record is indicated, but the expression “from the first day” is used, makes the expression seem a little unnatural. I feel that this point could be improved.
- AI_16_040:The impression is that specific feedback is given on the content of the entries. The points are specific and easy to understand. On the other hand, there is little specific feedback on medical improvement measures. I would like to see feedback on medical techniques, etc.
- AI_16_041:The feedback is limited to the content of the description, and there is little mention of day-to-day efforts. It is good that specific feedback is given on how to record the information. On the other hand, it is a pity that the feedback is limited to the content of the description, as it is not possible to grasp the content of the presentation.","AI_15_033, AI_15_034, AI_16_036, AI_16_037, AI_16_038, AI_16_040, AI_16_041"
"AI-061","分りやすい例示","positive","原則に従った整ったフィードバック","フィードバック基準や基本構造への準拠","AI","Well-structured feedback that adheres to principles","Adherence to the feedback criteria and structure","clear examples","- AI_16_036:学生の記録内容にの不足している点を明確に指摘しており、改善に役立つ内容となっている印象。具体的にどのように改善する必要があるかわかりやすく例示している点が良い。一方で診察技能に関する具体的な指摘は少なく、より具体的な指摘が欲しい。","- AI_16_036:The points that are lacking in the students' records are clearly pointed out, and the content is useful for improvement. The fact that it clearly shows how improvements need to be made is good. On the other hand, there are few specific points made about examination skills, and I would like to see more specific points.","AI_16_036"
"AI-080","十分量のポジティブフィードバック","positive","原則に従った整ったフィードバック","フィードバック基準や基本構造への準拠","AI","Well-structured feedback that adheres to principles","Adherence to the feedback criteria and structure","Sufficient amount of positive feedback","- AI_04_003:まず記録を記載したことについて褒めて伸ばそうとしている印象を受けた。良い点として、どのような記載にすれば学習になり、目標設定することができるか具体的な記載がある点。大きく改善すべき点はないように思う。","- AI_04_003:I get the impression that he is trying to encourage students by first praising them for writing their records. As a positive point, there are specific descriptions of how to write entries that will help learning and enable goal setting. I don't think there are any major points that need to be improved.","AI_04_003"
"AI-081","受け入れやすい改善点の指摘","positive","原則に従った整ったフィードバック","フィードバック基準や基本構造への準拠","AI","Well-structured feedback that adheres to principles","Adherence to the feedback criteria and structure","suggestions for improvements that are easy to accept","- AI_21_117:印象としては、記録をしっかりみてフィードバックをしてくれている印象。評価すべき点、よかった点を先に述べてから、改善点を指摘している点が、受け手の学生側の立場として改善点を受け入れやすく、良い点だと感じた。また、指摘している内容とその改善点も非常に具体的で、行動に移しやすい点も良いと感じた。改善点は、学生の実習のあり方としての指摘が主で、医学的、臨床的な内容へのフィードバックがない点。","- AI_21_117:My impression is that the feedback is given after the record has been carefully examined. The fact that the points that should be evaluated and the good points are mentioned first, and then the points for improvement are pointed out, makes it easier for the student to accept the points for improvement, and I think that is a good thing. I also think that the points for improvement and the content of the points for improvement are very specific, and that makes it easier to take action. The main points for improvement are suggestions for how the students' practical training should be carried out, and there is no feedback on medical or clinical content.","AI_21_117"
"AI-120","実習記録に即した言葉","positive","記載内容を網羅的に検討した上でのフィードバック","連続性と一貫性","AI","Feedback based on a comprehensive review of the recorded content","Continuity and consistency","language that is not in line with the practice record","- AI_15_025:実習記録に即したフィードバックである印象。支援的な言葉でフィードバックを行っている点はよいと感じる。feedback 1とfeedback 2でほとんど同じ点に言及しているにも関わらず、受け取る印象が全く異なるのが興味深い。","- AI_15_025:The impression is that the feedback is in line with the practical training record. The fact that the feedback is given in a supportive tone is good. It is interesting that the impression received is completely different, even though feedback 1 and feedback 2 mention almost the same points.","AI_15_025"
"AI-121","実行に移しやすい具体的な助言","positive","原則に従った整ったフィードバック","フィードバック基準や基本構造への準拠","AI","Well-structured feedback that adheres to principles","Adherence to the feedback criteria and structure","Concrete advice that is easy to put into practice","- AI_17_055:〜するために、〜するといいとおもう、という口調で、目的がはっきりしているため実行に移しやすい","- AI_17_055:The tone is clear and easy to implement because the purpose is clear.","AI_17_055"
"AI-122","実行に移しやすい助言","positive","原則に従った整ったフィードバック","フィードバック基準や基本構造への準拠","AI","Well-structured feedback that adheres to principles","Adherence to the feedback criteria and structure","Advice that is easy to put into practice","- AI_23_152:毎日の記録をおこなっていないのに、おこなっていると誤解してフィードバックしている点は改善すべきである。そのほかは実践的なフィードバックが多かった。","- AI_23_152:The point that the feedback was given under the misunderstanding that the daily record was being done when it was not should be improved. Other than that, there was a lot of practical feedback.","AI_23_152"
"AI-133","改善点の例示","positive","原則に従った整ったフィードバック","フィードバック基準や基本構造への準拠","AI","Well-structured feedback that adheres to principles","Adherence to the feedback criteria and structure","example of improvement","- AI_16_044:詳細にフィードバックされている印象。具体例も合わせて分かりやすく記載されている点が良い。行替えを適切に行うとより見やすくなると考える。","- AI_16_044:The impression is that the feedback is detailed. The fact that it is written in an easy-to-understand way, with specific examples, is good. I think it would be easier to read if the lines were broken up appropriately.","AI_16_044"
"AI-136","数値を使った具体的な目標の提案","positive","原則に従った整ったフィードバック","フィードバック基準や基本構造への準拠","AI","Well-structured feedback that adheres to principles","Adherence to the feedback criteria and structure","Suggesting specific goals using numerical values","- AI_23_149:「素晴らしい仕事でした！」や「〜フィードバックを提供します。」という表現は、英語和訳的表現であり、日本語として不自然に感じた。また、「低ナトリウム血症関連論文を5本読む」というのは、理系の「1週間に論文100本読め」といったラボのDutyのようで非常に面白い提案だと思った。","- AI_23_149:Expressions such as “Great job!” and “I will provide feedback.” are English-Japanese translation-like expressions, and I felt that they were unnatural as Japanese. Also, “Read five papers related to hyponatremia” is a very interesting suggestion, as it is like a lab duty in the sciences, such as “read 100 papers a week.”","AI_23_149"
"AI-155","目標の具体化のための助言","positive","経験を言語化する支援","連続性と一貫性","AI","Support for verbalizing experiences","Continuity and consistency","Advice for making the goal more specific","- AI_06_043:具体的な振り返りについての評価がなされている。
- AI_06_044:丁寧にフィードバックしていて具体的な改善方法が提案されている。しかし、フィードバックのポイントがずれている印象がある。
- AI_06_045:学習者の傾向もつかみ、具体的な改善案が提案されている。
- AI_06_046:丁寧なフィードバックで具体的に提案をしている。
- AI_07_054:この症例も毎日記録をしていないと判断しています。このログからのみ判断するのにあたり、毎日記録をしていないと判断された根拠がわかりません。constructiveなfeedbackとしては具体的でかなりよいfeedbackと考えます。","- AI_06_043:There is evaluation of the specific reflection.
- AI_06_044:Feedback is given carefully, and specific methods for improvement are proposed. However, there is the impression that the points of feedback are off.
- AI_06_045:The learner's tendencies are also grasped, and specific improvement proposals are made.
- AI_06_046:The feedback is detailed and specific.
- AI_07_054:I also judge that this case does not have a daily record. When judging only from this log, I cannot understand the basis for judging that there is no daily record. I think this is a very good constructive feedback, as it is specific.","AI_06_043, AI_06_044, AI_06_045, AI_06_046, AI_07_054"
"AI-162","経験からの内省を促す補助","positive","経験を言語化する支援","連続性と一貫性","AI","Support for verbalizing experiences","Continuity and consistency","assistance in encouraging self-reflection based on experience","- AI_13_155:毎日の記録をつけていないが、毎日の記録をつけている点を評価していて違和感を感じる。日々の実習の中から、経験したこと内容をより深く考え内省を促すフィードバックをしている。患者さんとの接し方について問題として挙げている事には言及がないのでフィードバックが必要。","- AI_13_155:Although the learner does not keep a daily record, the fact that they do keep a daily record is evaluated, and this feels strange. The feedback encourages the learner to think more deeply about the content of their daily practical work and to reflect on it. There is no mention of the issue of how to interact with patients, so feedback is needed.","AI_13_155"
"AI-163","経験の具体化支援","positive","経験を言語化する支援","連続性と一貫性","AI","Support for verbalizing experiences","Continuity and consistency","Support for making experiences concrete","- AI_18_070:どの患者さんからそれを学んだかは重要ではないので、学んだことを具体的に記述するようアドバイスするのは良いですが、どの患者さんの症例を通して学んだかを書くようにアドバイスするのはズレていると思います。","- AI_18_070:It's fine to advise them to write about what they learned in concrete terms, but I think it's off-base to advise them to write about which patient's case they learned from.","AI_18_070"
"AI-164","経験を具体化する補助","positive","経験を言語化する支援","連続性と一貫性","AI","Support for verbalizing experiences","Continuity and consistency","assistance in concretizing experience","- AI_13_155:毎日の記録をつけていないが、毎日の記録をつけている点を評価していて違和感を感じる。日々の実習の中から、経験したこと内容をより深く考え内省を促すフィードバックをしている。患者さんとの接し方について問題として挙げている事には言及がないのでフィードバックが必要。
- AI_13_160:正論を記載しているが、学習者もそのように記載することが良いとは認識しつつも実習をこなすためだけに消極的に記載しているように映るので、ややお節介に感じる学習者もいるのではないか。良い点：学習記録の正しい付け方や深め方についてフィードバックしている。改善点：学習態度への言及がないこと。","- AI_13_155:Although the learner does not keep a daily record, the fact that they do keep a daily record is evaluated, and this feels strange. The feedback encourages the learner to think more deeply about the content of their daily practical work and to reflect on it. There is no mention of the issue of how to interact with patients, so feedback is needed.
- AI_13_160:Although the comments are correct, some learners may feel that the comments are a little too involved, as they seem to be written in a way that is only intended to get the learner to complete the practical training, even though the learner is aware that it is good to write in that way. Good points: Feedback on how to correctly keep a learning record and deepen learning. Points for improvement: There is no mention of the learner's attitude.","AI_13_155, AI_13_160"
"AI-165","経験を深める補助","positive","経験を言語化する支援","連続性と一貫性","AI","Support for verbalizing experiences","Continuity and consistency","assistance in deepening experience","- AI_13_158:翻訳されたような違和感のある言葉遣い。基盤を作成している、道標など。記録の書き方、深め方に対するフィードバックがあり良い。実際の手術に対する言及はない、また手術の役割や手順となると手術記録になるので今回の実習記録からは少しピントが外れる印象がある。実習態度に対するフィードバックもないので改善が必要。","- AI_13_158:The wording feels like it has been translated. The way the foundation is created, the signposts, etc. There is good feedback on how to record and deepen the information. There is no mention of the actual surgery, and when it comes to the role and procedure of the surgery, it becomes a surgical record, so there is the impression that the focus is a little off from the record of this practical training. There is no feedback on the attitude of the practical training, so improvement is needed.","AI_13_158"
"AI-166","経験を言語化する補助","positive","経験を言語化する支援","連続性と一貫性","AI","Support for verbalizing experiences","Continuity and consistency","assistance in verbalizing experience","- AI_13_158:翻訳されたような違和感のある言葉遣い。基盤を作成している、道標など。記録の書き方、深め方に対するフィードバックがあり良い。実際の手術に対する言及はない、また手術の役割や手順となると手術記録になるので今回の実習記録からは少しピントが外れる印象がある。実習態度に対するフィードバックもないので改善が必要。","- AI_13_158:The wording feels like it has been translated. The way the foundation is created, the signposts, etc. There is good feedback on how to record and deepen the information. There is no mention of the actual surgery, and when it comes to the role and procedure of the surgery, it becomes a surgical record, so there is the impression that the focus is a little off from the record of this practical training. There is no feedback on the attitude of the practical training, so improvement is needed.","AI_13_158"
"AI-168","経験記録の具体化の補助","positive","経験を言語化する支援","連続性と一貫性","AI","Support for verbalizing experiences","Continuity and consistency","Assistance with making the experience record more concrete","- AI_23_157:「栄養の増やし方」を「ミルクの追加方法などに具体化するとよい」と記載してくるAIはすごいなと思いました。きめ細やかな小児科の指導医の先生ならありえるように感じられました。","- AI_23_157:I thought it was amazing that the AI would write “It would be good to be more specific about how to increase nutrition, such as by adding milk”. It felt like something a detailed pediatrician teaching doctor might say.","AI_23_157"
"AI-182","記載に関する的確な助言","positive","経験を言語化する支援","連続性と一貫性","AI","Support for verbalizing experiences","Continuity and consistency","Precise advice regarding the description","- AI_10_105:この医学生の記載を出発点として考えた場合、的確なフィードバックが行われている。","- AI_10_105:If we consider this medical student's description as a starting point, then accurate feedback is being given.","AI_10_105"
"AI-183","記載に関する端的な指摘","positive","経験を言語化する支援","連続性と一貫性","AI","Support for verbalizing experiences","Continuity and consistency","Concise points regarding the description","- AI_14_008:実習内容に対してのフィードバックがないので、実習で今後何を改善したらよいのかはわからないが、実習記録の書き方についてはかけている点が端的に指摘されていてわかりやすい。","- AI_14_008:As there is no feedback on the content of the practical training, it is not clear what should be improved in the practical training in the future, but the points that are lacking in the way the practical training is recorded are clearly pointed out, and it is easy to understand.","AI_14_008"
"AI-195","記載内容に関する十分なフィードバック","positive","経験を言語化する支援","連続性と一貫性","AI","Support for verbalizing experiences","Continuity and consistency","Sufficient feedback regarding the content of the description","- AI_10_110:意図したかどうか分からないが、フィードバックのポイントを詳細なプロセスを記載することに絞ったのは、この事例では優先順位づけとして適切であったと考える。
- AI_10_112:この学習記録へのフィードバックとしては適切である。","- AI_10_110:I don't know whether this was intentional or not, but I think that focusing on describing the detailed process of the feedback points was appropriate as a priority in this case.
- AI_10_112:This is appropriate as feedback on the learning record.","AI_10_110, AI_10_112"
"AI-206","記述の具体化のためのフィードバック","positive","経験を言語化する支援","連続性と一貫性","AI","Support for verbalizing experiences","Continuity and consistency","Feedback for making descriptions more concrete","- AI_05_025:偶然と思われるが、今回はほぼ同じポイント(BLSに関する記載の具体的な内容)をどちらのフィードバックでも求めている。より支援的な記載となっている。","- AI_05_025:It seems to be a coincidence, but in this case, the same points (the specific content of the description regarding BLS) are requested in both feedbacks. The description is more supportive.","AI_05_025"
"AI-207","記述の具体化のための助言","positive","経験を言語化する支援","連続性と一貫性","AI","Support for verbalizing experiences","Continuity and consistency","advice for making the description more specific","- AI_06_046:丁寧なフィードバックで具体的に提案をしている。","- AI_06_046:The feedback is detailed and specific.","AI_06_046"
"AI-208","記述の改善を促す具体的な助言","positive","経験を言語化する支援","連続性と一貫性","AI","Support for verbalizing experiences","Continuity and consistency","Specific advice to improve the description","- AI_06_041:記述に関して具体的な改善のためのフィードバックをしている。","- AI_06_041:Feedback is given on the description to make specific improvements.","AI_06_041"
"AI-209","記述を読み込んだ上でのコメント","positive","記載内容を網羅的に検討した上でのフィードバック","連続性と一貫性","AI","Feedback based on a comprehensive review of the recorded content","Continuity and consistency","Comment based on reading the description","- AI_05_034:改善点：具体的に書くというアドバイスしかしていない。良い点：内容を踏まえたコメントにはなっている。","- AI_05_034:Improvement points: The only advice given is to write more specifically. Good points: The comments are based on the content.","AI_05_034"
"AI-210","記録に即した助言","positive","記載内容を網羅的に検討した上でのフィードバック","連続性と一貫性","AI","Feedback based on a comprehensive review of the recorded content","Continuity and consistency","Advice that is in line with the record","- AI_15_028:実習記録に即した丁寧なフィードバックである印象。学生記録の優れた点を抽出し、言及している点がよいと感じる。一方で、特定の日・項目においてのみ不足している項目にややこだわりすぎたフィードバックであると感じる点は改善すべきと考える。
- AI_15_030:実習記録の不足に対して丁寧に指導を与えるフィードバックである。具体的な改善案を示しつつ、しっかりと記載を行うよう勧めている点がよいと感じる。
- AI_15_031:実習記録に即したフィードバックである印象。実習記録の改善すべき点について、具体例を挙げつつ詳細に言及している点がよいと感じる。
- AI_15_032:実習記録に即したフィードバックである印象。定型的ではあるが、支援的な言葉も多く含まれている点が良いと感じる。","- AI_15_028:The impression is that this is polite feedback that is in line with the practical training records. I think it is good that the points that are excellent in the student records are extracted and mentioned. On the other hand, I think that the feedback should be improved in the sense that it is a little too focused on the items that are lacking only on specific days and items.
- AI_15_030:This is feedback that gives careful guidance in response to the lack of practical training records. I think it is good that it gives specific suggestions for improvement and encourages the student to write clearly.
- AI_15_031:The impression is that the feedback is tailored to the clinical clerkship logs. I think it is good that the points that need to be improved in the clinical practice record are mentioned in detail, with specific examples given.
- AI_15_032:The impression is that the feedback is tailored to the clinical practice record. I think it is good that, although it is formulaic, it also contains a lot of supportive language.","AI_15_028, AI_15_030, AI_15_031, AI_15_032"
"AI-211","記録に基づいた助言","positive","記載内容を網羅的に検討した上でのフィードバック","連続性と一貫性","AI","Feedback based on a comprehensive review of the recorded content","Continuity and consistency","advice based on records","- AI_21_117:印象としては、記録をしっかりみてフィードバックをしてくれている印象。評価すべき点、よかった点を先に述べてから、改善点を指摘している点が、受け手の学生側の立場として改善点を受け入れやすく、良い点だと感じた。また、指摘している内容とその改善点も非常に具体的で、行動に移しやすい点も良いと感じた。改善点は、学生の実習のあり方としての指摘が主で、医学的、臨床的な内容へのフィードバックがない点。","- AI_21_117:My impression is that the feedback is given after the record has been carefully examined. The fact that the points that should be evaluated and the good points are mentioned first, and then the points for improvement are pointed out, makes it easier for the student to accept the points for improvement, and I think that is a good thing. I also think that the points for improvement and the content of the points for improvement are very specific, and that makes it easier to take action. The main points for improvement are suggestions for how the students' practical training should be carried out, and there is no feedback on medical or clinical content.","AI_21_117"
"AI-212","記録に対する具体的な助言","positive","経験を言語化する支援","連続性と一貫性","AI","Support for verbalizing experiences","Continuity and consistency","concrete advice on the record","- AI_16_035:学生が記載した記録に対して具体的かつ明示的にフィードバックしている印象である一方、少し機会的に感じる。学生が挙げた課題をうまくまとめて改善案も示唆している点が良い。一方、フィード爆の内容が一般的な内容にとどまっている印象がある。実習中の態度や教員が気がついた点などを指摘する内容になればより良くなると考える。","- AI_16_035:While it gives specific and explicit feedback on the records written by the students, it feels a little opportunistic. It is good that it summarizes the issues raised by the students and suggests improvement plans. On the other hand, it feels like the feedback is limited to general content. I think it would be better if it pointed out things like the students' attitudes during the practical training and things the teachers noticed.","AI_16_035"
"AI-213","記録に対する詳細な助言","positive","経験を言語化する支援","連続性と一貫性","AI","Support for verbalizing experiences","Continuity and consistency","Detailed advice on the record","- AI_16_039:記録について細かくフィードバックしている印象。実習の具体的な内容に関するフィードバックはあまりしていないように感じる。記録の記載に関して具体的に指摘し、どのように改善するのが適当か指摘している点は良い。一方で医学的な指摘は薄いと感じるため、学生が認識できていない点を示唆するような内容になるとより良い。
- AI_16_048:学生の記録内容について詳細にフィードバックされている印象。具体例も含めて分かりやすくフィードバックされている点が評価できる。一方で医学的な指摘がほとんど見られないように感じる。どのような所見に注目したり、どのように学んだりすれば良いかアドバイスが得られるとさらに良い。","- AI_16_039:The impression is that detailed feedback is given on the records. It seems that not much feedback is given on the specific content of the practical training. It is good that specific points are pointed out regarding the entries in the records and how they can be improved. On the other hand, it seems that there is little medical-related feedback, so it would be better if the content suggested points that the students are not aware of.
- AI_16_048:The impression is that the student's record is being given detailed feedback. The fact that the feedback is given in an easy-to-understand way, including specific examples, is commendable. On the other hand, it seems that there are hardly any medical points raised. It would be even better if advice was given on what points to focus on and how to learn.","AI_16_039, AI_16_048"
"AI-214","記録の仕方に対する詳細な助言","positive","経験を言語化する支援","連続性と一貫性","AI","Support for verbalizing experiences","Continuity and consistency","Detailed advice on how to record","- AI_20_101:具体的な実習の内容に言及されていないが、記録に関する修正点は細かく記載されている。記録の書き方は上手くなりそう。","- AI_20_101:Although the specific content of the practice is not mentioned, the points for revision regarding the record are detailed. It seems like the way to write the record will improve.","AI_20_101"
"HU-004","みてもらっているという実感","positive","人間にみてもらえているという実感を呼び起こす記載","日本語としての品質","supervisor","Descriptions that evoke the feeling of being reviewed by a human","Quality of the Japanese language","feeling of being looked after","- SU_20_109:実習中に行なった内容にポジティブフィードバックがなされていて、個人を見て指導されていると感じる。今後の課題についても言及されると学びになると感じた。","- SU_20_109:The feedback is positive and it feels like the individual is being looked at and taught. I felt that it was educational to be referred to future issues.","SU_20_109"
"HU-019","共有経験に根ざしたフィードバック","positive","実習の状況を踏まえたフィードバック","連続性と一貫性","supervisor","Feedback that takes into account the practicum context","Continuity and consistency","feedback based on shared experiences","- SU_04_008:医学生と一緒に勤務をしていくという気持ちが伝わってくる内容です。良い点は上記と同様です。改善点は特にないです。","- SU_04_008:The content conveys the feeling of working together with medical students. The good points are the same as above. There are no points for improvement.","SU_04_008"
"HU-028","医学専門家の観点からの助言","positive","専門家としての観点","臨床家としての観点","supervisor","Expert perspective","Perspective as a clinician","Advice from the perspective of a medical expert","- SU_14_004:病院で見た、病気の中身について具体的にフィードバックされていて、何に気をつけたら良いのかがわかりやすい。改善点がないのでどこを改善したら良いのかはわかりにくい。","- SU_14_004:The feedback is specific and gives details about the content of the illness seen in the hospital, so it is easy to understand what you need to be careful about. As there are no points for improvement, it is difficult to know where to make improvements.","SU_14_004"
"HU-035","医学的な誤りの指摘","positive","専門家としての観点","臨床家としての観点","supervisor","Expert perspective","Perspective as a clinician","Pointing out medical errors","- SU_06_037:記載間違いを指摘しており、医学的知識を正しく教授している。具体的な改善案は提示されていない。","- SU_06_037:It points out errors in writing and correctly teaches medical knowledge. It does not provide specific suggestions for improvement.","SU_06_037"
"HU-037","医学的な重要事項の取り上げ","positive","専門家としての観点","臨床家としての観点","supervisor","Expert perspective","Perspective as a clinician","Addressing important medical issues","- SU_09_091:数はすくないですが印象的で重要な内容についての課題を提案していてわかりやすいと思います","- SU_09_091:Although there are only a few, I think the feedback is easy to understand as it proposes issues related to important and impressive content.","SU_09_091"
"HU-038","医学的事項の指摘","positive","専門家としての観点","臨床家としての観点","supervisor","Expert perspective","Perspective as a clinician","Suggestions for medical matters","- SU_16_037:医学的に重要な指摘を含んでおり学習になる内容だと思うが、指摘の量が不足しており文章の書き方も少々不親切に感じる。医学知識の認識違いを指摘している点で勉強になるが、指摘が医学的内容に終始しており、学生にとっては今後の取り組みの改善につながる指摘が欲しい。
- SU_16_051:医学的に詳細なフィードバックがされているが、硬い印象を受ける。医学的に重要な点を詳細にフィードバックしている点は良いが、表現が少々指示的な印象を受ける。","- SU_16_037:I think the content is educational, as it includes important medical points, but the amount of points is insufficient, and the way the text is written feels a little unfriendly. It is educational in that it points out misunderstandings of medical knowledge, but the points are limited to medical content, and I would like the points to lead to improvements in future approaches for students.
- SU_16_051:The feedback is detailed and medically accurate, but it comes across as a bit stiff. The feedback is detailed and medically accurate, but the wording is a bit directive.","SU_16_037, SU_16_051"
"HU-039","医学的知識に関する助言","positive","専門家としての観点","臨床家としての観点","supervisor","Expert perspective","Perspective as a clinician","Lack of advice on medical knowledge","- SU_14_016:復習の際の医学的問題点の指摘と改善点を示している。文章を毎日書くといった改善点は示していない。
- SU_19_088:診察や問診で意識するべき点について言及されており、学生が今後の行動目標を明確にするうえで役に立つと思う。ただ、学生が記録すべき「基準」についての言及は少ない。","- SU_14_016:It points out medical problems and points for improvement when reviewing. It does not indicate points for improvement such as writing every day.
- SU_19_088:It mentions the points that should be kept in mind during medical examinations and consultations, and I think it will be useful for students to clarify their future goals. However, there is little mention of the ‘criteria’ that students should record.","SU_14_016, SU_19_088"
"HU-040","医学的知識の助言","positive","専門家としての観点","臨床家としての観点","supervisor","Expert perspective","Perspective as a clinician","Medical knowledge advice","- SU_17_058:知識面でのフィードバックでもらえるため学習に役立つ。","- SU_17_058:I can get feedback on my knowledge, so it is useful for my studies.","SU_17_058"
"HU-041","医学的知識の提示","positive","専門家としての観点","臨床家としての観点","supervisor","Expert perspective","Perspective as a clinician","Presentation of medical knowledge","- SU_19_097:学生の記録や臨床実習の基準に言及したフィードバックは少ない。ただ、診察に役立つ疾患の知識が共有されており、学生にとって有用なフィードバックだと思う。また、今後の実習における希望を尋ねる文言もあり、学生の主体的な参加を促すものになり得ると感じた。","- SU_19_097:There is little feedback that refers to the student's records or the standards for clinical practice. However, the knowledge of diseases that is useful for diagnosis is shared, and I think this is useful feedback for students. There is also a phrase that asks about hopes for future practice, and I felt that this could encourage students to take an active part.","SU_19_097"
"HU-042","医学的知識の補足","positive","専門家としての観点","臨床家としての観点","supervisor","Expert perspective","Perspective as a clinician","Supplementary medical knowledge","- SU_18_076:学生の記述に対して改善点を指摘するというよりかは、学習のための情報を補足しているという印象を受けました。それはそれでアリだと思います。","- SU_18_076:Rather than pointing out areas for improvement in the student's writing, I got the impression that the advice was more about supplementing information for learning. I think that's fine.","SU_18_076"
"HU-046","医療者としての経験からの助言","positive","専門家としての観点","臨床家としての観点","supervisor","Expert perspective","Perspective as a clinician","Lack of advice based on experience as a medical professional","- SU_15_018:学生の記載を踏まえた丁寧なフィードバックである印象。具体的な医療行為・医療機器の使用方法についての確認を促している点が、実臨床においても役立つことを見据えたフィードバックとしてよいと感じた。学生は、手技や発表技術など、具体的な技術に関して繰り返し言及しており、そのような点に対しても具体的なフィードバックがあると更によいと思う。","- SU_15_018:The impression is that it is careful feedback based on the student's comments. The fact that it encourages the student to check the specific medical procedures and how to use medical equipment is good as it is feedback that takes into account that this will also be useful in actual clinical practice. The student repeatedly mentions specific techniques such as procedures and presentation skills, so it would be even better if there was specific feedback on these points too.","SU_15_018"
"HU-047","取り組みやすいアドバイス","positive","実習の状況を踏まえたフィードバック","連続性と一貫性","supervisor","Feedback that takes into account the practicum context","Continuity and consistency","advice that is easy to put into practice","- SU_08_080:アドバイスは端的で取り組みやすいように感じる。医学生の良かった点も1つで良いので記載してあげるとより良いと思う。","- SU_08_080:The advice is concise and easy to take on board. I think it would be better if you could also mention one good point about the medical student.","SU_08_080"
"HU-177","臨床の状況に基づいた助言","positive","実習の状況を踏まえたフィードバック","連続性と一貫性","supervisor","Feedback that takes into account the practicum context","Continuity and consistency","Advice based on the situation in the clinical setting","- SU_17_062:医学部生の記載には無かった補足情報をフィードバックで教えてくれてためになる。","- SU_17_062:The feedback was useful because it gave me supplementary information that wasn't included in the medical student's description.","SU_17_062"
"HU-178","臨床実習の経験に基づく所見","positive","実習の状況を踏まえたフィードバック","連続性と一貫性","supervisor","Feedback that takes into account the practicum context","Continuity and consistency","Findings based on clinical practice experience","- SU_23_157:「淡々と行っていた様子であった」というのは、このフィードバックからは読み取れない、指導医ならではの意見であると思いました。","- SU_23_157:I thought that ‘it seemed like he was going about things in a calm and collected way’ was an opinion that only a supervising doctor could give, and that it couldn't be read from this feedback.","SU_23_157"
"HU-179","臨床家としてのコメント","positive","専門家としての観点","臨床家としての観点","supervisor","Expert perspective","Perspective as a clinician","comments from a clinician","- SU_13_152:学習者の経験したことに焦点を絞って、適切にフィードバックしている。その症例のより実践的な所見の解釈や、症例の診察以外の疾患転帰に関わるコミュニケーションの問題を提起している。学習者のレポート自体の改善ポイントには触れていない。改善点はより良いレポートについての形成的なフィードバック","- SU_13_152:The report focuses on the learner's experience and provides appropriate feedback. It raises issues related to the communication of more practical findings and the outcome of the disease other than the examination of the case. It does not touch on the points for improvement in the learner's report itself. The points for improvement are formative feedback on a better report","SU_13_152"
"HU-180","臨床家としての視点からの助言","positive","専門家としての観点","臨床家としての観点","supervisor","Expert perspective","Perspective as a clinician","Advice from the perspective of a clinician","- SU_21_125:学生記録より、臨床での目線で学生が気づけていない視点（患者、家族とのコミニュケーション）を指摘し、振り返りを促している点が良かった。また、学生の実習態度について評価を肯定的に示している点も良かった。","- SU_21_125:I liked the fact that the student record pointed out aspects that the student had not noticed from a clinical perspective (communication with patients and their families), and encouraged them to reflect on this. I also liked the fact that it gave a positive evaluation of the student's attitude during the practical training.","SU_21_125"
"HU-182","臨床的な状況に即した記述","positive","実習の状況を踏まえたフィードバック","連続性と一貫性","supervisor","Feedback that takes into account the practicum context","Continuity and consistency","Descriptions based on clinical situations","- SU_18_075:学生が記録すべき「基準」に基づいて記載をしているかの言及はありませんが、アドバイス自体は実臨床に即した有効なものだと思います。
- SU_18_080:学生が記録すべき「基準」に基づいて記載をしているかの言及はありませんが、アドバイスは実臨床に即した実用的なものだと思います。","- SU_18_075:There is no mention of whether the students are writing based on the “criteria” they should be recording, but I think that the advice itself is effective and relevant to real clinical practice.
- SU_18_080:Although there is no mention of whether the student's writing is based on the ‘criteria’ that they should be recording, I think the advice is practical and in line with real clinical practice.","SU_18_075, SU_18_080"
"HU-183","臨床的な見地からの意見","positive","専門家としての観点","臨床家としての観点","supervisor","Expert perspective","Perspective as a clinician","Opinion from a clinical perspective","- SU_11_132:臨床的な難しさ、間違いやすさへの言及は支持的で良いと思う。神経診察、の一言で終わらせている記録について、少し掘り下げても良いと思った。","- SU_11_132:I think it's good that the comments are supportive and refer to clinical difficulties and the ease of making mistakes. I thought it would be good to delve a little deeper into the record, which ends with the single phrase ‘neurological examination’.","SU_11_132"
"HU-184","臨床的な観点からの助言","positive","専門家としての観点","臨床家としての観点","supervisor","Expert perspective","Perspective as a clinician","Advice from a clinical perspective","- SU_23_150:臨床医からでなければ伝えられないであろう、”おうちに帰る”という長期的視点を喚起するアドバイスを加えつつ、不足している学習内容・課題・目標の記載を進める記載をしている。しかしfeedback1ほどの具体性はなく、学生が聞き流してしまうようにも感じられる。
- SU_23_152:臨床的視点から、所見の経時的変化と入院に伴う不安という２ポイントを抽出してフィードバックしていて、学生のプロフェッショナリズムが喚起されたのではと予想する。","- SU_23_150:The feedback includes advice that would only be conveyed by a clinician, such as the long-term perspective of ‘going home’, and also includes a description of the learning content, issues and goals that are lacking. However, it is not as specific as feedback 1, and it seems as though the student may just gloss over it.
- SU_23_152:From a clinical perspective, I think the feedback focused on two points: the change in the patient's condition over time and the anxiety associated with being in hospital, and I think this helped to stimulate the student's professionalism.","SU_23_150, SU_23_152"
"HU-185","臨床的意義の提示","positive","専門家としての観点","臨床家としての観点","supervisor","Expert perspective","Perspective as a clinician"," lack of presentation of clinical significance","- SU_16_039:学生の取り組むべき課題として将来につながる指摘をしているが、やや抽象的に感じる。臨床における経験も含めて学習項目として脊髄の高位診断を学ぶことの重要性を分かりやすく示せている。一方で具体的にどのような学習を行えば良いかという指摘が不足しているため、より具体的な指摘が欲しい。","- SU_16_039:The points made are suggestions for the student to work on that will lead to future improvement, but they feel a little abstract. The importance of learning high-level spinal cord diagnosis as a learning item, including clinical experience, is clearly shown. On the other hand, there is a lack of specific suggestions for what kind of learning should be done, so I would like more specific suggestions.","SU_16_039"
"HU-186","自然な表現","positive","自然な表現","日本語としての品質","supervisor","Natural expressions","Quality of the Japanese language","Natural expressions","- SU_18_079:アドバイスが的確かつ自然で、非常に良いと思います。","- SU_18_079:I think the advice is very good, accurate and natural.","SU_18_079"
"HU-212","記述内容を医学的に深める記述","positive","専門家としての観点","臨床家としての観点","supervisor","Expert perspective","Perspective as a clinician","Deepening the description medically","- SU_07_061:逆に、学生が詳細に記述した点に対してより学びを深めるためのいいfeedbackであると思います。ただし、判定基準から照らし合わせてこの記録の場合他の日の記録が少ないことを指摘すべきだと思いますがそれがありません。","- SU_07_061:On the contrary, I think it is good feedback that helps students to deepen their learning by providing detailed feedback on their descriptions. However, in light of the assessment criteria, I think it should point out that there are few records for other days, but it does not do so.","SU_07_061"
"AI-003","エスケープシーケンスの混入","negative","不十分な出力品質","日本語としての品質","AI","Insufficient output quality","Quality of the Japanese language","Inclusion of escape sequences","- AI_18_083:アドバイスは悪くないと思います。ただ、文章が機械的なのと、謎の衍字が気になります。","- AI_18_083:I don't think the advice is bad. However, I am concerned about the mechanical nature of the writing and the mysterious extra characters.","AI_18_083"
"AI-012","マークダウン書式の混入","negative","不十分な出力品質","日本語としての品質","AI","Insufficient output quality","Quality of the Japanese language","Inclusion of markdown formatting","- AI_08_083:内容は良いが、段落分けの部分がバグ？文字化け？ありやや読みにくかった。","- AI_08_083:Although the content is good, the part where it is divided into paragraphs is a bit difficult to read because of a bug or character corruption.","AI_08_083"
"AI-013","一般常識を踏まえない助言","negative","不十分な出力品質","日本語としての品質","AI","Insufficient output quality","Quality of the Japanese language","advice that does not take into account common sense","- AI_15_029:学生記録を踏まえてはいるものの、細かい部分で不適切な点が目立つフィードバックである印象。生成AIではしばしば言及されている課題であるが、一般常識が欠けているため、1月8日は祝日であるがそれを踏まえず「4日間しか記録がない」との指摘をしてしまっている。また、膠原病内科領域における関節の触診においては、関節液貯留よりも関節の圧痛・自発痛あるいは関節可動域制限の有無に焦点を当てるべきと考えるが、関節の診察の例として「関節液貯留の触診の方法」のみを挙げており、診療科の特性を踏まえれば不適切なフィードバックである。","- AI_15_029:Although the feedback is based on the student's record, it is feedback that stands out for its inappropriate points in the details. This is an issue that is often mentioned in generated AI, but because it lacks common sense, it points out that “there are only four days of records” without taking into account the fact that January 8th is a public holiday. Also, when examining joints in the field of rheumatology, I think that the focus should be on the presence or absence of joint tenderness, spontaneous pain, or limited range of motion, rather than joint fluid retention, but the only example given for examining joints is “how to examine for joint fluid retention”, which is inappropriate feedback given the characteristics of the department.","AI_15_029"
"AI-014","一貫性のない指摘","negative","不十分な出力品質","日本語としての品質","AI","Insufficient output quality","Quality of the Japanese language","Inconsistent points","- AI_14_012:７では患者さんの背景知識を書くべきという指摘がないので、同じように丁寧に書かれている文章でも指摘する内容が変化していると感じた。一貫性があってもよいのかなと感じた。","- AI_14_012:In point 7, there is no indication that the patient's background knowledge should be written, so I felt that the content of the points to be made was changing even though the sentences were written in the same careful way. I felt that consistency would be good.","AI_14_012"
"AI-016","不十分な状況付与からの正確性の低下","negative","実習の状況が分からないことによる限界","連続性と一貫性","AI","Limitations due to lack of understanding of the practicum context","Continuity and consistency","Decrease in accuracy from insufficient contextualization","- AI_10_104:記録がない日＝実習がない日、という印象を与えるフィードバック。この正否は当方では理解できないが、正確でない可能性がある。その他の改善点についてはよく書けている。","- AI_10_104:The feedback gives the impression that days without records = days without practice. We cannot understand the correctness or otherwise of this, but it is possible that it is not accurate. The other points for improvement are well written.","AI_10_104"
"AI-019","不明確な助言","negative","不十分な出力品質","日本語としての品質","AI","Insufficient output quality","Quality of the Japanese language","Vague advice","- AI_22_134:提案が少しわかりにくい。具体例を明確に示してほしい。","- AI_22_134:The suggestions are a little difficult to understand. I would like you to clearly indicate specific examples.","AI_22_134"
"AI-020","不正確な助言","negative","不十分な出力品質","日本語としての品質","AI","Insufficient output quality","Quality of the Japanese language","Inaccurate advice","- AI_19_091:2日分しか記録がないように思うので、「連日記録を行っている点は非常に素晴らしいです。」というフィードバックは正確でないように感じる。学生記録を具体的に記載するようにという指摘とともに、どのような観点で記載すればよいのかを具体例とともに指摘しており、学生の助けとなると思う。
- AI_19_097:『筋疾患では問診が重要』と学生記載を要約し、それに対して「どの瞬間でその学びが具体化されたのかを記載してみてください」とアドバイスがされている。しかし、この学びは講義で得たもので実際の患者を前に得た学びではないように思うし、問診が重要である理由も記載されているので、アドバイスが少し不正確なように感じる。
- AI_23_152:毎日の記録をおこなっていないのに、おこなっていると誤解してフィードバックしている点は改善すべきである。そのほかは実践的なフィードバックが多かった。","- AI_19_091:As it seems that there are only two days' worth of records, I feel that the feedback “It is very good that you are keeping a record every day” is not accurate. Along with the suggestion that the student's record should be written in more detail, the feedback also gives specific examples of what kind of perspective should be taken when writing the record, which I think will be helpful for the student.
- AI_19_097:The student's summary of the lecture, “In my opinion, the medical interview is important for muscular diseases”, is followed by the advice, “Please try to describe at what point you learned this”. However, I think this learning was gained from the lecture and not from being in front of a real patient, and the reason why the medical interview is important is also described, so I feel that the advice is a little imprecise.
- AI_23_152:The point that the feedback was given under the misunderstanding that the daily record was being done when it was not should be improved. Other than that, there was a lot of practical feedback.","AI_19_091, AI_19_097, AI_23_152"
"AI-021","不正確な解釈","negative","不十分な出力品質","日本語としての品質","AI","Insufficient output quality","Quality of the Japanese language","Inaccurate interpretation","- AI_13_152:「毎日の記録を丁寧に」と記載があるが、１日分の記録しかなく、フィードバックとしては大袈裟な印象を与え、機械的な印象を受ける。実習内容の記載をより詳細に正確に書くというフィードバックは的確である。改善点は実習態度について触れる。
- AI_13_153:学習者の挙げた問題点に対してコメントしている。一方、着眼点の3/26-29の学習記録がないことへの指摘は場合によっては、カリキュラムとして、実習日ではない可能性や欠席したことを言及していないだけの可能性があり、的外れなコメントとなる可能性がある。病状説明についての場の設定ということも、学習者の課題設定自体が抽象的であり、指導者と学習者の間で同じ実際の面談現場を経験しているかどうかでフィードバックの精度が変わると感じた。
- AI_13_155:毎日の記録をつけていないが、毎日の記録をつけている点を評価していて違和感を感じる。日々の実習の中から、経験したこと内容をより深く考え内省を促すフィードバックをしている。患者さんとの接し方について問題として挙げている事には言及がないのでフィードバックが必要。
- AI_13_157:言葉遣いが翻訳されているような不自然な印象がある。「好ましいスタートです。」など。記録方法についてのフィードバックに終始している。毎日つけることを強化しているが、連休中などの場合は記載できな現実とのギャップがあり、不自然になる。患者リストは詳細に書かれていると記載しているが特に詳細に書かれているわけではないと思うので違和感を感じる。","- AI_13_152:The comment “Carefully record your daily activities” is a little over the top and seems mechanical, as it only refers to a single day's worth of activities. The feedback about writing more detailed and accurate descriptions of the practical training content is accurate. The points for improvement mention the attitude of the trainee.
- AI_13_153:The instructor comments on the problems raised by the learner. On the other hand, the comment about the lack of a record of learning for 3/26-29 may be off the mark in some cases, as it may be that the day was not a training day as part of the curriculum, or that the learner simply did not mention that they were absent. The setting of the scene for explaining the patient's condition is also abstract, and I felt that the accuracy of the feedback would depend on whether the instructor and learner had experienced the same actual interview situation.
- AI_13_155:Although the learner does not keep a daily record, the fact that they do keep a daily record is evaluated, and this feels strange. The feedback encourages the learner to think more deeply about the content of their daily practical work and to reflect on it. There is no mention of the issue of how to interact with patients, so feedback is needed.
- AI_13_157:The wording gives the impression of being translated, and seems unnatural. For example, “It's a good start.” The feedback is limited to how to record things. Although the aim is to record things every day, there is a gap between this and reality, such as during consecutive holidays, and this makes it unnatural. The patient list is written in detail, but I don't think it is written in particularly detailed fashion, so I feel a sense of incongruity.","AI_13_152, AI_13_153, AI_13_155, AI_13_157"
"AI-022","不自然な口調","negative","不十分な出力品質","日本語としての品質","AI","Insufficient output quality","Quality of the Japanese language","unnatural tone","- AI_13_149:良い点：具体的なレポートの改善点が述べられている。学習を進めていく道筋を示している。改善点：テンションが高すぎる印象。「素晴らしい仕事」は言い過ぎな様子で、研修医側もレポート提出業務をこなすためだけの記載にも見えるので。若干空気の読めない違和感のように感じる。それでいて正論でフィードバックしている。これが、AI生成だとすると、指導医の普段のキャラクターとのギャップがあるのではと感じた。そこに機械的な違和感、人工的な「不気味の谷」的な違和感を感じるかもしれない。あと、もしかしたら指導医と研修医の間で共有されていて、研修医のレポートに記載されていない文脈があるかもしれない。
- AI_13_154:実習事項しか記載していない学習者に対して、支持的にフィードバックをしている。レポートを評価基準を達成するために必要な内容について的確に指示している。仮にこれがAIだとすると、feedback2の人とのテンションに差があり、機械的な印象を感じてしまうかもしれない。
- AI_13_156:記録を元に機械的なフィードバックに感じる。改善点の指摘が毎日が記載や発表の準備などに触れているが全体的な学習者の記録を見ていると基本的には達成できているので、ややくどい指摘に感じる。条文など英語からの訳語的な印象を与える。
- AI_13_157:言葉遣いが翻訳されているような不自然な印象がある。「好ましいスタートです。」など。記録方法についてのフィードバックに終始している。毎日つけることを強化しているが、連休中などの場合は記載できな現実とのギャップがあり、不自然になる。患者リストは詳細に書かれていると記載しているが特に詳細に書かれているわけではないと思うので違和感を感じる。
- AI_13_159:文章が機械的で翻訳調に感じる。良い点を述べた後の正しいくつか改善点が考えられます。という表現。指導医というより文章、論文対策の赤ペン先生。やや重箱の隅を突くような、ピントのズレたフィードバックに感じる。良い点は、実習記録の承認。改善点は、実習態度の評価の追加。
- AI_13_162:テンションが高い印象。良い点：記録の付け方や、深め方などを具体的に記載している。改善点：不自然な文脈。実習記録の初日なのかは不明。文脈としてはズレている可能性あり。
- AI_13_164:きちんと学習記録がついているためツッコミどころが少なくフィードバックが逆に抽象的になっている印象。基盤という言葉の使い方が翻訳調の印象。自然には土台などの言葉を使うかな。良い点：記録の精度を上げるフィードバックが記載されてる。改善点：学習態度などへの言及。
- AI_16_042:記載内容について詳細にフィードバックされている印象。具体例を示し分かりやすくフィードバックされている点が良い。一方で表現が少し機械的である点をもっと自然な表現に改善できるとより良いと感じる。
- AI_16_043:具体的で分かりやすいフィードバック。学生がすぐに実行できるフィードバックになっている点が良い。一方で記載に一部不自然な点があることや、中長期的なフィードバックが少ない点が残念。
- AI_16_045:記載内容について具体的にフィードバックできている。記録の不記載などを適切に指摘できている点が良い。改善策も具体的に示されている。一方で記載に不自然な箇所があるため、より自然な記述になると良い。
- AI_16_046:多少機械的だが、学生の記録の改善につながる内容が指摘されている印象。具体的に例示しながら改善案を示している点が良い。表現が多少機械的で、記載方法などに終始しているため、学生が気がついていない課題を指摘するような内容が記載できるとより良いと感じる。
- AI_16_049:学生記録の内容に対して詳細にフィードバックしているが、少々記載が不自然な印象。具体例とともに改善点を指摘している点は良いが、日付などの表現が少々回りくどいため、もっと自然な表現になると読みやすくなると考える。
- AI_17_068:「良い点を強調したいと思います」などｍいかにもchatGPT が書いた文章。似たようなフィードバックが続くと嫌になりそう。","- AI_13_149:Good points: The specific points for improvement in the report are stated. The path for advancing learning is indicated. Points for improvement: The tone seems too high-handed. It seems like “great work” is being overstated, and it also seems like the resident is just writing what they need to in order to get the report submitted. It feels a little like they can't read the situation. And yet, it is giving feedback based on sound reasoning. If this is AI-generated, I felt that there might be a gap between the character of the supervising doctor in their normal life. There might be a mechanical sense of incongruity, an artificial “uncanny valley”-like sense of incongruity. Also, there might be a context that is shared between the supervising doctor and the resident, but is not included in the resident's report.
- AI_13_154:The feedback is supportive for the learner, who has only written about the practical matters. The report is accurately instructed on the content necessary to achieve the evaluation criteria. If this were an AI, there would be a difference in the tone of feedback2, and it might feel mechanical.
- AI_13_156:The feedback seems mechanical, based on the records. The points for improvement are mentioned in the daily entries and in the preparation for the presentation, etc., but when looking at the overall learner's records, they have basically been achieved, so the feedback seems a little excessive. The wording gives the impression of being a translation from English.
- AI_13_157:The wording gives the impression of being translated, and seems unnatural. For example, “It's a good start.” The feedback is limited to how to record things. Although the aim is to record things every day, there is a gap between this and reality, such as during consecutive holidays, and this makes it unnatural. The patient list is written in detail, but I don't think it is written in particularly detailed fashion, so I feel a sense of incongruity.
- AI_13_159:The writing feels mechanical and like a translation. After mentioning the good points, there are some points that could be improved. The expression “rather than a supervising doctor, it is more like a red pen teacher for writing and academic papers. It feels like a bit of nitpicking, and the feedback is a bit off the mark. The good points are the approval of the practical training record. The points for improvement are the addition of an evaluation of the attitude during the practical training.
- AI_13_162:The impression is that the tone is high. Good points: The way to keep a record and how to deepen learning are described in detail. Improvement points: The context is unnatural. It is unclear whether it is the first day of the practical training record. There is a possibility that it is out of context.
- AI_13_164:Because the learning records are kept properly, there are few things to point out, and the feedback seems to be too abstract. The use of the word “foundation” gives the impression of a translation. I wonder if they would naturally use words like “foundation”. Points for improvement: The feedback mentions learning attitude, etc.
- AI_16_042:It is good that the feedback is detailed and specific. It is good that specific examples are given to make the feedback easy to understand. On the other hand, it would be better if the slightly mechanical expressions could be improved to make them more natural.
- AI_16_043:Concrete and easy-to-understand feedback. The fact that the feedback is something that students can put into practice straight away is good. On the other hand, it is a shame that some of the descriptions are unnatural and there is not much medium- to long-term feedback.
- AI_16_045:The feedback is specific about the content of the description. The fact that it is able to point out things like omissions in the records appropriately is good. It also gives specific suggestions for improvement. On the other hand, there are some unnatural parts in the description, so it would be better if it were written in a more natural way.
- AI_16_046:Although it is a little mechanical, I get the impression that the content points out things that will lead to improvements in the students' records. I think it is good that it gives specific examples and shows improvement plans. The expressions are a little mechanical, and it is all about how to write things, so I think it would be better if it included content that points out issues that the students are not aware of.
- AI_16_049:The impression is that the feedback is detailed, but the writing is a little unnatural. The fact that the points for improvement are given with specific examples is good, but the expressions, such as the dates, are a little roundabout, so it would be easier to read if the expressions were more natural.
- AI_17_068:Sentences like “I would like to emphasize the good points” are very typical of chatGPT's writing. I think I would get tired of receiving similar feedback.","AI_13_149, AI_13_154, AI_13_156, AI_13_157, AI_13_159, AI_13_162, AI_13_164, AI_16_042, AI_16_043, AI_16_045, AI_16_046, AI_16_049, AI_17_068"
"AI-023","不自然な日本語","negative","不十分な出力品質","日本語としての品質","AI","Insufficient output quality","Quality of the Japanese language","Unnatural Japanese","- AI_05_032:細かく改善点を挙げている点が評価できる。一方で提案内容が、「すべての日をカバーするよう心がけましょう」と何をすべきか曖昧であったり（おそらく毎日記録を書けという意味だと思うが）、プレゼンの技術向上のために文献を2つ読む　などややピントがずれているように感じる。
- AI_09_094:具体的なＦＢがされていますが、記載方法についてのＦＢという感じになっています。また最後の「元気をだしてください」はやや適切ではないように思います
- AI_10_102:「学びと記録を兼ね備えた実習」という言葉の意図は理解できるが、日本語としては不自然である。
- AI_14_011:素晴らしい仕事という表現は引っかかるが、他は簡単な改善点が具体的に示されている。
- AI_14_015:お疲れさまでした！あなたの記録は全体的に詳細かつ具体的で、注意深く観察していることがよく分かります。という前置きはクッションとしてはいいが、毎実習書かれているとくどいように感じる。
- AI_18_076:良いと思います。全体的に、もう少し自然な日本語になると良いですね。
- AI_18_080:日本語が不自然なのは気になりますが、アドバイスの内容としては悪くないと思います。
- AI_19_088:復習の目標設定として、使用する教材や学習時間を決めるとよいという指摘はもっともだと思うが、「MRIの解析を実行する」という表現は機械らしさがあるように思う。「頭部MRIの正常像と疾患ごとの画像所見について、○○を用いて学習し、実際の患者の画像と比較する」というような表現は生成できないのだろうか。
- AI_23_149:「素晴らしい仕事でした！」や「〜フィードバックを提供します。」という表現は、英語和訳的表現であり、日本語として不自然に感じた。また、「低ナトリウム血症関連論文を5本読む」というのは、理系の「1週間に論文100本読め」といったラボのDutyのようで非常に面白い提案だと思った。","- AI_05_032:The fact that the points for improvement are detailed is commendable. On the other hand, the suggestions seem a little off the mark, such as “Try to cover all days” (I think this probably means to write a record every day), or “Read two documents to improve your presentation skills”, etc.
- AI_09_094:The feedback is specific, but it seems to be more about how to write the portfolio. Also, the last comment, “Please cheer up,” seems a little inappropriate
- AI_10_102:The intention of the phrase “practical training that combines learning and recording” is understandable, but it is unnatural as Japanese.
- AI_14_011:The expression “excellent work” is a bit of a turn-off, but the other points for improvement are clearly indicated.
- AI_14_015:Thank you for your hard work! Your record is detailed and specific overall, and it is clear that you are carefully observing. The preface is good as a cushion, but if it is written in every practice book, it feels like it is too wordy.
- AI_18_076:I think it's good. Overall, I think it would be better if the Japanese were a little more natural.
- AI_18_080:Although I am concerned about the unnatural Japanese, I don't think the advice is bad.
- AI_19_088:I think the suggestion that it would be good to decide on the teaching materials to be used and the study time as the goal for review is reasonable, but I think the expression “run MRI analysis” is a bit mechanical. Is it not possible to generate a phrase like “Learn about the normal images of head MRI and the imaging findings for each disease using ○○, and compare them with images of actual patients”?
- AI_23_149:Expressions such as “Great job!” and “I will provide feedback.” are English-Japanese translation-like expressions, and I felt that they were unnatural as Japanese. Also, “Read five papers related to hyponatremia” is a very interesting suggestion, as it is like a lab duty in the sciences, such as “read 100 papers a week.”","AI_05_032, AI_09_094, AI_10_102, AI_14_011, AI_14_015, AI_18_076, AI_18_080, AI_19_088, AI_23_149"
"AI-027","不適格な言語","negative","不十分な出力品質","日本語としての品質","AI","Insufficient output quality","Quality of the Japanese language","Inappropriate language","- AI_10_108:概ね支持的で的確ですが、初めの'commendable'という単語が、「称賛に値する」というやや上からのニュアンスが感じられる単語で、TOEIC 800点(または英検準1級)レベルという、やや学習者にアンフレンドリーな印象です。もう少し学習者に寄り添う言葉を使ってほしいと思いました。","- AI_10_108:Although generally supportive and accurate, the word 'commendable' at the beginning has a slightly patronizing nuance, and the TOEIC 800-point (or EIKEN Pre-1st Grade) level gives the impression of being a little unfriendly to the learner. I thought it would be better if the language used was a little more learner-friendly.","AI_10_108"
"AI-030","事実と異なる記載の混在","negative","不十分な出力品質","日本語としての品質","AI","Insufficient output quality","Quality of the Japanese language","Mix of descriptions that differ from the facts","- AI_05_033:5/9も（十分ではないが）記録はあるにも関わらずに5/9の日記が空白となっているなど、事実と異なる記載がある。悪性胸腺腫に対するアドバイスも具体的なようであまり中身がない。ただし学生の記録をよく読みこんだうえでコメントしている。
- AI_06_036:具体的なフィードバックをしている。毎日の記録になっているかどうかは不明であるのに、記載していることとして高く評価している。
- AI_07_053:良いところの具体例が最初に上げられていることはよいと思います。「毎日きちんと記録をつけており」と記載しながら「記載がない日もあるので」と論理が破綻しています。私が見た限りは日付は連続しているため、これはfeedbackが正しいことを言っていないと判断しました。個々のセグメントでは問題なくてもトータルで文章を見たとき違和感が残ります。
- AI_07_054:この症例も毎日記録をしていないと判断しています。このログからのみ判断するのにあたり、毎日記録をしていないと判断された根拠がわかりません。constructiveなfeedbackとしては具体的でかなりよいfeedbackと考えます。","- AI_05_033:There are also some entries that are not true, such as the fact that the diary for May 9th is blank, even though there is a record (albeit not a full one). The advice given for malignant thymoma also seems specific but is not very substantial. However, the comments are based on a careful reading of the student's record.
- AI_06_036:The feedback is specific. It is unclear whether the student is recording their daily activities, but the fact that they are recording them is highly evaluated.
- AI_07_053:I think it is good that specific examples of what is good are given at the beginning. The logic breaks down when it says “I keep a record every day” but then says “there are days when there is no record”. As far as I can see, the dates are consecutive, so I judged that this feedback was not correct. Even if there are no problems with each individual segment, there is still a sense of discomfort when looking at the text as a whole.
- AI_07_054:I also judge that this case does not have a daily record. When judging only from this log, I cannot understand the basis for judging that there is no daily record. I think this is a very good constructive feedback, as it is specific.","AI_05_033, AI_06_036, AI_07_053, AI_07_054"
"AI-038","優先付けのずれ","negative","実習の状況が分からないことによる限界","連続性と一貫性","AI","Limitations due to lack of understanding of the practicum context","Continuity and consistency","Misplaced priorities","- AI_07_064:よくできていると思いますが、この記録は項目は記載されていますが具体例かけています。そのことによりfocusを強力に絞った方が学生に伝わるのではないかと思います。記載内容は詳細で細かいので、何を学んだのかのみ詳細にすればすごくよくなる記録なのでそこにもっとfocusを絞ったfeedbackが有効と思います。","- AI_07_064:I think it's well-written, but although the items are listed, there are no specific examples. I think that if you focus on this, it will be easier for the students to understand. The content is detailed and specific, so if you just focus on what was learned in detail, it will be a very good record, so I think that more focused feedback would be effective.","AI_07_064"
"AI-041","具体例への非好意的な反応","negative","学生の好みとの不一致","フィードバック基準や基本構造への準拠","AI","Mismatch with student preferences","Adherence to the feedback criteria and structure","unfavorable reaction to specific examples","- AI_20_115:内容の薄い記録に対して、誉めつつも記録の基準を満たせるようにフィードバックを行なっていると感じる。改訂の提案は具体的な文としない方が良いと考える。","- AI_20_115:I felt that the feedback was given in a way that praised the record, but also emphasized the need to meet the criteria for the record, even though the record was thin on content. I think it would be better if the suggestions for revision were not given in specific sentences.","AI_20_115"
"AI-046","具体性に関する基準の不明確さ","negative","実習の状況が分からないことによる限界","連続性と一貫性","AI","Limitations due to lack of understanding of the practicum context","Continuity and consistency","Unclear standards regarding specificity","- AI_07_055:feedbackの体裁はなしています。ただし、治療内容やその効果に関しては学生は具体的に記載していると考えますが記載していないと指摘しており読むと少し混乱します。","- AI_07_055:It is in the form of feedback. However, I think that the student has described the treatment content and its effects in detail, but it is pointed out that they have not been described, and it is a little confusing when reading it.","AI_07_055"
"AI-048","具体性の不足","negative","実習の状況が分からないことによる限界","連続性と一貫性","AI","Limitations due to lack of understanding of the practicum context","Continuity and consistency","Lack of concreteness","- AI_22_136:具体例が具体性にかける","- AI_22_136:The specific examples lack concreteness","AI_22_136"
"AI-049","具体性の乏しさ","negative","実習の状況が分からないことによる限界","連続性と一貫性","AI","Limitations due to lack of understanding of the practicum context","Continuity and consistency","Lack of specificity","- AI_04_008:フィードバックの長さはあるが、具体性がない印象です。良い点は画像検査について学習を促している点です。改善点は具体性がない点です。","- AI_04_008:The feedback is long, but the impression is that it lacks concreteness. The good points are that it encourages learning about imaging tests. The points that need improvement are that it lacks concreteness.","AI_04_008"
"AI-050","具体性の欠如","negative","実習の状況が分からないことによる限界","連続性と一貫性","AI","Limitations due to lack of understanding of the practicum context","Continuity and consistency","lack of specificity","- AI_06_040:実習記録についてのフィードバックが行われている。詳細に記述を推奨しているが、どの部分が足りないのか漠然としていて不明瞭である。","- AI_06_040:Feedback is given on the practical training record. Although the learner is encouraged to write in detail, it is unclear which parts are lacking.","AI_06_040"
"AI-060","冗長な表現","negative","冗長すぎる表現","文章量","AI","Overly verbose expressions","Text length","Redundant expressions","- AI_23_155:やや冗長で細かな記載の要求に終始していると感じました。もちろん熟読すれば納得はしますが、学生にとってパッとみて要点がわかるフィードバックの方が嬉しいと思います。","- AI_23_155:I felt that the feedback was somewhat verbose and required detailed descriptions. Of course, if you read it carefully, you will understand, but I think that students would be happier with feedback that they can understand the main points of at a glance.","AI_23_155"
"AI-064","医学的な事項への助言の欠如","negative","専門家としての観点の欠如","臨床家としての観点","AI","Lack of expert perspective","Perspective as a clinician","Lack of advice on medical matters","- AI_06_049:評価基準について触れて具体的なフィードバックがなされている。臨床医としての指導コメントがあると良い。
- AI_06_051:記載についてはフィードバックがなされている。医学的な判断等については特に指摘がない。","- AI_06_049:The feedback is specific, referring to the evaluation criteria. It would be good to have some guidance comments from the clinician.
- AI_06_051:The feedback on the description is thorough. There are no particular points raised about medical judgments, etc.","AI_06_049, AI_06_051"
"AI-065","医学的な内容への言及欠失","negative","専門家としての観点の欠如","臨床家としての観点","AI","Lack of expert perspective","Perspective as a clinician","Lack of reference to medical content","- AI_21_117:印象としては、記録をしっかりみてフィードバックをしてくれている印象。評価すべき点、よかった点を先に述べてから、改善点を指摘している点が、受け手の学生側の立場として改善点を受け入れやすく、良い点だと感じた。また、指摘している内容とその改善点も非常に具体的で、行動に移しやすい点も良いと感じた。改善点は、学生の実習のあり方としての指摘が主で、医学的、臨床的な内容へのフィードバックがない点。","- AI_21_117:My impression is that the feedback is given after the record has been carefully examined. The fact that the points that should be evaluated and the good points are mentioned first, and then the points for improvement are pointed out, makes it easier for the student to accept the points for improvement, and I think that is a good thing. I also think that the points for improvement and the content of the points for improvement are very specific, and that makes it easier to take action. The main points for improvement are suggestions for how the students' practical training should be carried out, and there is no feedback on medical or clinical content.","AI_21_117"
"AI-066","医学的な内容を避けた助言","negative","専門家としての観点の欠如","臨床家としての観点","AI","Lack of expert perspective","Perspective as a clinician","Advice avoiding medical content","- AI_10_107:概ね具体的なフィードバックが行われている。しかし、手技に関しては手技の手順そのものではなく、指導教官とのやり取りの提案をするに留まっている。","- AI_10_107:In general, specific feedback is given. However, with regard to the techniques, it only proposes interaction with the supervisor, rather than the actual procedure of the technique itself.","AI_10_107"
"AI-067","医学的な目標の無視","negative","専門家としての観点の欠如","臨床家としての観点","AI","Lack of expert perspective","Perspective as a clinician","Ignoring medical goals","- AI_12_139:具体的に詳細なフィードバックだが、学生がしようと思っている課題を無視したような書き方になっている点が気になった。","- AI_12_139:The feedback is specific and detailed, but I was concerned that it seemed to ignore the tasks the student was planning to do.","AI_12_139"
"AI-068","医学的な視点の欠失","negative","専門家としての観点の欠如","臨床家としての観点","AI","Lack of expert perspective","Perspective as a clinician","lack of medical perspective","- AI_21_118:学生の実習における、学習態度や学習方法についての記述が主である。学生の実習の取り組み方の改善や学習効率の向上につながると思われるが、医学的、臨床的な視点でのフィードバックが不足しているように思われる。
- AI_21_119:学生を褒めるような言葉が多く、有効的に使用されている点が良い。改善点としては、臨床的な視点のフィードバックがある方が良い。
- AI_21_121:学生の記録をもとにしたフィードバックである。基本的に学生記録の記載の仕方などの向上により学生の学習を向上させる趣旨のフィードバックである。臨床的な視点からのフィードバックや知識の提示、学習のアドバイスがあると良い。
- AI_21_122:学生が求められている「基準」に基づいた評価を行っている。臨床的側面のフィードバックが乏しいように感じられる。
- AI_21_123:学生に求められる「基準」に基づいたフィードバックがなされている印象であった。学生記録の記載の仕方に関する指摘が主であり、臨床的なフィードバックが不足している。
- AI_21_124:学生記録の取り方に関するフィードバックが主である。「基準」に基づいた指摘を行っている。臨床的な知識や視点からの指摘が乏しい。","- AI_21_118:The main points are descriptions of the students' learning attitudes and methods during practical training. This is thought to lead to improvements in the way the students approach practical training and improvements in learning efficiency, but there seems to be a lack of feedback from a medical or clinical perspective.
- AI_21_119:There are many words of praise for the students, and this is good as it is used effectively. As points for improvement, it would be better if there was feedback from a clinical perspective.
- AI_21_121:The feedback is based on the students' records. Basically, the feedback is intended to improve the students' learning by improving how they write in their records. It would be good to have feedback and knowledge presented from a clinical perspective, as well as learning advice.
- AI_21_122:The evaluation is based on the “criteria” required of the students. It seems that there is a lack of feedback from a clinical perspective.
- AI_21_123:The impression was that feedback was being given based on the “criteria” required of students. The main points were comments on how to fill in the student records, and there was a lack of clinical feedback.
- AI_21_124:The main points were comments on how to fill in the student records. The comments were based on the “criteria”. There was a lack of comments from a clinical knowledge or perspective.","AI_21_118, AI_21_119, AI_21_121, AI_21_122, AI_21_123, AI_21_124"
"AI-069","医学的な視点の欠如","negative","専門家としての観点の欠如","臨床家としての観点","AI","Lack of expert perspective","Perspective as a clinician","lack of a medical perspective","- AI_21_127:学生記録の記載内容を改善することで学生の学習を促している。学生の記録内容からのみのフィードバックになっており、直接的に関連する医学的知識や視点の提示があると良い。
- AI_21_128:学生記録の記載の改善やそれを通しての学びを促すフィードバックが主である。具体的に臨床的な内容、知識を提示したり、指針を示す内容が加わるとよい。
- AI_21_129:学生記録の記載の改善やそれを通しての学びを促すフィードバックが主である。具体例を出しながら改善点を示している点は良かった。具体的に臨床的な内容、知識を提示したり、指針を示す内容が加わるとよい。
- AI_21_130:学生記録の記載の改善やそれを通しての学びを促すフィードバックが主である。学生の良い点を明確に示して評価している点が良い。具体的に臨床的な内容、知識を提示したり、指針を示す内容が不足している。","- AI_21_127:The student's learning is encouraged by improving the content of the student records. The feedback is given based on the content of the student records, so it would be good if there was also some presentation of directly related medical knowledge and viewpoints.
- AI_21_128:The main points of the feedback are related to improving the content of the student records and encouraging learning through this. It would be good if there were also specific clinical content and knowledge presented, as well as content that provides guidelines.
- AI_21_129:The main focus is on improving the student records and providing feedback to encourage learning through this. It was good that specific examples were given to show areas for improvement. It would be good to add specific clinical content, knowledge, and guidance.
- AI_21_130:The main focus is on improving the student records and providing feedback to encourage learning through this. It was good that the student's good points were clearly shown and evaluated. There is a lack of specific clinical content, knowledge, and guidance.","AI_21_127, AI_21_128, AI_21_129, AI_21_130"
"AI-070","医学的な視点の欠損","negative","専門家としての観点の欠如","臨床家としての観点","AI","Lack of expert perspective","Perspective as a clinician","lack of medical perspective","- AI_16_037:記録の方法について具体的な改善策を指摘している一方で、記載内容について医学的な視点からのフィードバックは薄い印象。指示は具体的に項目も挙げてあり、分かりやすい。一方で医学的な知見からの指摘がほしい。
- AI_16_039:記録について細かくフィードバックしている印象。実習の具体的な内容に関するフィードバックはあまりしていないように感じる。記録の記載に関して具体的に指摘し、どのように改善するのが適当か指摘している点は良い。一方で医学的な指摘は薄いと感じるため、学生が認識できていない点を示唆するような内容になるとより良い。
- AI_16_040:記載内容に対して具体的にフィードバックがなされている印象。指摘が具体的で理解しやすい。一方で医学的な改善策について具体的な指摘が少ない。医学的な手技などに対する指摘が欲しい。
- AI_16_041:記載内容のフィードバックに終始しており、日々の取り組みに関する記載が少ない印象。記録の記載方法について具体的なフィードバックがなされている点が良い。一方で、発表の内容などを把握できないために、フィードバック内容が記載内容のみに終始してしまっている点が残念である。
- AI_16_048:学生の記録内容について詳細にフィードバックされている印象。具体例も含めて分かりやすくフィードバックされている点が評価できる。一方で医学的な指摘がほとんど見られないように感じる。どのような所見に注目したり、どのように学んだりすれば良いかアドバイスが得られるとさらに良い。
- AI_17_063:「具体的に書いて」というフィードバックではなく、医学的な補足知識がほしい。","- AI_16_037:While specific improvement measures are pointed out regarding the method of recording, there is a lack of feedback from a medical perspective regarding the content of the records. The instructions are specific and easy to understand. On the other hand, I would like to see points made from a medical perspective.
- AI_16_039:The impression is that detailed feedback is given on the records. It seems that not much feedback is given on the specific content of the practical training. It is good that specific points are pointed out regarding the entries in the records and how they can be improved. On the other hand, it seems that there is little medical-related feedback, so it would be better if the content suggested points that the students are not aware of.
- AI_16_040:The impression is that specific feedback is given on the content of the entries. The points are specific and easy to understand. On the other hand, there is little specific feedback on medical improvement measures. I would like to see feedback on medical techniques, etc.
- AI_16_041:The feedback is limited to the content of the description, and there is little mention of day-to-day efforts. It is good that specific feedback is given on how to record the information. On the other hand, it is a pity that the feedback is limited to the content of the description, as it is not possible to grasp the content of the presentation.
- AI_16_048:The impression is that the student's record is being given detailed feedback. The fact that the feedback is given in an easy-to-understand way, including specific examples, is commendable. On the other hand, it seems that there are hardly any medical points raised. It would be even better if advice was given on what points to focus on and how to learn.
- AI_17_063:I would like to have supplementary medical knowledge, rather than feedback that says “write in more detail”.","AI_16_037, AI_16_039, AI_16_040, AI_16_041, AI_16_048, AI_17_063"
"AI-071","医学的な誤りの見逃し","negative","専門家としての観点の欠如","臨床家としての観点","AI","Lack of expert perspective","Perspective as a clinician","Failure to spot medical errors","- AI_11_120:「脈不正」や「ホルダー心電図」という誤字を指摘していない。記録の記載内容に即したフィードバックであるが、心電図の撮り方などは教わることになっていた内容だったのだろうか？実習内容次第では「そんなことできなかったのに」という反発を受けることになりそう。カリキュラム上はやることになっていたのかもしれないが。
- AI_11_121:「蘇生解除」という誤字を指摘していない。無難に次の課題を指摘している。feedback1と比較して、感情的な記載はなく、よく言えば正確、普通に言えば事務的、悪く言えば平板。平均点・正解を基準に置いて、そこから劣る部分の指摘は十分にしているな、と思った。","- AI_11_120:The reviewer did not point out the errors in the words “pulse irregularity” and “electrocardiogram holder”. The feedback was in line with the content of the record, but was the content of the ECG taking, etc. something that was supposed to be taught? Depending on the content of the practical training, it seems that there may be a backlash of “I couldn't do that”. Maybe it was supposed to be done on the curriculum.
- AI_11_121:The reviewer did not point out the typo “resuscitation cancellation”. They pointed out the next task in a safe way. Compared to feedback1, there was no emotional description, and to put it nicely, it was accurate, to put it normally, it was businesslike, and to put it badly, it was flat. I thought that they had set the average score and correct answers as the standard and had sufficiently pointed out the inferior parts from there.","AI_11_120, AI_11_121"
"AI-072","医学的内容の理解不十分","negative","専門家としての観点の欠如","臨床家としての観点","AI","Lack of expert perspective","Perspective as a clinician","Inadequate understanding of medical content","- AI_10_113:血糖値の時系列記載から、インスリン投与後の血糖値の変化を読み取れないのは、フィードバックを行う側の限界を示唆している。体調管理を見直すきっかけが、今回のフィードバックの対象かどうかは検討の余地がある。","- AI_10_113:The fact that the change in blood sugar levels after insulin administration cannot be read from the chronological description of blood sugar levels suggests the limitations of the person giving the feedback. There is room for consideration as to whether the feedback is intended to be a trigger for reviewing physical condition management.","AI_10_113"
"AI-073","医学的専門性の欠失","negative","専門家としての観点の欠如","臨床家としての観点","AI","Lack of expert perspective","Perspective as a clinician","lack of medical expertise","- AI_15_021:実習記録に対して丁寧なフィードバックがなされている印象。具体的な改善案を提案している点はよいと感じるが、低血糖の治療の適応基準や治療根拠が（他の内容と比較して）それほど重要な点とは思えず、医学的な知識が欠落した指摘をしているように感じる。","- AI_15_021:The impression is that the feedback is very detailed and thorough. I think it is good that specific improvement suggestions are being made, but I don't think that the criteria for treatment of hypoglycemia and the rationale for treatment are that important (compared to the other content), and I feel that the points being made lack medical knowledge.","AI_15_021"
"AI-074","医学的知識に基づかない助言","negative","専門家としての観点の欠如","臨床家としての観点","AI","Lack of expert perspective","Perspective as a clinician","Advice that is not based on medical knowledge","- AI_22_143:具体例として示されているのが、あまり医学的専門性に基づいていないアイデアである","- AI_22_143:The specific examples given are ideas that are not based on much medical expertise","AI_22_143"
"AI-075","医学的知識の欠損","negative","専門家としての観点の欠如","臨床家としての観点","AI","Lack of expert perspective","Perspective as a clinician","lack of medical knowledge","- AI_15_024:一見して丁寧であるが、よく読むと粗雑なフィードバックである。胸腔鏡カメラの使い方、運針など比較的些末な点に固執し、さらにその具体的なフィードバックにおいては正確な知識を欠いている。","- AI_15_024:At first glance, it seems polite, but on closer inspection, it is crude feedback. It is fixated on relatively trivial points such as the use of thoracoscopic cameras and needlework, and furthermore, the specific feedback lacks accurate knowledge.","AI_15_024"
"AI-076","医学的知識を踏まえない助言","negative","専門家としての観点の欠如","臨床家としての観点","AI","Lack of expert perspective","Perspective as a clinician","advice that does not take into account medical knowledge","- AI_18_071:いきなり記録の欠点を指摘するのは支援的とは言えないと思います。具体的な議論内容や手技について記載するようにアドバイスするのは良いですが、「レビー小体型認知症で反射亢進したり不随運動をきたすのか調べる」という今後の課題に対して、「具体的な機序や臨床症状の例を挙げるとよいでしょう」というアドバイスは頓珍漢だと思いました。
- AI_19_100:記録に沿ったフィードバックがなされており、具体性のある指摘もされている。ただ、「動脈採血の手技をする」という記載に対して、改善例として挙げられている「具体的な動脈に対する採血を練習する機会を増やす」といった具体例は、やや不自然だと思う。","- AI_18_071:I don't think it's supportive to point out the flaws in the record straight away. It's good to advise them to include specific details of the discussion and techniques, but I thought the advice to “give specific examples of the mechanisms and clinical symptoms” in response to the future issue of “investigating whether patients with dementia with Lewy bodies have hyperreflexia or dyskinesia” was a bit off the mark.
- AI_19_100:Feedback is given in line with the record, and specific points are also raised. However, I think that the specific example given as an improvement for the entry “perform arterial blood collection techniques” - “increase opportunities to practice blood collection from specific arteries” - is a little unnatural.","AI_18_071, AI_19_100"
"AI-077","医師としての視点の欠如","negative","専門家としての観点の欠如","臨床家としての観点","AI","Lack of expert perspective","Perspective as a clinician","Lack of a doctor's perspective","- AI_06_050:記録についてのフィードバックがなされている。しかし、改善案や取り組むべきことについては、外科医の観点ではない。","- AI_06_050:The feedback on the record is thorough, but the suggestions for improvement and things to work on are not from the surgeon's perspective.","AI_06_050"
"AI-078","医療に関する指摘の欠損","negative","専門家としての観点の欠如","臨床家としての観点","AI","Lack of expert perspective","Perspective as a clinician","lack of points related to medical care","- AI_16_036:学生の記録内容にの不足している点を明確に指摘しており、改善に役立つ内容となっている印象。具体的にどのように改善する必要があるかわかりやすく例示している点が良い。一方で診察技能に関する具体的な指摘は少なく、より具体的な指摘が欲しい。","- AI_16_036:The points that are lacking in the students' records are clearly pointed out, and the content is useful for improvement. The fact that it clearly shows how improvements need to be made is good. On the other hand, there are few specific points made about examination skills, and I would like to see more specific points.","AI_16_036"
"AI-079","十分な記載に対するとってつけた助言","negative","記載内容に依存したフィードバック品質のぶれ","連続性と一貫性","AI","Variability in feedback quality depending on the content recorded","Continuity and consistency","Advice that is not sufficiently tailored to the content of the description","- AI_11_125:とても優秀な学生さんに思えるので、フィードバックを返す方も困るように思える。若干とってつけたようなないように感じた。素直にベタ褒めするだけで良いフィードバックではないかな？","- AI_11_125:As the student seems to be very good, it seems that the person giving the feedback would have some difficulty. It felt a little like it was just tacked on. I think good feedback is just straightforward praise.","AI_11_125"
"AI-083","型にはまった文章","negative","学生の好みとの不一致","フィードバック基準や基本構造への準拠","AI","Mismatch with student preferences","Adherence to the feedback criteria and structure","Sentences that are too formulaic","- AI_18_078:フィードバックの内容は良いですが、文章が特定の構文に則っており、自然でないと感じました。","- AI_18_078:The feedback is good, but I felt that the sentences were written in a particular way and were not natural.","AI_18_078"
"AI-086","多すぎる指摘項目","negative","冗長すぎる表現","文章量","AI","Overly verbose expressions","Text length","too many points raised","- AI_16_047:単に改善点を指摘するだけでなく、理由も含めて論理的に記載されている印象。根拠も含めて改善点を指摘している点が良い。一方で指摘内容が多いため、最後に内容を要約した記載があるとより分かりやすくなると考える","- AI_16_047:I get the impression that it not only points out areas for improvement, but also includes reasons and is written in a logical way. I think it is good that it points out areas for improvement, including the reasons. On the other hand, because there are so many points, I think it would be easier to understand if there was a summary of the content at the end.","AI_16_047"
"AI-101","実習での行動に対する言及の欠失","negative","実習の状況が分からないことによる限界","連続性と一貫性","AI","Limitations due to lack of understanding of the practicum context","Continuity and consistency","lack of reference to actions during the practical training","- AI_14_008:実習内容に対してのフィードバックがないので、実習で今後何を改善したらよいのかはわからないが、実習記録の書き方についてはかけている点が端的に指摘されていてわかりやすい。","- AI_14_008:As there is no feedback on the content of the practical training, it is not clear what should be improved in the practical training in the future, but the points that are lacking in the way the practical training is recorded are clearly pointed out, and it is easy to understand.","AI_14_008"
"AI-102","実習での行動に対する言及の欠損","negative","実習の状況が分からないことによる限界","連続性と一貫性","AI","Limitations due to lack of understanding of the practicum context","Continuity and consistency","Lack of reference to behavior in practical training","- AI_20_114:補足情報としてstage IIを足すことがより具体的な理解を増すのか理解が難しかった。記録についてのフィードバックが主であるので、実習の行動についてのフィードバックがあると良いと感じる。","- AI_20_114:It was difficult to understand whether adding stage II as supplementary information would increase understanding. As the feedback was mainly about the record, I felt that it would be better if there was feedback about the behavior during the practice.","AI_20_114"
"AI-103","実習での行動に対する言及欠失","negative","実習の状況が分からないことによる限界","連続性と一貫性","AI","Limitations due to lack of understanding of the practicum context","Continuity and consistency","missing reference to behavior in the practical training","- AI_19_089:学生の記載に対して丁寧な指摘がされているように感じた。学生の記載の仕方や内容に対するフィードバックが中心で、今後の実習でどのような行動をとるべきかという視点でのフィードバックは欠けていると思う。","- AI_19_089:I felt that the comments were very detailed and thorough. The feedback was mainly about how the students wrote their reports and the content of their reports, and I think it lacked feedback from the perspective of what kind of actions the students should take in future practical training.","AI_19_089"
"AI-104","実習に関する状況の理解不足","negative","実習の状況が分からないことによる限界","連続性と一貫性","AI","Limitations due to lack of understanding of the practicum context","Continuity and consistency","lack of understanding of the situation regarding the practical training","- AI_14_005:具体的な手技の名前を書いた方が良いといった改善点を示せている。改善点は手術の方法についての知識は文献というよりは指導医への質問や教科書で調べるものではないかと感じた。","- AI_14_005:The points for improvement suggest that it would be better to write the names of specific techniques. The points for improvement suggest that knowledge of surgical methods should be obtained by asking the supervising doctor or looking them up in a textbook, rather than from literature.","AI_14_005"
"AI-105","実習の状況を踏まえない助言","negative","実習の状況が分からないことによる限界","連続性と一貫性","AI","Limitations due to lack of understanding of the practicum context","Continuity and consistency","Advice that does not take into account the situation of the practice","- AI_15_026:学生記録の内容に沿ってはいるが、粗雑なフィードバックである印象。患者リストにおいて「自分なりの診断の考え」を書くとよい、と述べているが、これは「評価基準」に含まれていないものであり、また呼吸器外科という診療科の特性を踏まえても不適切な言及である。","- AI_15_026:The impression is that the feedback is crude, although it is in line with the content of the student record. It is stated that it would be good to write “one's own ideas on diagnosis” in the patient list, but this is not included in the “evaluation criteria”, and it is also an inappropriate reference in light of the characteristics of the department of respiratory surgery.","AI_15_026"
"AI-106","実習中の態度・行動への言及欠失","negative","実習の状況が分からないことによる限界","連続性と一貫性","AI","Limitations due to lack of understanding of the practicum context","Continuity and consistency","omission of reference to attitude and behavior during practical training","- AI_09_092:FBの書き方についてはよく指摘されていますが、あくまでポートフォリオの書き方のみであり、実際の実習中の態度や行動についてはFBできていませんでした
- AI_09_097:ポートフォリオ記載方法について具体的なFBがされています。ただし実習中の行動については限定的です。","- AI_09_092:The way to write FB is often pointed out, but it is only about how to write the portfolio, and it does not actually give feedback on the attitude and behavior during the practical training.
- AI_09_097:Specific feedback is given on how to write the portfolio. However, the feedback is limited to the student's behavior during the practical training.","AI_09_092, AI_09_097"
"AI-107","実習中の態度に対する視点の欠如","negative","実習の状況が分からないことによる限界","連続性と一貫性","AI","Limitations due to lack of understanding of the practicum context","Continuity and consistency","Lack of perspective on attitude during the practical training","- AI_11_122:記載のない日があることの指摘など、基準に則したフィードバックはなされていた。平均的、という感じ。実習態度などについての記載はなかった。
- AI_11_124:記録された内容について細かなフィードバックを返しており学習者にとっての課題は明確になっている。実習態度、実際の実習に対する他者評価は記載されていないので、その点は不足と考える。","- AI_11_122:The reviewer gave feedback in accordance with the standard, such as pointing out the fact that there were days without descriptions. It was an average-like review. There was no description about the attitude during the practical training.
- AI_11_124:Detailed feedback was given on the content recorded, so the issues for the learner were clear. As there was no description of the learner's attitude during the practical training or of the other people's evaluation of the actual practical training, I think this is a point that needs to be improved.","AI_11_122, AI_11_124"
"AI-108","実習中の態度の変化に対する視点の欠如","negative","実習の状況が分からないことによる限界","連続性と一貫性","AI","Limitations due to lack of understanding of the practicum context","Continuity and consistency","Lack of perspective on changes in attitude during the practical training","- AI_11_118:記録をもとに不足点についてアドバイスし、次の課題を明確に示している。一方でfeedback2で触れている、実際の実習での態度や実習の間の変化などには触れておらず、実習記録のみに対するフィードバックと感じられる","- AI_11_118:The instructor provides advice on the student's shortcomings based on the record and clearly indicates the next task. On the other hand, it does not mention the attitude during the actual training or any changes during the training, as mentioned in the feedback2, and it seems to be feedback only on the training record.","AI_11_118"
"AI-109","実習中の態度への指摘の欠損","negative","実習の状況が分からないことによる限界","連続性と一貫性","AI","Limitations due to lack of understanding of the practicum context","Continuity and consistency","Lack of pointing out of attitude during practice","- AI_16_035:学生が記載した記録に対して具体的かつ明示的にフィードバックしている印象である一方、少し機会的に感じる。学生が挙げた課題をうまくまとめて改善案も示唆している点が良い。一方、フィード爆の内容が一般的な内容にとどまっている印象がある。実習中の態度や教員が気がついた点などを指摘する内容になればより良くなると考える。","- AI_16_035:While it gives specific and explicit feedback on the records written by the students, it feels a little opportunistic. It is good that it summarizes the issues raised by the students and suggests improvement plans. On the other hand, it feels like the feedback is limited to general content. I think it would be better if it pointed out things like the students' attitudes during the practical training and things the teachers noticed.","AI_16_035"
"AI-110","実習中内容に対する視点の欠如","negative","実習の状況が分からないことによる限界","連続性と一貫性","AI","Limitations due to lack of understanding of the practicum context","Continuity and consistency","Lack of perspective on content during the practical training","- AI_11_124:記録された内容について細かなフィードバックを返しており学習者にとっての課題は明確になっている。実習態度、実際の実習に対する他者評価は記載されていないので、その点は不足と考える。","- AI_11_124:Detailed feedback was given on the content recorded, so the issues for the learner were clear. As there was no description of the learner's attitude during the practical training or of the other people's evaluation of the actual practical training, I think this is a point that needs to be improved.","AI_11_124"
"AI-111","実習全体のアウトカムを意識したフィードバックの欠如","negative","実習の状況が分からないことによる限界","連続性と一貫性","AI","Limitations due to lack of understanding of the practicum context","Continuity and consistency","lack of feedback considering the outcome of the entire training program","- AI_10_109:個々のフィードバックポイントは的確である。個々のポイントを通して、全体のアウトカムを意識したフィードバックも出来るとなお良いと思う。
- AI_10_114:医学生の記録のnext stepを具体的に示す点では非常に優れている。その結果として、実習全体のアウトカムを見据えたフィードバックが出来るとなお良くなると思う。
- AI_10_116:支持的な雰囲気、および医学生の記録のnext stepを示す点では優れている。診療科における目標を事前に与えておいて、それを基準点とした時の評価まで行えるとさらに良くなると考えられる。
- AI_11_117:評価基準を踏まえて一つ一つの記録に対しフィードバックコメントを返している。一方で全体を通しての評価・コメントは見られない。マイクロマネジメントの上手い指導医のコメント、だろうか。","- AI_10_109:The individual feedback points are accurate. I think it would be even better if the feedback also took into account the overall outcome through each of the points.
- AI_10_114:It is very good at specifically showing the next step in the medical student's record. As a result, I think it would be even better if the feedback could be given with an eye to the overall outcome of the practical training.
- AI_10_116:It is excellent in terms of creating a supportive atmosphere and indicating the next step for the medical student's record. It would be even better if the department could give the student a goal in advance and then evaluate the student based on that.
- AI_11_117:The instructor provides feedback comments for each record based on the evaluation criteria. However, there is no overall evaluation or comments. Perhaps this is the comment of a good micro-manager?","AI_10_109, AI_10_114, AI_10_116, AI_11_117"
"AI-112","実習内容との乖離","negative","実習の状況が分からないことによる限界","連続性と一貫性","AI","Limitations due to lack of understanding of the practicum context","Continuity and consistency","discrepancy with the content of the practical training","- AI_19_086:改善点が箇条書きで示されており、読みやすい。しかし、フィードバックの内容と、実際の実習内容とで若干の乖離があるように思える。救急患者に対するアプローチを学んだという旨の記載に対し、フィードバックは具体的なケースの記載を求めているが、実際に救急患者の対応をしているわけではないと思うので、難しいのではないかと思う。","- AI_19_086:The points for improvement are listed in bullet points, so it's easy to read. However, there seems to be a slight discrepancy between the feedback and the actual content of the practical training. In response to the statement that they have learned how to approach emergency patients, the feedback asks for a description of a specific case, but I don't think they are actually dealing with emergency patients, so I think it may be difficult.","AI_19_086"
"AI-113","実習内容に対する視点の欠如","negative","実習の状況が分からないことによる限界","連続性と一貫性","AI","Limitations due to lack of understanding of the practicum context","Continuity and consistency","lack of perspective on the content of the training","- AI_11_132:規定に則したフィードバックポイントに沿って評価している。臨床事実に即した実感がfeedback2にはあるのに対して、こちらにはそれがあまりない
- AI_12_135:ポートフォリオの書き方に関してのコメントは具体的でよいが、臨床実習としてのフィードバックがない点は改善したほうがいいと思う。","- AI_11_132:The evaluation is based on the feedback points in the regulations. There is a sense of reality in the feedback2 that is based on clinical facts, but this is not the case here.
- AI_12_135:The comments on how to write the portfolio are specific and good, but I think it would be better if there was feedback on the clinical practice.","AI_11_132, AI_12_135"
"AI-114","実習内容に対する視点の欠損","negative","実習の状況が分からないことによる限界","連続性と一貫性","AI","Limitations due to lack of understanding of the practicum context","Continuity and consistency","lack of perspective on the content of the practical training","- AI_16_039:記録について細かくフィードバックしている印象。実習の具体的な内容に関するフィードバックはあまりしていないように感じる。記録の記載に関して具体的に指摘し、どのように改善するのが適当か指摘している点は良い。一方で医学的な指摘は薄いと感じるため、学生が認識できていない点を示唆するような内容になるとより良い。","- AI_16_039:The impression is that detailed feedback is given on the records. It seems that not much feedback is given on the specific content of the practical training. It is good that specific points are pointed out regarding the entries in the records and how they can be improved. On the other hand, it seems that there is little medical-related feedback, so it would be better if the content suggested points that the students are not aware of.","AI_16_039"
"AI-115","実習内容に対する言及の欠損","negative","実習の状況が分からないことによる限界","連続性と一貫性","AI","Limitations due to lack of understanding of the practicum context","Continuity and consistency","lack of reference to practical training content","- AI_20_106:記録の書き方に着目して実習内容や学びに活かされないフィードバックだと感じる。
- AI_20_108:褒める点が抽象的で、多くが指示的な内容になっている。記録の書き方ではなく、実習に関連する内容のアドバイスがある方がよい。","- AI_20_106:I feel that the feedback is not focused on the way the record is written, and is not being used to improve the content of the practical training or learning.
- AI_20_108:The points that are praised are too abstract, and most of the content is directive. It would be better if there was advice on the content related to the practical training, rather than on how to write the record.","AI_20_106, AI_20_108"
"AI-116","実習内容の指摘の欠損","negative","実習の状況が分からないことによる限界","連続性と一貫性","AI","Limitations due to lack of understanding of the practicum context","Continuity and consistency","lack of pointing out of practical training content","- AI_20_103:不足点の指摘ばかりで実習内容に触れられていないため、実習をみられていない印象を受ける。","- AI_20_103:As it only points out the shortcomings and does not mention the content of the practical training, it gives the impression that the practical training was not observed.","AI_20_103"
"AI-117","実習内容への言及の欠如","negative","実習の状況が分からないことによる限界","連続性と一貫性","AI","Limitations due to lack of understanding of the practicum context","Continuity and consistency","Lack of reference to the content of the practical training","- AI_04_017:改善点の記載が多い印象。良い点は患者記録について、情報を記載することの重要性を記載している点。このフィードバック表での改善点はありません。しかしスライド内容が記録に記載されていないので仕方がないことだが、スライド内容のフィードバックがないことが改善点ではある。
- AI_13_155:毎日の記録をつけていないが、毎日の記録をつけている点を評価していて違和感を感じる。日々の実習の中から、経験したこと内容をより深く考え内省を促すフィードバックをしている。患者さんとの接し方について問題として挙げている事には言及がないのでフィードバックが必要。","- AI_04_017:There are many points for improvement. The good points are that it describes the importance of recording information in patient records. There are no points for improvement in this feedback form. However, it is inevitable that the content of the slides is not recorded in the records, but the fact that there is no feedback on the content of the slides is a point for improvement.
- AI_13_155:Although the learner does not keep a daily record, the fact that they do keep a daily record is evaluated, and this feels strange. The feedback encourages the learner to think more deeply about the content of their daily practical work and to reflect on it. There is no mention of the issue of how to interact with patients, so feedback is needed.","AI_04_017, AI_13_155"
"AI-118","実習態度に対する視点の欠如","negative","実習の状況が分からないことによる限界","連続性と一貫性","AI","Limitations due to lack of understanding of the practicum context","Continuity and consistency","lack of perspective on the attitude of the trainee","- AI_13_159:文章が機械的で翻訳調に感じる。良い点を述べた後の正しいくつか改善点が考えられます。という表現。指導医というより文章、論文対策の赤ペン先生。やや重箱の隅を突くような、ピントのズレたフィードバックに感じる。良い点は、実習記録の承認。改善点は、実習態度の評価の追加。
- AI_13_160:正論を記載しているが、学習者もそのように記載することが良いとは認識しつつも実習をこなすためだけに消極的に記載しているように映るので、ややお節介に感じる学習者もいるのではないか。良い点：学習記録の正しい付け方や深め方についてフィードバックしている。改善点：学習態度への言及がないこと。","- AI_13_159:The writing feels mechanical and like a translation. After mentioning the good points, there are some points that could be improved. The expression “rather than a supervising doctor, it is more like a red pen teacher for writing and academic papers. It feels like a bit of nitpicking, and the feedback is a bit off the mark. The good points are the approval of the practical training record. The points for improvement are the addition of an evaluation of the attitude during the practical training.
- AI_13_160:Although the comments are correct, some learners may feel that the comments are a little too involved, as they seem to be written in a way that is only intended to get the learner to complete the practical training, even though the learner is aware that it is good to write in that way. Good points: Feedback on how to correctly keep a learning record and deepen learning. Points for improvement: There is no mention of the learner's attitude.","AI_13_159, AI_13_160"
"AI-119","実習態度への視点の欠如","negative","実習の状況が分からないことによる限界","連続性と一貫性","AI","Limitations due to lack of understanding of the practicum context","Continuity and consistency","lack of perspective on practical training attitude","- AI_13_152:「毎日の記録を丁寧に」と記載があるが、１日分の記録しかなく、フィードバックとしては大袈裟な印象を与え、機械的な印象を受ける。実習内容の記載をより詳細に正確に書くというフィードバックは的確である。改善点は実習態度について触れる。","- AI_13_152:The comment “Carefully record your daily activities” is a little over the top and seems mechanical, as it only refers to a single day's worth of activities. The feedback about writing more detailed and accurate descriptions of the practical training content is accurate. The points for improvement mention the attitude of the trainee.","AI_13_152"
"AI-124","意味としての統合性の破綻","negative","不十分な出力品質","日本語としての品質","AI","Insufficient output quality","Quality of the Japanese language","breakdown of integrity as meaning","- AI_07_053:良いところの具体例が最初に上げられていることはよいと思います。「毎日きちんと記録をつけており」と記載しながら「記載がない日もあるので」と論理が破綻しています。私が見た限りは日付は連続しているため、これはfeedbackが正しいことを言っていないと判断しました。個々のセグメントでは問題なくてもトータルで文章を見たとき違和感が残ります。","- AI_07_053:I think it is good that specific examples of what is good are given at the beginning. The logic breaks down when it says “I keep a record every day” but then says “there are days when there is no record”. As far as I can see, the dates are consecutive, so I judged that this feedback was not correct. Even if there are no problems with each individual segment, there is still a sense of discomfort when looking at the text as a whole.","AI_07_053"
"AI-143","機械的な口調","negative","不十分な出力品質","日本語としての品質","AI","Insufficient output quality","Quality of the Japanese language","Mechanical tone","- AI_16_042:記載内容について詳細にフィードバックされている印象。具体例を示し分かりやすくフィードバックされている点が良い。一方で表現が少し機械的である点をもっと自然な表現に改善できるとより良いと感じる。
- AI_17_054:以下のいくつかの具体的なフィードバックを提供します。という文章がいかにもchatGPT らしい。","- AI_16_042:It is good that the feedback is detailed and specific. It is good that specific examples are given to make the feedback easy to understand. On the other hand, it would be better if the slightly mechanical expressions could be improved to make them more natural.
- AI_17_054:We will provide some specific feedback below. The sentence “I think it would be good to do ~ in order to ~” is very chatGPT-like.","AI_16_042, AI_17_054"
"AI-144","機械的な表現","negative","不十分な出力品質","日本語としての品質","AI","Insufficient output quality","Quality of the Japanese language","mechanical expressions","- AI_18_083:アドバイスは悪くないと思います。ただ、文章が機械的なのと、謎の衍字が気になります。","- AI_18_083:I don't think the advice is bad. However, I am concerned about the mechanical nature of the writing and the mysterious extra characters.","AI_18_083"
"AI-145","機械的な言葉","negative","不十分な出力品質","日本語としての品質","AI","Insufficient output quality","Quality of the Japanese language","Mechanical language","- AI_14_014:具体的に書かれている点をきちんと評価できている。良い点、改善点、頑張りましょうという励ましのサンドイッチが定型的なので、毎日そのような文章だと真剣にフィードバックを読まなくなってしまうかもと感じた。また、もしこれがchatの場合、機械っぽいなと感じてしまう。","- AI_14_014:The points that are written in detail are properly evaluated. The sandwich of good points, points for improvement, and encouragement to do your best is so formulaic that I felt that if it was like that every day, students might stop reading the feedback seriously. Also, if this was a chat, I would feel that it was too mechanical.","AI_14_014"
"AI-146","正確さに欠ける助言","negative","不十分な出力品質","日本語としての品質","AI","Insufficient output quality","Quality of the Japanese language","Advice that lacks accuracy","- AI_07_058:統一感を持たせるとよいとしていますが、それは評価基準にはないことを指摘しています。その基準がない中この記録であれば患者リストとしては私は十分よく書けていると思うので、正確でないfeedbackと判断しました。","- AI_07_058:It is suggested that it would be better to have a sense of unity, but it is pointed out that this is not in the evaluation criteria. In the absence of such criteria, I think that this record is written well enough to be a list of patients, so I judged it to be inaccurate feedback.","AI_07_058"
"AI-147","状況にそぐわない助言","negative","実習の状況が分からないことによる限界","連続性と一貫性","AI","Limitations due to lack of understanding of the practicum context","Continuity and consistency","Inappropriate advice","- AI_10_113:血糖値の時系列記載から、インスリン投与後の血糖値の変化を読み取れないのは、フィードバックを行う側の限界を示唆している。体調管理を見直すきっかけが、今回のフィードバックの対象かどうかは検討の余地がある。
- AI_11_119:改善案まで含めて記載されているので学生から見て次になすべきことはわかりやすいと思われる。ただ、「スライド作成を頑張る」は本当にデザインなどに焦点を当てるべきなのか（内容を再検討とか、もっと論文を引用するべきと思ったなど）は疑問に思え、適切なフィードバックであるのかどうかは実習の様子によって変わりそうに思った。
- AI_15_018:学生の記録に忠実に即したフィードバックである印象。学生の記録に対して、肯定的な言葉でフィードバックしている点がよいと感じた。その一方で、学生に対する提案が非現実的かつ臨床実習の実態に全く即しておらず、質のよいフィードバックを生成するための前提となる背景情報が致命的に欠落している。
- AI_18_079:今後の課題について具体的なアクションプランを立てるべきとの指摘は良いですが、その具体例が不自然に感じます。
- AI_18_084:指摘自体は悪くはないと思いますが、「例えば」以下の具体例が適切とは言い難い気がします。的確に言い表す言葉が見つかりませんが、パッと読んで何を言っているのかスッと頭に入ってこない、違和感のある文章です。
- AI_19_086:改善点が箇条書きで示されており、読みやすい。しかし、フィードバックの内容と、実際の実習内容とで若干の乖離があるように思える。救急患者に対するアプローチを学んだという旨の記載に対し、フィードバックは具体的なケースの記載を求めているが、実際に救急患者の対応をしているわけではないと思うので、難しいのではないかと思う。
- AI_19_094:具体的な記録をするために、どのような視点での記載が必要なのかという点を、具体例とともに指摘しているのが良いと思う。「元気を出してください！」という文言は、学生記録から何を読み取った結果現れたものなのか、気になる。
- AI_20_114:補足情報としてstage IIを足すことがより具体的な理解を増すのか理解が難しかった。記録についてのフィードバックが主であるので、実習の行動についてのフィードバックがあると良いと感じる。
- AI_23_158:医学生にとって、手術の具体的な手順を記録することに必要性があるかわからない。
- AI_23_159:作成中のスライドの内容を細かく言及することは、本人にとって意味があるだろうか、、、？(１年経っても、その診療科で作成したスライドの内容は、本人は覚えているし、これを覚えていたとしても有益であるかは疑問が残る。)","- AI_10_113:The fact that the change in blood sugar levels after insulin administration cannot be read from the chronological description of blood sugar levels suggests the limitations of the person giving the feedback. There is room for consideration as to whether the feedback is intended to be a trigger for reviewing physical condition management.
- AI_11_119:It also includes a suggestion for improvement, so it seems easy for the student to understand what they should do next. However, I wonder whether “work hard on creating slides” should really focus on things like design (I thought they should reconsider the content or cite more papers, etc.), and I think that whether it is appropriate feedback or not may depend on the state of the training.
- AI_15_018:The impression is that the feedback is in line with the student's record. I felt that the feedback was good because it was given in a positive way in response to the student's record. On the other hand, the suggestions for the student are unrealistic and do not match the reality of clinical practice at all, and the background information that is a prerequisite for generating good feedback is critically lacking.
- AI_18_079:The point that you should make a concrete action plan for future issues is good, but the specific examples feel unnatural.
- AI_18_084:I don't think the feedback itself is bad, but I don't think the specific examples given after “for example” are appropriate. I can't find the right words to describe it, but it's a sentence that doesn't come into your head straight away when you read it, and it feels strange.
- AI_19_086:The points for improvement are listed in bullet points, so it's easy to read. However, there seems to be a slight discrepancy between the feedback and the actual content of the practical training. In response to the statement that they have learned how to approach emergency patients, the feedback asks for a description of a specific case, but I don't think they are actually dealing with emergency patients, so I think it may be difficult.
- AI_19_094:I think it's good that the points to consider when making specific records are pointed out, along with specific examples. I'm curious about what the phrase “Please cheer up!” is based on, as it appears in the student's record.
- AI_20_114:It was difficult to understand whether adding stage II as supplementary information would increase understanding. As the feedback was mainly about the record, I felt that it would be better if there was feedback about the behavior during the practice.
- AI_23_158:I don't know if there is a need for medical students to record the specific procedures for surgery.
- AI_23_159:I wonder if it would be meaningful for the student to be given detailed feedback on the content of the slides they are creating... (Even after a year, the student will remember the content of the slides they created in that department, and even if they do remember it, it is questionable whether it would be beneficial.)","AI_10_113, AI_11_119, AI_15_018, AI_18_079, AI_18_084, AI_19_086, AI_19_094, AI_20_114, AI_23_158, AI_23_159"
"AI-148","状況にそぐわない励まし","negative","実習の状況が分からないことによる限界","連続性と一貫性","AI","Limitations due to lack of understanding of the practicum context","Continuity and consistency","Inappropriate encouragement","- AI_07_066:比較的よいfeedbackだと思います。ただし、人間味が欠けます。恐らく、最後の文章が努力が成果を上げている具体例を示すことなく記載されているから違和感を覚えるのだと思います。","- AI_07_066:I think this is relatively good feedback. However, it lacks a human touch. I think the reason you feel uncomfortable with it is probably because the last sentence is written without giving a specific example of how the effort is paying off.","AI_07_066"
"AI-149","状況に見合わない助言","negative","実習の状況が分からないことによる限界","連続性と一貫性","AI","Limitations due to lack of understanding of the practicum context","Continuity and consistency","advice that is not in line with the situation","- AI_14_001:文章がある程度長く、今後の課題についても特になしではなく、小さな課題を見つけましょうと書かれている点。改善すべき点は、1、で毎日の記録は具体的なものにしましょうと言っているが、たとえば以降の例示された内容が抽象的になっている気がする。これなら、実際の実習記録の血糖180以下に抑えるといった記述の方が具体的であると感じる。","- AI_14_001:The text is of a reasonable length, and there are no particular issues for the future, but it does mention that we should look for small issues. The points that need to be improved are: 1. It says that we should make our daily records concrete, but for example, I feel that the content of the examples given afterwards are rather abstract. I feel that a description of the actual practice record, such as keeping blood sugar below 180, would be more concrete.","AI_14_001"
"AI-150","状況を踏まえない助言","negative","実習の状況が分からないことによる限界","連続性と一貫性","AI","Limitations due to lack of understanding of the practicum context","Continuity and consistency","Advice that does not take the situation into account","- AI_06_042:共感や承認があって具体的なフィードバックがある。しかし、アクションプランは一部で的を得ていない。
- AI_06_044:丁寧にフィードバックしていて具体的な改善方法が提案されている。しかし、フィードバックのポイントがずれている印象がある。
- AI_08_079:アドバイスは非常に具体的で良いと思うが、提案されているアクションプランはやや実現困難であるように感じる（毎日１つ、10分間のプレゼンを行う）。
- AI_11_126:24歳男性の記述が最後で抜けている点を指摘しているが、おそらくは退院したための記録なしであるのでは。その背景情報は記録から窺えないが、その情報をもとにすれば「退院の計画が立っていたのだからその旨の記録が必要」というフィードバックになるべきか。基準に沿った評価にはなっている。
- AI_11_129:この記録はID: 128の記録とほぼ同様なのだけれども、その点についての疑義を呈することはしていいのではないだろうか。
- AI_11_131:記録を踏まえて修正すべき点をきちんと述べている。ただ患者リストの内容が毎回同じであることは指摘していないがこれで良いのだろうか？
- AI_12_138:毎日の記録が無いことについてのコメントは的がはずれていると思う。
- AI_12_143:具体的な指示はよいが、エコーを3回以上するなど現実的ではなく、実際の医療の現場に即した指示となっていない点を改善すべきと思う。
- AI_13_153:学習者の挙げた問題点に対してコメントしている。一方、着眼点の3/26-29の学習記録がないことへの指摘は場合によっては、カリキュラムとして、実習日ではない可能性や欠席したことを言及していないだけの可能性があり、的外れなコメントとなる可能性がある。病状説明についての場の設定ということも、学習者の課題設定自体が抽象的であり、指導者と学習者の間で同じ実際の面談現場を経験しているかどうかでフィードバックの精度が変わると感じた。
- AI_13_158:翻訳されたような違和感のある言葉遣い。基盤を作成している、道標など。記録の書き方、深め方に対するフィードバックがあり良い。実際の手術に対する言及はない、また手術の役割や手順となると手術記録になるので今回の実習記録からは少しピントが外れる印象がある。実習態度に対するフィードバックもないので改善が必要。
- AI_13_162:テンションが高い印象。良い点：記録の付け方や、深め方などを具体的に記載している。改善点：不自然な文脈。実習記録の初日なのかは不明。文脈としてはズレている可能性あり。
- AI_15_023:AIによって生成された典型的なフィードバックである印象。「今後の目標」の一例として示された朝カンファレンスでの発表形態は現実と乖離しており、自動生成であることが一目瞭然となるような漫然とした内容である。
- AI_18_070:どの患者さんからそれを学んだかは重要ではないので、学んだことを具体的に記述するようアドバイスするのは良いですが、どの患者さんの症例を通して学んだかを書くようにアドバイスするのはズレていると思います。
- AI_18_072:1月9日や10日の記録に記載が不足しているとの指摘がありますが、その日に行ったこと（オリエンテーション等）を考慮すると致し方ないことで、わざわざ指摘するには及ばない事項だと思います。その点で、この指摘は頓珍漢なものだと言えるでしょう。
- AI_18_081:「一部の日に患者リストの記入がありません」という指摘がありますが、その日の実習内容を考慮すると致し方ないと思われます。その点で、的を射た指摘とは言い難いと思います。他にも、適切とは言えないアドバイスが目立ちます。
- AI_20_111:記録の基準のみ言及しているだけでなく、2月2日の記録に患者リストが記載できない内容にもかかわらずそれが欠けていると指摘しており、不適切なフィードバックと感じる。","- AI_06_042:There is empathy and approval, and specific feedback is given. However, the action plan is not entirely on target in some areas.
- AI_06_044:Feedback is given carefully, and specific methods for improvement are proposed. However, there is the impression that the points of feedback are off.
- AI_08_079:The advice is very specific and good, but I feel that the proposed action plan is somewhat difficult to achieve (giving a 10-minute presentation every day).
- AI_11_126:The 24-year-old male student's description is missing the last part, but perhaps this is because he has been discharged from hospital and there is no record of this. Although we cannot tell from the record what the background information is, based on this information, should the feedback be “Since a plan for discharge was in place, a record of this is necessary”? The evaluation is in line with the criteria.
- AI_11_129:This record is almost the same as ID: 128, but I think it is okay to raise questions about that.
- AI_11_131:It properly states the points that should be corrected based on the record. However, it does not point out that the content of the patient list is the same every time.
- AI_12_138:I think the comment about the lack of daily records misses the point.
- AI_12_143:The specific instructions are good, but things like having to echo back three times or more are unrealistic and not in line with actual medical practice, so I think this should be improved.
- AI_13_153:The instructor comments on the problems raised by the learner. On the other hand, the comment about the lack of a record of learning for 3/26-29 may be off the mark in some cases, as it may be that the day was not a training day as part of the curriculum, or that the learner simply did not mention that they were absent. The setting of the scene for explaining the patient's condition is also abstract, and I felt that the accuracy of the feedback would depend on whether the instructor and learner had experienced the same actual interview situation.
- AI_13_158:The wording feels like it has been translated. The way the foundation is created, the signposts, etc. There is good feedback on how to record and deepen the information. There is no mention of the actual surgery, and when it comes to the role and procedure of the surgery, it becomes a surgical record, so there is the impression that the focus is a little off from the record of this practical training. There is no feedback on the attitude of the practical training, so improvement is needed.
- AI_13_162:The impression is that the tone is high. Good points: The way to keep a record and how to deepen learning are described in detail. Improvement points: The context is unnatural. It is unclear whether it is the first day of the practical training record. There is a possibility that it is out of context.
- AI_15_023:The impression is that it is typical feedback generated by AI. The form of presentation at the morning conference given as an example of “future goals” is detached from reality, and the content is so vague that it is obvious that it was automatically generated.
- AI_18_070:It's fine to advise them to write about what they learned in concrete terms, but I think it's off-base to advise them to write about which patient's case they learned from.
- AI_18_072:There is a comment that the records for January 9th and 10th are lacking in detail, but considering what was done on those days (such as the orientation), I think it is unavoidable and not something that needs to be pointed out. In that respect, I think this comment is a little off the point.
- AI_18_081:There is a point made that “the patient list is not filled in on some days”, but considering the content of the practical training on those days, it seems unavoidable. In that respect, I think it is difficult to say that this is a well-targeted point. There are also other points of advice that are not appropriate.
- AI_20_111:Not only does the feedback only refer to the criteria for the record, but it also points out that the patient list is missing from the record on February 2nd, even though it is not supposed to be included, and I feel that this is inappropriate feedback.","AI_06_042, AI_06_044, AI_08_079, AI_11_126, AI_11_129, AI_11_131, AI_12_138, AI_12_143, AI_13_153, AI_13_158, AI_13_162, AI_15_023, AI_18_070, AI_18_072, AI_18_081, AI_20_111"
"AI-151","状況を踏まえない提案","negative","実習の状況が分からないことによる限界","連続性と一貫性","AI","Limitations due to lack of understanding of the practicum context","Continuity and consistency","Suggestions that do not take the situation into account","- AI_22_137:それぞれの場面に応じた提案がもっと必要","- AI_22_137:More suggestions tailored to each situation are needed","AI_22_137"
"AI-152","状況を鑑みない助言","negative","実習の状況が分からないことによる限界","連続性と一貫性","AI","Limitations due to lack of understanding of the practicum context","Continuity and consistency","Advice that does not take the situation into account","- AI_05_029:1月13日は土曜日であるが、その点を認識せず記録を求めている点が改善すべき点である。実際の記載内容を例示しながら改善点を求めている点はわかりやすい。ただし学生の実習に本当に必要なフィードバックは、上手に記載ができるようになることではなく、実際に学びを得ておくことであることに留意する必要がある。","- AI_05_029:The fact that the student is asking for a record on January 13th, a Saturday, without being aware of this is something that should be improved. The fact that the student is asking for improvements while giving examples of the actual content is easy to understand. However, it is important to remember that the real feedback needed for the student's training is not to be able to write well, but to actually learn.","AI_05_029"
"AI-167","経験内容自体へのフィードバックの欠如","negative","記載内容に依存したフィードバック品質のぶれ","連続性と一貫性","AI","Variability in feedback quality depending on the content recorded","Continuity and consistency","Lack of feedback on the content of the experience itself","- AI_10_111:経験した内容自体の知識や技術面へのへフィードバックが出来ていないのが残念である。","- AI_10_111:It is a shame that the feedback does not cover the knowledge and technical aspects of the content experienced.","AI_10_111"
"AI-204","記述の不整合","negative","不十分な出力品質","日本語としての品質","AI","Insufficient output quality","Quality of the Japanese language","inconsistency in the description","- AI_14_002:印象として、良い点、改善点、肯定的な声がけで構成されていて、改善点も明確でわかりやすいと感じた。改善すべき点は記録が順調に付けられていると書いているが、実際には抜けがあり、改善点としてそこを指摘している点が不自然に感じた。","- AI_14_002:My impression is that it is composed of good points, points that need to be improved, and positive encouragement, and I felt that the points that need to be improved were clear and easy to understand. The report says that the points that need to be improved are being recorded smoothly, but in reality there are omissions, and I felt that the fact that the report points out these omissions as points that need to be improved felt unnatural.","AI_14_002"
"AI-217","記録の内容のみに基づいた助言","negative","実習の状況が分からないことによる限界","連続性と一貫性","AI","Limitations due to lack of understanding of the practicum context","Continuity and consistency","Advice based only on the content of the record","- AI_21_121:学生の記録をもとにしたフィードバックである。基本的に学生記録の記載の仕方などの向上により学生の学習を向上させる趣旨のフィードバックである。臨床的な視点からのフィードバックや知識の提示、学習のアドバイスがあると良い。
- AI_21_124:学生記録の取り方に関するフィードバックが主である。「基準」に基づいた指摘を行っている。臨床的な知識や視点からの指摘が乏しい。
- AI_21_127:学生記録の記載内容を改善することで学生の学習を促している。学生の記録内容からのみのフィードバックになっており、直接的に関連する医学的知識や視点の提示があると良い。
- AI_21_128:学生記録の記載の改善やそれを通しての学びを促すフィードバックが主である。具体的に臨床的な内容、知識を提示したり、指針を示す内容が加わるとよい。
- AI_21_129:学生記録の記載の改善やそれを通しての学びを促すフィードバックが主である。具体例を出しながら改善点を示している点は良かった。具体的に臨床的な内容、知識を提示したり、指針を示す内容が加わるとよい。
- AI_21_130:学生記録の記載の改善やそれを通しての学びを促すフィードバックが主である。学生の良い点を明確に示して評価している点が良い。具体的に臨床的な内容、知識を提示したり、指針を示す内容が不足している。","- AI_21_121:The feedback is based on the students' records. Basically, the feedback is intended to improve the students' learning by improving how they write in their records. It would be good to have feedback and knowledge presented from a clinical perspective, as well as learning advice.
- AI_21_124:The main points were comments on how to fill in the student records. The comments were based on the “criteria”. There was a lack of comments from a clinical knowledge or perspective.
- AI_21_127:The student's learning is encouraged by improving the content of the student records. The feedback is given based on the content of the student records, so it would be good if there was also some presentation of directly related medical knowledge and viewpoints.
- AI_21_128:The main points of the feedback are related to improving the content of the student records and encouraging learning through this. It would be good if there were also specific clinical content and knowledge presented, as well as content that provides guidelines.
- AI_21_129:The main focus is on improving the student records and providing feedback to encourage learning through this. It was good that specific examples were given to show areas for improvement. It would be good to add specific clinical content, knowledge, and guidance.
- AI_21_130:The main focus is on improving the student records and providing feedback to encourage learning through this. It was good that the student's good points were clearly shown and evaluated. There is a lack of specific clinical content, knowledge, and guidance.","AI_21_121, AI_21_124, AI_21_127, AI_21_128, AI_21_129, AI_21_130"
"AI-235","違和感のある表現","negative","不十分な出力品質","日本語としての品質","AI","Insufficient output quality","Quality of the Japanese language","Expressions that feel strange","- AI_18_073:違和感が全くない文章とは言えないですが、内容は良いと思います。
- AI_18_075:文章に違和感がないとは言えませんが、指摘は具体的かつ明確で良いと思います。","- AI_18_073:The writing is not completely free of awkwardness, but I think the content is good.
- AI_18_075:Although I can't say that the sentences are completely natural, I think the points you raised are specific and clear.","AI_18_073, AI_18_075"
"AI-240","間違った指摘","negative","不十分な出力品質","日本語としての品質","AI","Insufficient output quality","Quality of the Japanese language","incorrect points","- AI_14_004:具体的に何を改善すれば良いのかがわかりやすい。改善点は、1月9日と12日の記載に具体性が欠けていると書いてあるが、9日の記載は具体的に書かれている。","- AI_14_004:It is easy to understand what exactly needs to be improved. The points for improvement say that the entries for January 9th and 12th lack specificity, but the entry for the 9th is written in detail.","AI_14_004"
"AI-242","高すぎるテンション","negative","不十分な出力品質","日本語としての品質","AI","Insufficient output quality","Quality of the Japanese language","too high a tone","- AI_13_162:テンションが高い印象。良い点：記録の付け方や、深め方などを具体的に記載している。改善点：不自然な文脈。実習記録の初日なのかは不明。文脈としてはズレている可能性あり。","- AI_13_162:The impression is that the tone is high. Good points: The way to keep a record and how to deepen learning are described in detail. Improvement points: The context is unnatural. It is unclear whether it is the first day of the practical training record. There is a possibility that it is out of context.","AI_13_162"
"HU-005","リクルートを意識した記述","negative","教育者としてのConflict of Interest","臨床家としての観点","supervisor","Conflict of interest as an educator","Perspective as a clinician","Descriptions that are conscious of recruitment","- SU_05_022:学生の記載や実習内容に対するフィードバックというよりも診療科へのリクルートを意識した内容となっている。一方で、学生からすると、ありきたりなフィードバックよりもより印象に残る内容となっている可能性が高い。学習を促すだけでなく、ロールモデルを提供したり、詳細の進路に関する情報を提供することも指導医の役割と考えれば、重要なメッセージのあるフィードバックかもしれない。","- SU_05_022:Rather than feedback on the student's notes or practical training content, the content is more focused on recruiting students to the department. On the other hand, from the student's point of view, there is a good chance that the content will be more memorable than the usual feedback. If we consider that the role of the supervising doctor is not only to encourage learning, but also to provide role models and information on detailed career paths, then this feedback may have an important message.","SU_05_022"
"HU-015","使い回し","negative","限られた時間内でのフィードバックの限界","連続性と一貫性","supervisor","Limitations of feedback within a limited time","Continuity and consistency","reuse","- SU_23_153:Index number 149とほぼ同じフィードバックだった。","- SU_23_153:The feedback was almost the same as Index number 149.","SU_23_153"
"HU-017","優先度付けの欠失","negative","フィードバックの原則や基準に準拠しない記載","フィードバック基準や基本構造への準拠","supervisor","Entries not complying with feedback principles and standards","Adherence to the feedback criteria and structure","missing prioritisation","- SU_12_136:この指導医は、学生の実習内容をよく把握していると感じた。具体的な改善点を示しているのはよいが、羅列されているので、重要度や優先度を記載するともっと良いと思う。","- SU_12_136:I felt that this supervising doctor had a good grasp of the content of the students' practical training. It's good that specific points for improvement are listed, but I think it would be better if the importance and priority were also stated.","SU_12_136"
"HU-036","医学的な誤りの看過","negative","限られた時間内でのフィードバックの限界","連続性と一貫性","supervisor","Limitations of feedback within a limited time","Continuity and consistency","Overlooking medical errors","- SU_11_120:「脈不正」や「ホルダー心電図」という誤字を指摘していない。実際の実習内容に即してフィードバックを返しており学生にとって励みになると考える。実習症例の特徴の要約を記載しているが、これについてはもう少しフィードバックした方が良いのでは。
- SU_11_121:「蘇生解除」という誤字を指摘していない。指導者側の限界、不足点に言及しており直接的に学習者の力量向上につながる内容ではないが、学習者側にとっては好感を覚える記載ではないかと思う。「先輩医師からの励まし」が伝わる記載だと思う。","- SU_11_120:They did not point out the mistakes in the words ‘irregular pulse’ and ‘Holter electrocardiogram’. I think it is encouraging for the student to receive feedback that is relevant to the actual content of the practical training. Although you have included a summary of the characteristics of the case study, I think you should give a little more feedback on this.
- SU_11_121:You have not pointed out the mistake of ‘resuscitation termination’. Although you have mentioned the limitations and shortcomings of the instructor, and this is not content that will directly lead to the improvement of the learner's ability, I think that this is a description that will be well received by the learner. I think that this is a description that conveys ‘encouragement from senior doctors’.","SU_11_120, SU_11_121"
"HU-050","噛み合わない記述","negative","フィードバックの原則や基準に準拠しない記載","フィードバック基準や基本構造への準拠","supervisor","Entries not complying with feedback principles and standards","Adherence to the feedback criteria and structure","Descriptions that do not fit together","- SU_18_074:学生・教員間で会話になっていない印象を受けます。（教員のフィードバックが、どの学生に対しても同じ文章だと思われます）","- SU_18_074:I get the impression that there is no conversation between the students and the teachers. (It seems that the teachers' feedback is the same for all students).","SU_18_074"
"HU-051","基準への不適合","negative","フィードバックの原則や基準に準拠しない記載","フィードバック基準や基本構造への準拠","supervisor","Entries not complying with feedback principles and standards","Adherence to the feedback criteria and structure","non-conformance with standards","- SU_09_088:学生の経験に合わせて、実際の症例に則したフィードバックがなされています。決して基準に合わせたフィードバックではないですが行動変容をきたしやすい「生きた」フィードバックだと感じます。","- SU_09_088:The feedback is tailored to the student's experience and based on actual cases. It's not feedback that is tailored to a standard, but it feels like ‘living’ feedback that is likely to bring about behavioural change.","SU_09_088"
"HU-117","専門家としての関心に寄りすぎた記述","negative","教育者としてのConflict of Interest","臨床家としての観点","supervisor","Conflict of interest as an educator","Perspective as a clinician","Descriptions that are too focused on the interests of the expert","- SU_10_110:末梢神経検査の機会が少ないことは理解できるが、全ての医学生が学ぶべき内容なのかは疑問が残る。そこを強調したフィードバックは優先順位づけの点で問題があると考える。医学生にとって適切な学修目標の設定が望まれる。
- SU_10_116:common diseaseのcommon presentationの事例を低く見ている評価者の姿勢が文面から示唆される点が、医学生へ与える影響が懸念される。医学生の目指すべき到達点について、医学生と評価者の間で明確な形で共有しておくことが望ましいと考えられる。","- SU_10_110:It is understandable that there are few opportunities to do peripheral nerve examinations, but I wonder whether this is something that all medical students should learn. I think that feedback that emphasises this point has problems in terms of prioritisation. It is hoped that appropriate learning goals will be set for medical students.
- SU_10_116:The evaluator's attitude, which seems to regard the case of a common presentation of a common disease as unimportant, is suggested by the text, and I am concerned about the impact this will have on the medical students. It would be desirable for the evaluator and the medical student to share in a clear way the goals that the medical student should aim for.","SU_10_110, SU_10_116"
"HU-144","改善点の指摘不足","negative","フィードバックの原則や基準に準拠しない記載","フィードバック基準や基本構造への準拠","supervisor","Entries not complying with feedback principles and standards","Adherence to the feedback criteria and structure","lack of suggestions for improvement","- SU_16_037:医学的に重要な指摘を含んでおり学習になる内容だと思うが、指摘の量が不足しており文章の書き方も少々不親切に感じる。医学知識の認識違いを指摘している点で勉強になるが、指摘が医学的内容に終始しており、学生にとっては今後の取り組みの改善につながる指摘が欲しい。
- SU_16_046:学生が実習に積極的に取り組んでいたことがわかる記載になっている。学生が実習中に示した姿勢等の良い点が指摘されている点は良いが、学生の課題改善につながるような指摘が全く無い点が残念である。
- SU_18_078:学生の記載に対する改善点を指摘すると良いと思います。
- SU_19_086:実習中に学生が経験した内容や達成した課題について触れているのがよい。ただ、今後の課題として学生が挙げた内容に対するコメントが少ないように思う。","- SU_16_037:I think the content is educational, as it includes important medical points, but the amount of points is insufficient, and the way the text is written feels a little unfriendly. It is educational in that it points out misunderstandings of medical knowledge, but the points are limited to medical content, and I would like the points to lead to improvements in future approaches for students.
- SU_16_046:The description shows that the student was actively engaged in the practical training. It is good that the positive points shown by the student during the practical training are pointed out, but it is a pity that there are no points that lead to improvements in the student's work.
- SU_18_078:I think it would be good to point out areas for improvement in the student's writing.
- SU_19_086:It is good that it mentions the content that the students experienced and the issues they achieved during the practical training. However, I think that there are few comments on the content that the students mentioned as issues for the future.","SU_16_037, SU_16_046, SU_18_078, SU_19_086"
"HU-145","改善点の指摘欠失","negative","フィードバックの原則や基準に準拠しない記載","フィードバック基準や基本構造への準拠","supervisor","Entries not complying with feedback principles and standards","Adherence to the feedback criteria and structure","pointing out areas for improvement Missing","- SU_04_002:フィードバックが非常に短い印象。良い点は医学生の記載内容を読んで記載していること。改善すべき点は評価者側の今後教えていきます、という内容のみであり、記載者である医学生の学習意欲を向上させる内容ではないと感じる。
- SU_04_003:一緒に診察をされている先生のフィードバックのように感じた。良い点として急性期から慢性期の経過となっていること、今後どのように経過がすすんでいくのかということから、次にどのような学習が望ましいか記載されている。改善すべき点は学んだことにある「ガス交換」や「新生児の採血」について記載があったが、フィードバックがないと思った。
- SU_04_013:記載された内容だけでなく、実習中の発表内容についてもフィードバックがあり、実習態度をみていることが分かる内容であった。良い点として発表内容で小児白血病リスク分類についてよくまとめられていた、とどこが良かったのか記載があった点。改善点はその他にもどのようなところを学ぶと次の学習につながるのかが記載なかった点。
- SU_08_081:医学生の進路、将来にも言及しており、医学生と良くコミュニケーションを取れている指導医のフィードバックと感じる。改善点を１つでも良いので指摘してあげるとより良かったと思う。
- SU_08_082:医学生の良かった点はある程度具体的に示されているので良いが、改善点を１つでも良いので具体的に指摘するとより良いフィードバックになると思う。
- SU_10_112:支援的な言葉かけは良いが、実習に関する具体的なフィードバックが存在しない。学修目標について少なくとも1つは言及すべきと考える。
- SU_11_124:実習全体に対して、指導者側が肯定的な評価を出していることは伝わるが、それだけに思う。具体的な課題や到達点については記載がない。
- SU_11_126:ポジティブな評価であるが総花的で次につながる課題（良くも悪くも）の指摘がない。
- SU_12_138:毎日の記録が無いことに対する注意は記載したほうが良いと思う。そのほかは特に気にならなかった。
- SU_12_139:学生が頑張っている点をしっかり認めているところがとてもよいと思う。具体的な指示があれば記載したほうが良いと思う。
- SU_13_149:良い点：マイルドなトーンで記載されている。研修医側の一番感情の記載されたように感じる動脈穿刺での描写の項目に触れていて、臨床現場での経験を積むようモチベートしている。悪い点：全体的に消極的な印象で、研修医の疾患、病態学習へのフィードバックを触れていない。
- SU_15_033:極めて簡潔なフィードバックである。実習記録あるいは実習内容に対する具体的な言及がないため、何らかの形でフィードバックすることが望ましい。
- SU_16_035:内容が漠然としているため、具体性には欠ける内容である印象。学生の実習に対する積極的態度を評価している点で良いと感じた。一方で、もう少し具体的な課題の指摘や改善方法を示唆する助言があればより良いと考える。","- SU_04_002:The feedback seems very short. The good points are that it reads the content of the medical student's description. The points that need to be improved are that the only content is ‘I will teach you in the future’, and I feel that it is not content that will improve the learning motivation of the medical student who wrote the description.
- SU_04_003:It felt like feedback from a doctor who was examining the patient together. The good points were that it covered the transition from the acute phase to the chronic phase, and it also described what kind of learning would be desirable next, based on how the transition would progress in the future. The points that needed to be improved were that there was no feedback on the ‘gas exchange’ and ‘blood sampling in newborns’ that had been learned, although there was a description of them.
- SU_04_013:There was feedback not only on the content of the written report, but also on the content of the presentation during the practical training, and it was clear that the attitude of the student during the practical training was being observed. As a positive point, it was noted that the content of the presentation was well-summarised regarding the risk classification of paediatric leukaemia. As a point for improvement, it was noted that there was no mention of what other areas of learning would be useful for the next stage of learning.
- SU_08_081:The feedback also mentions the medical student's career path and future, so I think it shows that the supervising doctor is communicating well with the medical student. I think it would be better if you could also point out one improvement point.
- SU_08_082:The good points about the medical student are shown to a certain extent in concrete terms, which is good, but I think the feedback would be even better if you could also point out one improvement point in concrete terms.
- SU_10_112:The supportive comments are good, but there is no specific feedback on the practical training. At least one of the learning objectives should be mentioned.
- SU_11_124:It conveys that the instructor has given a positive evaluation of the practical training as a whole, but I think that's all it says. There is no mention of specific issues or points of achievement.
- SU_11_126:It is a positive evaluation, but it is too general and does not point out the next task (for better or worse).
- SU_12_138:I think it would be better if the lack of daily records was noted. Other than that, I didn't notice anything in particular.
- SU_12_139:I think it's great that the student's efforts are being recognised. I think it would be better if there were more specific instructions.
- SU_13_149:Good points: The tone is mild. It mentions the item on the description of arterial puncture, which I feel is the most emotional description from the trainee's side, and motivates them to gain experience in the clinical setting. Bad points: The overall impression is negative, and it does not mention any feedback on the trainee's learning of the disease and pathology.
- SU_15_033:It is extremely concise feedback. As there is no specific reference to the practice record or the content of the practice, it would be better if some form of feedback was given.
- SU_16_035:The content is vague, so it lacks concreteness. I think it is good that it evaluates the students' positive attitude towards the practical training. On the other hand, I think it would be better if there were more specific suggestions for improvement and advice on how to improve.","SU_04_002, SU_04_003, SU_04_013, SU_08_081, SU_08_082, SU_10_112, SU_11_124, SU_11_126, SU_12_138, SU_12_139, SU_13_149, SU_15_033, SU_16_035"
"HU-146","改善点の指摘欠如","negative","フィードバックの原則や基準に準拠しない記載","フィードバック基準や基本構造への準拠","supervisor","Entries not complying with feedback principles and standards","Adherence to the feedback criteria and structure","lack of points for improvement","- SU_13_159:学習者の実習の様子を観察して、評価している印象。学習者の状況を慮りつつ、実務のカルテ記載やスライド作りについて承認している点がよい。学習記録の具体的な改善点には触れていないのが改善点。
- SU_13_163:実習を一緒に経験していた様子が窺える人間的なコメント良い点：応援するメッセージがあり、支持的である。改善点：実習面、記録面ともに具体的なフィードバックはない。
- SU_14_001:毎日丁寧であるという点は励みになる。一方で文章が短く、自身の改善点については触れられていないので、何を改善していけばよりよくなるのかがいまいちわからない。
- SU_14_002:今後の課題に対して的確に書いといしている点はいいと感じた。改善点としては、文章量が少なく、これではフィードバックになっていないという点が挙げられる。
- SU_14_003:実際の病棟でのやり取りを踏まえたフィードバックになっていて実感が湧きやすい。担当医が学んで欲しい内容が明確になっている。改善点はここを改善してほしいという指摘が見られないこと。
- SU_14_004:病院で見た、病気の中身について具体的にフィードバックされていて、何に気をつけたら良いのかがわかりやすい。改善点がないのでどこを改善したら良いのかはわかりにくい。
- SU_14_014:実習で遠慮なく聞いてほしいことが書かれていて、実習時ききやすい。改善点が書かれていない。
- SU_14_017:実習中の様子にも言及し、ほめているが、フィードバックとしては改善点が分からず不十分であると感じる。
- SU_15_021:ごく概略的なフィードバックである印象。実習に対するねぎらいやコメントはされているが、実習や記録の内容に具体的に言及している点は乏しく、今後の実習や記録に活かせるようなフィードバックとはいえない。
- SU_15_022:フィードバックとして適切であるかは別として、学生に対しての思いが込められたメッセージである印象。情熱を感じるメッセージであるが、評価基準あるいは改善点の指摘はほとんどなく、実習記録に対するフィードバックとしては改善すべきであると感じる。
- SU_15_023:肯定的なフィードバックを重視している印象。肯定的な言葉掛けを重視している点が良いと感じる。今後の実習に活かせるようなフィードバックがあるとさらによいと思われる。
- SU_15_030:簡潔なフィードバックである。実習中に質問するよう促している点は動機づけとしてよいと考えられるが、実習記録の不足に対するフィードバックがなく、記録の不足に対しても言及があるとよいと考える。
- SU_16_047:記載内容について評価されているのが良くわかる印象。評価点が明確で分かりやすい一方、改善点が指摘されていないことが残念である。
- SU_16_048:評価点が一言だけ書かれている印象。評価が分かりやすい点は良いが、記載量が少なすぎて改善につながる指摘がない。
- SU_21_122:学生へのフィードバックというよりは、指定の内容の学習の指示という印象。改善点としては、学生の記録や実習内容、態度に関するフィードバックを行っていない点が挙げられる。
- SU_21_123:具体的な学生への評価やフィードバックがない。学生へのコメントになっている。
- SU_21_126:学生への具体的な評価が行われていない。学生の今後の学びのための改善点やアドバイスが欠如している。
- SU_21_131:評価が全くなされていない。学生への改善点等のフィードバックがなされていない
- SU_22_133:何を改善すればよいか分からない
- SU_22_139:提案がない
- SU_22_142:分かりやすい
- SU_22_143:学習内容の改善点など大事なフィードバックがみられない
- SU_22_146:改善点が示されていません","- SU_13_159:The impression is that the trainee's practical training is observed and evaluated. It is good that the trainee's situation is taken into account, and that approval is given for the practical training record and slide making. The fact that there is no mention of specific points for improvement in the learning record is an area for improvement.
- SU_13_163:Humane comments that give the impression that the tutor was experiencing the training together with the learner. Good points: There is a supportive message, and it is supportive. Improvement points: There is no specific feedback on either the training or the record.
- SU_14_001:The fact that it is detailed and thorough every day is encouraging. On the other hand, the sentences are short and there is no mention of my own areas for improvement, so I'm not really sure what I need to improve to do better.
- SU_14_002:I think it's good that it accurately addresses future issues. One point for improvement is that the amount of text is small, so it's not really feedback.
- SU_14_003:The feedback is based on actual interactions on the ward, so it's easy to get a real sense of it. The content that the doctor in charge wants you to learn is clear. One point for improvement is that there is no indication of what you need to improve here.
- SU_14_004:The feedback is specific and gives details about the content of the illness seen in the hospital, so it is easy to understand what you need to be careful about. As there are no points for improvement, it is difficult to know where to make improvements.
- SU_14_014:It is easy to ask questions during the practical training because it says what you should feel free to ask. There are no points for improvement.
- SU_14_017:It also mentions the student's behaviour during the practical training and praises them, but as feedback it is insufficient as it does not indicate areas for improvement.
- SU_15_021:The impression is that the feedback is very general. Although the student is thanked for the practical training and comments are made, there is little specific reference to the content of the practical training or the record, and it cannot be said that this is feedback that can be used for future practical training or records.
- SU_15_022:Apart from whether it is appropriate as feedback, the impression is that the message is filled with the instructor's thoughts for the student. The message is one that conveys passion, but there is almost no indication of evaluation criteria or points for improvement, and it is felt that this should be improved as feedback on the practical training record.
- SU_15_023:The impression is that positive feedback is emphasised. I think it is good that the emphasis is on positive words of encouragement. It would be even better if there was feedback that could be used in future practical training.
- SU_15_030:It is concise feedback. The fact that it encourages the student to ask questions during the practical training is thought to be good as a motivational tool, but there is no feedback on the lack of a practical training record, so it would be good if there was also some mention of the lack of a record.
- SU_16_047:It is clear that the content of the description is being evaluated. While the evaluation points are clear and easy to understand, it is a shame that no points for improvement are being pointed out.
- SU_16_048:It seems that only one evaluation point is being written. While it is good that the evaluation is easy to understand, there is too little information to lead to improvement.
- SU_21_122:It gave the impression of being more of a directive on the content of the specified learning, rather than feedback to the students. One point for improvement would be that there was no feedback on the students’ records, the content of the practical training, or their attitude.
- SU_21_123:There was no specific evaluation or feedback for the students. It was more like a comment to the students.
- SU_21_126:There was no specific evaluation of the student. There was a lack of advice and suggestions for how the student could improve their learning in the future.
- SU_21_131:No evaluation was given at all. No feedback was given to the students on areas for improvement, etc.
- SU_22_133:I don't know what to improve
- SU_22_139:There are no suggestions
- SU_22_142:It is easy to understand
- SU_22_143:There is no important feedback, such as points for improvement in the learning content.
- SU_22_146:There are no points for improvement indicated.","SU_13_159, SU_13_163, SU_14_001, SU_14_002, SU_14_003, SU_14_004, SU_14_014, SU_14_017, SU_15_021, SU_15_022, SU_15_023, SU_15_030, SU_16_047, SU_16_048, SU_21_122, SU_21_123, SU_21_126, SU_21_131, SU_22_133, SU_22_139, SU_22_142, SU_22_143, SU_22_146"
"HU-147","改善点の指摘過多","negative","フィードバックの原則や基準に準拠しない記載","フィードバック基準や基本構造への準拠","supervisor","Entries not complying with feedback principles and standards","Adherence to the feedback criteria and structure","Too many points for improvement","- SU_07_058:具体的で内容そのものは充実しているfeedbackです。ただし、学生のできている点も強化してあげるfeedbackも欲しいと思います。あとは、項目が多くて優先順位がなく、少し厳しめに見えました。","- SU_07_058:This is specific feedback that is substantial in content. However, I think that the student would also like feedback that reinforces the points they have done well. Also, there are many items, there is no priority, and it seems a little harsh.","SU_07_058"
"HU-149","改善点の提示の欠失","negative","フィードバックの原則や基準に準拠しない記載","フィードバック基準や基本構造への準拠","supervisor","Entries not complying with feedback principles and standards","Adherence to the feedback criteria and structure","lack of suggestions for improvement","- SU_04_011:医学生の記録に触れていない印象。良い点は実習への参加については触れている点。改善点は学んだこと、課題としていることについて一切触れておらずフィードバックとなっていない点。","- SU_04_011:The impression is that the medical students' records are not being touched upon. The good point is that it mentions participation in practical training. The point for improvement is that it does not mention anything about what they have learnt or what they are working on, so it is not really feedback.","SU_04_011"
"HU-150","改善点の提示不足","negative","フィードバックの原則や基準に準拠しない記載","フィードバック基準や基本構造への準拠","supervisor","Entries not complying with feedback principles and standards","Adherence to the feedback criteria and structure","Lack of suggestions for improvement","- SU_19_095:実習中の学生の振る舞いに対するフィードバックが中心で、記録に対するフィードバックは少ないように思う。実習中に学生が達成していた内容について丁寧に書かれているので、さらなる課題の提示があるとよりよいのではないかと思う。","- SU_19_095:It seems to me that the feedback is mainly about the student's behaviour during the practical training, and there is not much feedback on the records. As the content that the student achieved during the practical training is written in detail, I think it would be better if there were further issues presented.","SU_19_095"
"HU-151","改善点の提示欠失","negative","フィードバックの原則や基準に準拠しない記載","フィードバック基準や基本構造への準拠","supervisor","Entries not complying with feedback principles and standards","Adherence to the feedback criteria and structure","presentation of points for improvement Missing","- SU_09_090:実習がんばってくださいね、は応援の言葉ではありますがフィードバックにはならないように思います","- SU_09_090:Good luck with the practical training! is a supportive comment, but I don't think it's feedback","SU_09_090"
"HU-152","改善点の提示欠如","negative","フィードバックの原則や基準に準拠しない記載","フィードバック基準や基本構造への準拠","supervisor","Entries not complying with feedback principles and standards","Adherence to the feedback criteria and structure","lack of suggestions for improvement","- SU_19_099:自習中の学生の態度についての評価はあるが、記録への言及はない。改善点や課題への言及もなく、学生の学習への貢献度は高くないと思う。
- SU_19_100:学生記録のうち、学んだことや今後の課題の記載内容に沿ってアドバイスがなされていると思うが、学生に対する評価が書かれておらず、学生にとっては改善点の抽出が難しくなるのではないかと思う。","- SU_19_099:There is an evaluation of the attitude of students during self-study, but there is no reference to the records. There is no mention of areas for improvement or issues, and I don't think the students' contribution to their own learning is high.
- SU_19_100:I think that advice is given in line with the content of what the students have learned and what they need to work on in the future, but there is no written evaluation of the students, and I think it makes it difficult for the students to identify areas for improvement.","SU_19_099, SU_19_100"
"HU-153","改善点の詳細さの不足","negative","フィードバックの原則や基準に準拠しない記載","フィードバック基準や基本構造への準拠","supervisor","Entries not complying with feedback principles and standards","Adherence to the feedback criteria and structure","Lack of detail in the points for improvement","- SU_16_040:簡潔にフィードバックされている印象。手技の練習についても今後の練習について簡潔に示されており、理解しやすい。一方でフィードバックの項目が少なく、もう少し詳細なフィードバックが欲しい。","- SU_16_040:The impression is that the feedback is brief. The practice of the technique is also shown briefly for future practice, so it is easy to understand. On the other hand, there are not many items in the feedback, so I would like more detailed feedback.","SU_16_040"
"HU-156","時間的制約","negative","限られた時間内でのフィードバックの限界","連続性と一貫性","supervisor","Limitations of feedback within a limited time","Continuity and consistency","time constraints","- SU_23_149:「この学生さんには動脈採血教えてあげたな」という記憶が残っているからこそ、このフィードバックが出たのだと思います。Index number 153にも同様のフィードバックが見られるので、お忙しい中でまとめてフィードバックを返されたのかなと拝察します。
- SU_23_151:超多忙な外科医の先生にとっては、簡素な記録に対して時間をかけてフィードバックをしようという気概を持つこと自体が難しいのかもしれないと感じた。
- SU_23_153:Index number 149とほぼ同じフィードバックだった。","- SU_23_149:I think this feedback was given because the person giving it remembered ‘I taught this student how to take arterial blood samples’. As we can see similar feedback in Index number 153, I suspect that the person giving the feedback took the time to compile it.
- SU_23_151:I felt that for a surgeon who is extremely busy, it may be difficult to have the determination to take the time to give feedback on a simple record.
- SU_23_153:The feedback was almost the same as Index number 149.","SU_23_149, SU_23_151, SU_23_153"
"HU-160","権威勾配の持ち込み","negative","教育者としてのConflict of Interest","臨床家としての観点","supervisor","Conflict of interest as an educator","Perspective as a clinician","introduction of an authority gradient","- SU_10_108:学習者自身の手による診察所見と、検査所見の対応を学ぶよう促すのは有益と感じました。学習者の所見と教官の所見の対比も、同様の文脈で行われたものと考えられますが、言下に教官の優位性や無謬性が示されているようで、学習者にとっては権威勾配を感じさせるフィードバックだと思います。","- SU_10_108:I felt that it would be beneficial to encourage learners to learn how to match up their own examination findings with the findings of the examination. The contrast between the learners' findings and the instructor's findings is also thought to have been made in the same context, but it seems to show the superiority and infallibility of the instructor, and I think that this is feedback that makes learners feel an authority gradient.","SU_10_108"
"HU-166","短い記述","negative","不十分な記述量","文章量","supervisor","Insufficient amount of description","Text length","Short description","- SU_04_001:フィードバックが短いと感じた。良い点は記載内容に触れていることから内容を読んで記載していることが分かる。改善すべき点は全ての記載内容に触れておらず、フィードバックが不十分に感じる。
- SU_04_002:フィードバックが非常に短い印象。良い点は医学生の記載内容を読んで記載していること。改善すべき点は評価者側の今後教えていきます、という内容のみであり、記載者である医学生の学習意欲を向上させる内容ではないと感じる。
- SU_04_010:医学生の記載に対してフィードバックが短い。良い点は医学生の自主性を伸ばそうとしている。改善点は学んだことや今後の課題に記載されていることについて、フィードバックをすると意欲が増すのではないかと思う。
- SU_05_018:（良い点）実際の担当患者の病態やそれに伴う経験を意識したフォードバックとなっている。（改善点）記述量はが少ない。提案内容がやや具体的でない。
- SU_05_026:短いコメントではあるがよかった点をきちんと言及している。
- SU_09_085:分量は少なく具体的ではないものの、勇気づけられるフィードバックだと思います","- SU_04_001:I felt the feedback was too short. The good points are that it mentions the content of the description, so you can tell that it has been read and written. The points that need to be improved are that it does not mention all the content of the description, and the feedback feels insufficient.
- SU_04_002:The feedback seems very short. The good points are that it reads the content of the medical student's description. The points that need to be improved are that the only content is ‘I will teach you in the future’, and I feel that it is not content that will improve the learning motivation of the medical student who wrote the description.
- SU_04_010:The feedback is short in relation to the medical students‘ entries. The good points are that the medical students’ independence is being developed. The points for improvement are that I think the motivation would increase if feedback was given on what they had learnt and what their future challenges are.
- SU_05_018:(Good points) The feedback is based on an awareness of the actual patient's condition and the experience that goes with it. (Points for improvement) The amount of description is small. The content of the suggestions is a little imprecise.
- SU_05_026:Although it is a short comment, it does mention the good points.
- SU_09_085:Although it was not very long and not very specific, I think it was encouraging feedback.","SU_04_001, SU_04_002, SU_04_010, SU_05_018, SU_05_026, SU_09_085"
"HU-167","短すぎる記載","negative","不十分な記述量","文章量","supervisor","Insufficient amount of description","Text length","Too short a description","- SU_13_162:突き放した印象。良い点：特になし。改善点：実習記録について記載する場合は、より具体的な説明が必要。（ただし、全てを具体的にフィードバックすることが学習者に対して過保護的になるかもしれない。）
- SU_15_020:最低限の簡潔なフィードバックである印象。記録に対する感謝と激励は十分に感じられるが、もう少し具体的なフィードバックがあると望ましいと思われる。","- SU_13_162:The impression is detached. Good points: None in particular. Improvement points: When writing about the practical training record, more specific explanations are needed. (However, providing specific feedback on everything may be overprotective towards the learner.
- SU_15_020:The impression is that the feedback is brief and minimal. The gratitude and encouragement for the record is fully felt, but it would be desirable to have more specific feedback.","SU_13_162, SU_15_020"
"HU-168","短すぎる記述","negative","不十分な記述量","文章量","supervisor","Insufficient amount of description","Text length","Descriptions that are too short","- SU_05_020:支援的なところは良いが、とにかく短すぎる。ただし指導医と学生が現場でコミュニケーションがとれているのであればこれでも問題ない。
- SU_05_021:せっかく学生が長文を書いているが、あっさりしたフィードバックであり、学生からするとせっかく長く丁寧に書いたのに指導医は見てくれているだろうかという不安はあるように思う。一方で、国家試験など学生の関心が深い事項と絡めて学習することについて言及している点は良い点である。
- SU_05_031:良い点：カルテ記載が評価できること、研修医等とのコミュニケーションがとれていることを評価していることをしっかり伝えている。改善点：短い。
- SU_05_033:学生の記録もシンプルなのでその成果も知れないが、短すぎる。
- SU_09_094:おつかれさまでした、の一言ではＦＢにはならないと思います
- SU_11_122:事務的・指示的。もうちょっと色々伝えたいことはなかったのでしょうか？褒められることはなかったのでしょうか？という感じ。
- SU_11_131:簡単すぎてフィードバックになっていない。
- SU_14_001:毎日丁寧であるという点は励みになる。一方で文章が短く、自身の改善点については触れられていないので、何を改善していけばよりよくなるのかがいまいちわからない。
- SU_14_002:今後の課題に対して的確に書いといしている点はいいと感じた。改善点としては、文章量が少なく、これではフィードバックになっていないという点が挙げられる。
- SU_16_042:感想に終始している印象。記載がとても少ない。学習の大変さについて共感できている点は良い。一方で、内容が非常に少なく抽象的なのが残念。
- SU_16_044:一言だけでフィードバックといえない印象。簡潔で分かりやすいが、もっと詳細に記載した方が良いと考える。
- SU_16_048:評価点が一言だけ書かれている印象。評価が分かりやすい点は良いが、記載量が少なすぎて改善につながる指摘がない。
- SU_21_128:具体的に何を評価しているのかフィードバックがない。短い。
- SU_21_129:具体的に何を評価しているのかフィードバックがない。短い。","- SU_05_020:The supportive aspects are good, but it's just too short. However, if the supervising doctor and student are communicating well on the spot, then this is not a problem.
- SU_05_021:The student has written a long piece of text, but the feedback is brief, and I think the student may be worried that the supervising doctor hasn't read it even though they wrote it so carefully and at such length. On the other hand, it is a good point that it mentions learning in conjunction with matters that are of great interest to students, such as the national exam.
- SU_05_031:Good points: The fact that the medical record is evaluated and that communication with residents and others is evaluated is clearly conveyed. Points for improvement: It is too short.
- SU_05_033:The student's record is also simple, so it is not possible to know the results, but it is too short.
- SU_09_094:I don't think a simple ‘Thank you for your hard work’ would be considered feedback.
- SU_11_122:It is too businesslike and directive. I wonder if there was anything else you wanted to convey? I wonder if there was anything you wanted to praise?
- SU_11_131:It's too simple and doesn't amount to feedback.
- SU_14_001:The fact that it is detailed and thorough every day is encouraging. On the other hand, the sentences are short and there is no mention of my own areas for improvement, so I'm not really sure what I need to improve to do better.
- SU_14_002:I think it's good that it accurately addresses future issues. One point for improvement is that the amount of text is small, so it's not really feedback.
- SU_16_042:The impression is that it is just a comment. There is very little written. I think it is good that it shows empathy with the difficulty of learning. On the other hand, it is a shame that the content is very little and abstract.
- SU_16_044:The impression is that it is not possible to give feedback with just a few words. It is concise and easy to understand, but I think it would be better if it were more detailed.
- SU_16_048:It seems that only one evaluation point is being written. While it is good that the evaluation is easy to understand, there is too little information to lead to improvement.
- SU_21_128:There was no feedback on what was specifically evaluated. It was short.
- SU_21_129:There was no feedback on what was specifically evaluated. It was short.","SU_05_020, SU_05_021, SU_05_031, SU_05_033, SU_09_094, SU_11_122, SU_11_131, SU_14_001, SU_14_002, SU_16_042, SU_16_044, SU_16_048, SU_21_128, SU_21_129"
"HU-171","簡潔な記載","negative","不十分な記述量","文章量","supervisor","Insufficient amount of description","Text length","Concise description","- SU_15_034:ごく簡潔ながら、必要な内容が含まれたフィードバックである印象。記録の内容にも触れつつ、今後の実習の動機付けもしている点がよいと感じる。","- SU_15_034:The impression is that it is concise feedback that includes the necessary content. I think it is good that it also mentions the content of the record and motivates the student for future practice.","SU_15_034"
"HU-197","記載の使い回し","negative","限られた時間内でのフィードバックの限界","連続性と一貫性","supervisor","Limitations of feedback within a limited time","Continuity and consistency","Reuse of description","- SU_23_164:臨床実習記録はしっかりとつけており、このフィードバックと全く同一の内容が別の学生にも送られていることから、コピペのフィードバックであると推測される。","- SU_23_164:The clinical practice records were kept well, and since the exact same content as this feedback was sent to another student, it is thought that this was copied and pasted feedback.","SU_23_164"
"HU-206","記載内容の軽視","negative","記載内容を踏まえていないフィードバック","連続性と一貫性","supervisor","Feedback that does not reflect the content of the report","Continuity and consistency","neglect of content","- SU_04_001:フィードバックが短いと感じた。良い点は記載内容に触れていることから内容を読んで記載していることが分かる。改善すべき点は全ての記載内容に触れておらず、フィードバックが不十分に感じる。
- SU_04_002:フィードバックが非常に短い印象。良い点は医学生の記載内容を読んで記載していること。改善すべき点は評価者側の今後教えていきます、という内容のみであり、記載者である医学生の学習意欲を向上させる内容ではないと感じる。
- SU_04_010:医学生の記載に対してフィードバックが短い。良い点は医学生の自主性を伸ばそうとしている。改善点は学んだことや今後の課題に記載されていることについて、フィードバックをすると意欲が増すのではないかと思う。
- SU_04_011:医学生の記録に触れていない印象。良い点は実習への参加については触れている点。改善点は学んだこと、課題としていることについて一切触れておらずフィードバックとなっていない点。
- SU_04_014:医学生の記載内容について文書上ではコメントがない印象。良い点は記載内容を読んでいる印象がある点。改善点は学んだこととして記載している内容について、フィードバックがない点。
- SU_04_015:医学生の学習・実習を支援していることが分かる内容。良い点は記載内容だけでなく実習態度や発表内容についても触れていた点。改善点としては学んだこととして記載されていたネフローゼ症候群についてコメントがなかった点。
- SU_05_019:（良い点）学生の記載内容だけでなく実際の経験に基づいたコメントであることが分かる。学生に支援的内容である。（悪い点）学生の研修そのものへのコメントと助言であり、記録内容についての言及は少ない。ただこの指導医からのフィードバックが記録内容へのフィードバックというより実習そのものへのフィードバックと認識されていると考えられるため、その点は仕方がないと思う。むしろ記録内容へのフィードバックというより実習そのものへのフィードバックの方がより重要である。
- SU_05_030:学生の記録内容が手術名の列記に終始し具体性に乏しいせいもあるが、コメントがあまり記載内容に基づいているように思われない。短い。
- SU_06_049:記録に関するフィードバックではなく、実習に対するメッセージになっている。
- SU_07_064:指摘されている点は詳細で具体的でいいのですが、全体を通したfeebackが必要かと思います。
- SU_07_068:評価者の言いたいことはすごくよく伝わりますが、記録のフィードバックとしては全体を通したフィードバックにはなっていません。
- SU_09_095:ポートフォリオの内容よりも実習中の行動に沿ったフィードバックがされており支援的なものになっています。
- SU_09_097:実際の実習中の行動に合わせた具体的なFBがされています。記載内容に必ずしも一致しない部分もあります。
- SU_09_099:ポートフォリオについてはほとんど触れられていませんが、これまでの実習態度や観察された内容についてFBされています。
- SU_12_143:多くの指導医の評価として、この内容になることは共感できる。学生が、かなり具体的な記載をしているので、その点についてもう少し触れるとよいと思った。
- SU_13_150:良い点：研修医の気づいていない重要な、「退院するための長期的課題」について目を向けさせるフィードバック、実習記録の不備についても触れている。悪い点：日常の業務のフィードバックは具体的な描写はなく漠然としている。本人の学びのHIEの画像や、今後の課題で挙げた呼吸器管理についてのフィードバックは挙げられていない。
- SU_13_160:学習者と、指導者の中で、この学習記録の位置付けが事前に共有されていないのか、もしくは慣習的に、やったことだけ書いてハンコを貰えば良いと言った申し送りがあるのか、もしくは学習者側も指導者側からのフィードバックを期待していないような印象を受ける。良い点、より良い記録をつけるためのフィードバックをしている。改善点、学習者の学習態度や、記載された悪性胸腺腫への言及がいない。
- SU_13_161:学習の記録に関しては触れず、学習態度や、外科領域のトレーニングについて触れている。良い点：指導者として外科のトレーニングの魅力について伝えている。改善点：学習記録についてのフィードバックがない
- SU_13_164:全く学習態度や記録内容に触れていない。機械的なレスポンス。良い点：なし。改善点：学習態度や記録内容に触れたきちんとしたフィードバックを記載する。
- SU_15_031:実習に対する簡潔なフィードバックである印象。実習態度に関してコメントしている点がよいと感じる一方、実習記録自体に対する言及がごくわずかであるため、具体的なフィードバックがあるとよいと思う。
- SU_17_054:医学部生が記入した内容を読んでいるかどうかすら疑問を感じるフィードバックの内容であり、改善すべきである
- SU_19_092:実習中の学生の振る舞いに対するフィードバックが主で、記載に沿ったフィードバックはなされていないように思う。
- SU_19_095:実習中の学生の振る舞いに対するフィードバックが中心で、記録に対するフィードバックは少ないように思う。実習中に学生が達成していた内容について丁寧に書かれているので、さらなる課題の提示があるとよりよいのではないかと思う。
- SU_19_098:実習の達成度や態度についての評価はなされているが、記録に言及したフィードバックは少ない。
- SU_20_101:実際のカンファレンスでの内容に言及していて実習を通して評価されていると感じる。肯定的なフィードバックであるのが良いと感じる。記録の内容には言及されていないので、内容についても言及されると更に良いと考える。
- SU_21_124:学生記録からのフィードバックというよりは、実際の実習内容からのフィードバックである。より学習記録に対するフィードバックがあると良い。","- SU_04_001:I felt the feedback was too short. The good points are that it mentions the content of the description, so you can tell that it has been read and written. The points that need to be improved are that it does not mention all the content of the description, and the feedback feels insufficient.
- SU_04_002:The feedback seems very short. The good points are that it reads the content of the medical student's description. The points that need to be improved are that the only content is ‘I will teach you in the future’, and I feel that it is not content that will improve the learning motivation of the medical student who wrote the description.
- SU_04_010:The feedback is short in relation to the medical students‘ entries. The good points are that the medical students’ independence is being developed. The points for improvement are that I think the motivation would increase if feedback was given on what they had learnt and what their future challenges are.
- SU_04_011:The impression is that the medical students' records are not being touched upon. The good point is that it mentions participation in practical training. The point for improvement is that it does not mention anything about what they have learnt or what they are working on, so it is not really feedback.
- SU_04_014:There was no written comment on the content of the written report by the medical student. As a positive point, it was noted that the content of the written report was being read. As a point for improvement, it was noted that there was no feedback on the content of the written report.
- SU_04_015:The content shows that the students are being supported in their learning and practical training. The good points are that the content not only refers to what was written, but also mentions the students‘ attitude during the practical training and the content of their presentations. The improvement point is that there was no comment on the nephrotic syndrome, which was written about as something that had been learned.
- SU_05_019:(Good points) It is clear that the comments are based on the actual experience of the student, not just on the content of the student's description. It is supportive content for the student. (Bad points) The comments and advice are about the student's training itself, and there is little mention of the content of the record. However, I think this is unavoidable, as it is thought that this feedback from the supervising doctor is more about the training itself than about the content of the record. In fact, it is more important to give feedback on the training itself than on the content of the record.
- SU_05_030:This is partly because the student's record content is limited to listing the names of surgeries and lacks specificity, but it does not seem that the comments are based on the content of the record. It is short.
- SU_06_049:This is not feedback on the record, but a message about the practical training.
- SU_07_064:The points that are being raised are detailed and specific, but I think that feedback that covers the whole is necessary.
- SU_07_068:I can understand what the assessor is trying to say, but this is not a comprehensive record feedback.
- SU_09_095:The feedback is more supportive, as it is based on the student's behaviour during the practical training, rather than on the contents of the portfolio.
- SU_09_097:The feedback is specific and based on the student's behaviour during the practical training. There are some parts that do not necessarily match the contents of the portfolio.
- SU_09_099:Although the portfolio is hardly mentioned, the FB is based on the student's attitude during the practical training and the content observed.
- SU_12_143:As an evaluation by many supervisors, I can relate to the content of this. As the student has written quite specific details, I thought it would be good to touch on that point a little more.
- SU_13_150:Good points: The feedback draws the trainee's attention to important long-term issues that they may not have been aware of, and also touches on the inadequacy of the practical training record. Bad points: The feedback on daily work is vague, with no specific description. There is no feedback on the trainee's learning HIE images or on respiratory management, which was listed as a future issue.
- SU_13_160:It seems that the learner and the instructor have not shared the purpose of this learning record in advance, or that there is a custom of just writing down what you did and getting a stamp, or that the learner does not expect any feedback from the instructor. Good points: Feedback is given on how to make a better record. Improvement points: There is no mention of the learner's attitude to learning or the malignant thymoma mentioned in the record.
- SU_13_161:No mention of the learning record, but there is mention of the learning attitude and training in the surgical field. Good points: As a mentor, the trainer conveys the appeal of surgical training. Improvement points: There is no feedback on the learning record.
- SU_13_164:It does not mention the learning attitude or the content of the record at all. It is a mechanical response. Good points: None. Improvement points: Include proper feedback that mentions the learning attitude and the content of the record.
- SU_15_031:The impression is that it is concise feedback on the practical training. While it is good that it comments on the attitude towards the practical training, there is very little mention of the practical training record itself, so it would be good if there was some specific feedback.
- SU_17_054:I doubt whether the person reading the feedback is even a medical student, so it should be improved.
- SU_19_092:The main focus is on feedback on the students’ behaviour during the training, and I don't think there is any feedback based on the entries.
- SU_19_095:It seems to me that the feedback is mainly about the student's behaviour during the practical training, and there is not much feedback on the records. As the content that the student achieved during the practical training is written in detail, I think it would be better if there were further issues presented.
- SU_19_098:There is an evaluation of the level of achievement and attitude during practice, but there is little feedback that refers to the records.
- SU_20_101:I feel that the content of the actual conference is mentioned, and that the students are being evaluated through the practical training. I think it is good that it is positive feedback. As the content of the record is not mentioned, I think it would be even better if the content was also mentioned.
- SU_21_124:The feedback was based on the actual content of the practical training, rather than on the students' records. It would be better if there was more feedback on the learning records.","SU_04_001, SU_04_002, SU_04_010, SU_04_011, SU_04_014, SU_04_015, SU_05_019, SU_05_030, SU_06_049, SU_07_064, SU_07_068, SU_09_095, SU_09_097, SU_09_099, SU_12_143, SU_13_150, SU_13_160, SU_13_161, SU_13_164, SU_15_031, SU_17_054, SU_19_092, SU_19_095, SU_19_098, SU_20_101, SU_21_124"
"HU-207","記載内容への指摘欠失","negative","記載内容を踏まえていないフィードバック","連続性と一貫性","supervisor","Feedback that does not reflect the content of the report","Continuity and consistency","missing points in the description","- SU_13_152:学習者の経験したことに焦点を絞って、適切にフィードバックしている。その症例のより実践的な所見の解釈や、症例の診察以外の疾患転帰に関わるコミュニケーションの問題を提起している。学習者のレポート自体の改善ポイントには触れていない。改善点はより良いレポートについての形成的なフィードバック
- SU_13_154:経験した症例の稀である位置付けを示して、一方、典型例の学習を勧めている。改善点は、レポートとしての不備の指摘がない。
- SU_13_158:実習の経験を共有してフィードバックしている印象。実習態度や、手技、今後に向けての練習を支持するフィードバックがあり良い。研修医の記録に対する言及やフィードバックがないので改善が必要。","- SU_13_152:The report focuses on the learner's experience and provides appropriate feedback. It raises issues related to the communication of more practical findings and the outcome of the disease other than the examination of the case. It does not touch on the points for improvement in the learner's report itself. The points for improvement are formative feedback on a better report
- SU_13_154:Indicates the rarity of the case experienced, while also recommending learning of typical cases. The improvement point is that there is no indication of deficiencies in the report.
- SU_13_158:The impression is that the feedback is based on sharing the experience of the practical training. It is good that there is feedback supporting the attitude of the practical training, the techniques used, and the practice for the future. There is no mention or feedback on the trainee's record, so this needs to be improved.","SU_13_152, SU_13_154, SU_13_158"
"HU-208","記載内容への指摘欠如","negative","記載内容を踏まえていないフィードバック","連続性と一貫性","supervisor","Feedback that does not reflect the content of the report","Continuity and consistency","Lack of indication of points for description","- SU_14_008:実習内容に対するフィードバックがされていて、今後の実習で何に気を付けたらよいのかが分かりやすい。実習記録へのフィードバックがない。
- SU_15_021:ごく概略的なフィードバックである印象。実習に対するねぎらいやコメントはされているが、実習や記録の内容に具体的に言及している点は乏しく、今後の実習や記録に活かせるようなフィードバックとはいえない。","- SU_14_008:Feedback was given on the content of the practical training, and it was easy to understand what to be careful of in future practical training. There was no feedback on the practical training record.
- SU_15_021:The impression is that the feedback is very general. Although the student is thanked for the practical training and comments are made, there is little specific reference to the content of the practical training or the record, and it cannot be said that this is feedback that can be used for future practical training or records.","SU_14_008, SU_15_021"
"HU-209","記載内容への言及の欠如","negative","記載内容を踏まえていないフィードバック","連続性と一貫性","supervisor","Feedback that does not reflect the content of the report","Continuity and consistency","Lack of reference to the content of the description","- SU_19_094:学生記録や臨床実習の基準に触れておらず、実習の振り返りや今後の学習課題の提示もされていない。学生の学習への貢献という観点では、やや適切でない印象を受ける。
- SU_19_097:学生の記録や臨床実習の基準に言及したフィードバックは少ない。ただ、診察に役立つ疾患の知識が共有されており、学生にとって有用なフィードバックだと思う。また、今後の実習における希望を尋ねる文言もあり、学生の主体的な参加を促すものになり得ると感じた。","- SU_19_094:There is no mention of the student records or clinical practice standards, and there is no reflection on the practical training or presentation of future learning issues. From the perspective of contributing to student learning, I get the impression that it is not quite appropriate.
- SU_19_097:There is little feedback that refers to the student's records or the standards for clinical practice. However, the knowledge of diseases that is useful for diagnosis is shared, and I think this is useful feedback for students. There is also a phrase that asks about hopes for future practice, and I felt that this could encourage students to take an active part.","SU_19_094, SU_19_097"
"HU-211","記述内容の軽視","negative","記載内容を踏まえていないフィードバック","連続性と一貫性","supervisor","Feedback that does not reflect the content of the report","Continuity and consistency","Disregard for the content of the description","- SU_10_109:実習内容や学習者の記述自体に関する言及がない。書かれていないことは分からない、故に重要なフィードバックが書かれずに語られている可能性はあるが、重要なフィードバックポイントはキチンと記録に残すよう心がけると良いと思う。
- SU_10_115:医学生の記載自体が症例の日常の細かい点(熱型フォロー)や技術上のあまり重要でない点(脊髄液の出るスピード)に終始しており、フィードバックが難しい事例だと思います。こうした場合に、記述内容を無視して当たり障りのないフィードバックを行うのではなく、専門分野の学び始めとしてふさわしいフィードバックポイントを挙げられると良くなると思います。
- SU_11_118:feedback1に比して実習記録にフィードバックできていない。一方で実際の実習中の態度や、うまく発表できていなかったことへの精神的フォローなどがなされており、努力して発表内容のレベルアップができたことを称賛しているあたりは、実習全体をよく見ていたフィードバック、と感じられる。
- SU_11_119:忙しい指導医が実習の学生の印象をさっと記載した、という印象。行動基準に照らした時特に問題はなく求める水準に達していたと評価したのだろうけれども、記載した記録については評価していない。総括評価の結論だけという感じなので、技能・態度の改善には資さないと思われる。
- SU_11_128:記録の量・質が不足していると思われるがそれについての指摘がない。記録の内容についてのコメントがない。","- SU_10_109:There is no mention of the content of the practical training or the learner's own description. It is impossible to know what is not written, so there is a possibility that important feedback is being given without being written down, but I think it would be good to make sure that important feedback points are recorded.
- SU_10_115:The student's description itself is concerned with the everyday details of the case (fever follow-up) and less important technical points (the speed of spinal fluid output), so I think this is a difficult case for feedback. In cases like this, instead of giving bland feedback that ignores the content of the description, it would be better if the feedback could point out the appropriate learning points for the specialist field.
- SU_11_118:Compared to feedback1, there is no feedback in the practical training record. On the other hand, there is follow-up on the student's attitude during the practical training and the fact that they were unable to give a good presentation, and the fact that they made an effort to improve the content of their presentation is praised, so it feels like feedback that has looked closely at the practical training as a whole.
- SU_11_119:It gives the impression that the busy supervising doctor quickly wrote down their impressions of the student. They probably evaluated the student as having met the required standard with no particular problems when compared to the behavioural standards, but they did not evaluate the record that was written. It seems to be just a summary evaluation conclusion, so it is not thought to contribute to improving skills and attitude.
- SU_11_128:The quantity and quality of the records seems to be lacking, but there is no comment on this. There are no comments on the content of the records.","SU_10_109, SU_10_115, SU_11_118, SU_11_119, SU_11_128"
"HU-216","評価基準の軽視","negative","記載内容を踏まえていないフィードバック","連続性と一貫性","supervisor","Feedback that does not reflect the content of the report","Continuity and consistency","Neglect of evaluation criteria","- SU_22_137:学生の評価項目に即していない
- SU_22_148:評価基準に即していません","- SU_22_137:It is not tailored to the student evaluation items
- SU_22_148:It doesn't match the evaluation criteria.","SU_22_137, SU_22_148"
"HU-217","評価基準への不適合","negative","フィードバックの原則や基準に準拠しない記載","フィードバック基準や基本構造への準拠","supervisor","Entries not complying with feedback principles and standards","Adherence to the feedback criteria and structure","Non-compliance with evaluation criteria","- SU_11_127:評価基準を参照した評価、という意味ではfeedback1に劣るが、実習内容に即した評価、次の課題を提示できていて、全体としたfeedbackの質としてはこちらの方が上に感じた。","- SU_11_127:In terms of referring to the evaluation criteria, it is inferior to feedback 1, but it is more in line with the content of the practical training and presents the next task, so I felt that the quality of the feedback as a whole was better here.","SU_11_127"
"HU-219","詳細さの不足","negative","不十分な記述量","文章量","supervisor","Insufficient amount of description","Text length"," lack of detail","- SU_16_044:一言だけでフィードバックといえない印象。簡潔で分かりやすいが、もっと詳細に記載した方が良いと考える。
- SU_16_045:連絡事項になっている印象。支援的な内容が記載されていて良いと思うが、記録に対する具体的な記述が少なく、より詳細にフィードバックして欲しいと思う。
- SU_16_050:フィードバックになっていない印象。もう少し詳細かつ具体的に記載して欲しい。","- SU_16_044:The impression is that it is not possible to give feedback with just a few words. It is concise and easy to understand, but I think it would be better if it were more detailed.
- SU_16_045:The impression is that it is just a note. I think it is good that supportive content is included, but there are not many specific descriptions of the record, so I would like to see more detailed feedback.
- SU_16_050:It doesn't seem to be feedback. I would like it to be written in more detail and with more specifics.","SU_16_044, SU_16_045, SU_16_050"
