ID,feedback_provider,item,person,value,feedback_letter_count
04_001,f026,feedback,ai,"臨床実習記録を定期的に記入していることは非常に素晴らしいです。このペースを維持してください。いくつかの改善点を提案させていただきます。

1. 毎日の記録は可能な限り詳細かつ具体的に記載してください。例えば、病棟回診の内容や具体的な患者とのやり取り、そしてそれがどのように学びに繋がったのかを詳述することで、実習の振り返りがより有益になります。たとえば、「病棟回診で診たのは30代女性の2型糖尿病患者で、インスリン管理方法の具体的な調整方法を学んだ。」などの詳細があると良いです。

2. 学んだことや今後の課題を充実させましょう。特に、今後の課題については「特になし」ではなく、毎日小さな目標を設定してみてください。例えば、「血糖値の具体的な管理方法について更に深く学ぶ」「ステロイド使用患者の管理方法について研究する」といった具体的な学習目標があると、次回の実習がさらに効果的になります。

引き続き、実習を楽しみながら学びを深めていってください。",426
04_001,f026,feedback,supervisor,毎日丁寧に回診やカルテ記載に取り組めています。実際にリブレを体験することで患者さんにも具体的に説明することができるようになったと思います。引き続き頑張ってください。,82
04_002,f034,feedback,ai,"記録が順調に続けられている点は素晴らしいです。患者リスト、実習事項、学んだこと、今後の課題について具体的に記載されている点は評価できます。以下は改善のための具体的なフィードバックです。

1. 記録の継続性: 実習記録が1月9日と1月12日のみで、毎日の記録が漏れているようです。毎日記録する習慣をつけることで、日々の学びや経験をより詳細に振り返ることができます。たとえば、オペ見学以外の日にも学んだことや課題を記録してください。

2. 学んだことの具体性: 学んだことについてもう少し具体的に記述することをお勧めします。たとえば、肺腫瘍の病理診断の方法や、特定のオペ見学で学んだ手技やポイントについて詳細に書くと良いでしょう。「実際に見た手技で印象に残った部分」や「手術の特定のステップで気をつけるべきこと」を詳細に記録してみてください。

引き続き、実習の成果や学びを記録し、今後の学習に役立ててください。",406
04_002,f034,feedback,supervisor,では、肺の解剖を今後は指導するようにしていきます。,25
04_003,f011,feedback,ai,素晴らしい仕事をしていますね！毎日詳細に記録を取っているのは非常に評価できます。いくつかの具体的なフィードバックがあります。まず、学んだことをもう少し詳細に記載すると良いでしょう。例えば、4月1日の「筋緊張の評価」について、どのような方法を使ったのか、何を観察したのかを具体的に記載してみてください。また、今後の課題も具体的にするとより効果的です。例えば、「HIEの予後について学ぶ」を「HIEの長期的な予後に関する最新の研究文献を3つ読む」にすると、行動に移しやすくなります。以上の点を改善していけば、より充実した実習記録になるでしょう。この調子で頑張ってください！,284
04_003,f011,feedback,supervisor,担当患者さんの毎日の回診ありがとうございます。担当患者さんは、HIE急性期から慢性期に移行しつつあります。「学んだこと」にある筋緊張に関しても、当初の筋緊張低下から筋緊張亢進へと変化つつあることが、体感できているのではないかと思います。現在担当患者さんは、在宅移行に向けて多職種で連携しながら、必要な治療やケア、社会的資源を評価・調整している段階ですので、その過程を勉強してもらえると良いと思います。,200
04_004,f008,feedback,ai,"まず、記録をしっかりと書いていることは非常に良い点です。自分の経験を詳細に記載することで、後から振り返る際に非常に役立ちますし、自分の成長も確認しやすくなります。いくつかのポイント改良することで、さらに有益な記録になります。

1. 毎日の記録継続：1月9日と1月12日の記録のみで、連続性が欠けています。日々の経験を欠かさず記録することで、知識の定着や課題の進捗を追いやすくなります。例えば、「患者リスト」は日々変わる患者情報を具体的に書き、毎日の実習内容も詳細に記録してください。

2. 学んだことの具体性：1月9日と1月12日の「学んだこと」は全体的に抽象的です。具体的な技術や知識を加えてください。例えば、1月12日の「守備範囲の広さを知った」に加えて、特にどの手技が印象に残ったか、どの部分が難しかったかを記載すると良いでしょう。

3. 記録の改善：1月9日の今後の課題は「呼吸器解剖を把握したい」と簡潔ですが、具体的な学習計画を示すと更に良いです。例えば、「呼吸器解剖についての具体的な教科書や図譜を使って復習し、次回の実習までに主要な肺区域を理解する」などが良い例です。",494
04_004,f008,feedback,supervisor,病変の大きさ、局在（場所）を含む画像の所見によって肺生検の適応は検討されます。今回のように診断困難、偽陰性の可能性が高くなるであろう症例では手術での生検が行われます。解剖の知識があると手術見学での理解が深まると思いますので頑張りましょう。,119
04_005,f038,feedback,ai,記録を継続的に行っている点は素晴らしいです。ただし、いくつかの改善点があります。まず、毎日記録を欠かさず書くことで、全体的な進歩をより正確に把握できるようになります。1週間を通じた連続性を持たせるためにも、毎日記録を記載するように心がけましょう。次に、学んだことについてもう少し具体的に記述できると良いです。例えば、「膵頭部切除の手技を学んだ」ではなく、具体的な手技や注意点について詳しく書くことで、将来再確認が必要なときに役立ちます。また、今後の課題を設定する際には、より具体的で実行可能な目標を定めると良いでしょう。「手術の方法についての知識をさらに必要と感じた。」ではなく、「週に1回関連文献を読み、手術手技についての理解を深める」など具体的なアクションプランを考えてみてください。これにより、改善点が明確になり、取り組みやすくなります。,372
04_005,f038,feedback,supervisor,"毎日遅刻なく、身だしなみを整えて実習に参加できました。
また患者さんとのコミュニケーションもとれていたと思います。
患者さんと話すためには、その病態把握のために事前知識が必要であり、
知らないことは自主的に勉強しないといけないということを理解してもらえたとしたら、成功であったと思います。",144
04_006,f011,feedback,ai,"とてもよくやっています！毎日の記録がよく詳細に書かれており、特に実習内容や学んだことが具体的で役立ちます。以下の改善点も参考にしてください。

まず、毎日記録を取る習慣を続けてください。日付が記載されていない日はスキップされていますが、継続的に記録することで学びが深まりやすくなります。

次に、「学んだこと」と「今後の課題」はさらに具体的に書けるように心がけてください。例えば、学んだことに具体的なエピソードや患者の状態との関連性を追加すると理解が深まります。「今後の課題」についても、例えば具体的にどんな勉強をするか、どのように実際に患者対応に役立てるかなどを詳細に記述すると良いでしょう。

最後に、自分の理解や学びを他の実習生や医師と共有する機会を作るとさらに良いです。例えば、学んだ内容をプレゼンテーション形式でまとめるなどすることで、自身の理解がより深くなり、他者からフィードバックも得ることができます。

引き続き頑張ってください！",423
04_006,f011,feedback,supervisor,"疾患や画像検査について学んだことをまとめて下さり、ありがとうございます。1週目からよく勉強されましたね。担当患者さんで今週行ったPET, MRIの所見を自分なりに評価してみて下さい。特に乳児のMRIは髄鞘化が未完成なので年長児や成人とずいぶん見た目が異なります。がんばって下さい。",140
04_007,f036,feedback,ai,"あなたの臨床実習記録は非常に詳細で、毎日の活動を分かりやすく記述しています。特に患者リストにおいて、症例ごとの状況や診断、治療方針を丁寧に書いている点が素晴らしいです。また、学んだことと今後の課題に具体的な内容を記載していることも高く評価できます。

しかし、向上のためには以下のポイントに注意すると良いでしょう。

1. 実習内容の詳細化: 実習事項の報告だけでなく、具体的にどのような手技や観察を行ったのか、またその結果どのような知見を得たかをもう少し詳しく書くと、一層深い学びになります。例えば「腰椎穿刺見学」では、「手技のプロセスやパフォーマンスの評価、手技中に観察した具体的な所見」などを記述してみましょう。

2. 学んだことの具体例: 学んだことに関して、より具体的な患者の例や具体的な治療経過を記述すると、より実際の臨床に役立つ内容になります。例えば、「ALS治療では核酸医薬の開発も進んでいる」については、どういった具体的な薬が開発中で、どのような効果や副作用が予測されているのか記述すると理解が深まるでしょう。

あなたの実習記録は非常に前向きかつ具体的なので、この調子で頑張ってください！新しい課題にも積極的に取り組み、自分のスキルを一層高めていきましょう。",540
04_007,f036,feedback,supervisor,学んだことを大変細かく記述していただき、素晴らしいです。課題だけでなく対策も具体的に挙げられており、積極的な研修が出来ています。是非色々な症例を通じて神経内科の魅力を知っていただければと思います。,98
04_008,f007,feedback,ai,実習記録を毎日詳細に記載することが重要です。しかし、1月12日の記録が2回入力されているので注意してください。今後の課題として、患者さんに対する具体的な治療や観察の役割について明確にすることが必要です。また、学んだことをもっと具体的に掘り下げて記載すると良いでしょう。例えば、PET検査やMRIの見学で何を観察し、どういった知識が新たに得られたのか、臨床にどう応用できるのかを記載するとさらに良いです。あなたの努力が見える形で記録されているので、その点は非常に良いです。今後も詳細な記録と具体的な課題の設定を続けてください。,262
04_008,f007,feedback,supervisor,今週は検査が多かったですね。小児の検査を安全におこなうには成人にはない準備などが必要です。そうして得られた結果を発熱時の血液検査や脳波含めて一つひとつ一緒に確認していきましょう。回診の際には検査のねらいを回診医と話ができるといいと思います。課題にあげていただいている乳児てんかん性スパズム症候群の治療にも踏み込んでいければと思います。,167
04_009,f017,feedback,ai,こんにちは、実習記録の記入お疲れ様です。毎日記入することが求められていますので、まずは空いている16日や他の日についても記録を残すように意識しましょう。また、各項目についてもう少し詳細を記載してください。例えば、回診時にどのような症例を見たか、具体的な診察内容や治療方針を記載するとよいです。学んだことに関しても、てんかん急性期の対応だけではなく、具体的な対応方法やポイントを載せるとさらに良いでしょう。次回の記録から、一歩踏み込んで具体的な内容を書くことを意識してみてください。,240
04_009,f017,feedback,supervisor,積極的にいろんな分野の実習に参加できていました。これからも頑張ってください,37
04_010,f038,feedback,ai,この1週間の臨床実習記録は、細かい実習事項と学んだことが記載されており良かったです。いくつか改善点を挙げますね。まず、「学んだこと」をさらに具体的に記載することを目指しましょう。例えば、「手術の基本的な流れ」を説明する際に、具体的な手順やポイントを詳しく記述することで、自身の理解を深める助けになります。同様に、「脈管の見分け方」についても具体的な方法やコツを記載すると良いでしょう。また、「今後の課題」に対しては、具体的なアプローチ方法や目標を具体化すると、実践しやすくなります。例えば、「埋没法をスムーズに出来るようになりたい。」という課題に対し、「週に1回、縫合練習に取り組む」などの具体的なアクションを設定してみてください。これからも頑張ってくださいね！,331
04_010,f038,feedback,supervisor,できるようになりたいことをどんどん言っててください、可能な範囲で対応します。,38
04_011,f007,feedback,ai,"素晴らしい仕事をしています。毎日しっかりと記録をつけており、それが実習での学びを深める助けになっていると思います。以下の点についてもう少し詳しく書くことで、さらに自分の学びを深めることができるでしょう：

1. 実習内容に関して、見学したオペの具体的な詳細を書き加えると良いでしょう。手術の流れや特に印象に残った手技、術者の考え方などを記録することで、自分の学びをより具体的に振り返ることができるようになります。

2. 学んだことをさらに具体的に書くと良いですね。例えば「ドレーン交換の手順及び注意点」ではなく、具体的な手順や注意点を具体的に列挙すると、後で見返す際により役立つ情報となります。

全体的にしっかりと記録ができており、自分の学びと今後の課題を整理している点は非常に素晴らしいです。少しだけ内容を具体的にしてみると、さらに良い記録になるでしょう。",381
04_011,f007,feedback,supervisor,天候などのこともありイレギュラーな週でした。来週は手術がメインになりますのでよろしくお願いします。,49
04_012,f007,feedback,ai,"素晴らしい記録ですね。毎日詳細な記録をしっかりとつけていることにまず感心しました。特に、学んだことや今後の課題について具体的に書かれている点が非常に良いです。以下、さらに記録を充実させるためのフィードバックを提供します。

1. 患者リストに関する情報をもう少し詳細に記載すると、後で振り返るときに役立ちます。例えば、患者の既往歴や診断経過、治療計画についても追加してみてください。

2. 学んだことについては、例えば「どのように脈管の見分け方を教わったのか」や、「ドレーン抜去の具体的な手技」など、もう少し具体例や詳細を添えると、理解が深まり、後での復習にも役立ちます。

これらの改善点を意識して今後の記録を続けてください。頑張ってくださいね！",325
04_012,f007,feedback,supervisor,画像所見、手術手順については事前に担当医と確認（ブリーフィング）しておくと手術見学の理解が深まると思います。遠慮なく質問してください。縫合、処置については繰り返しで上達できると思います。できるだけ機会を提供できるようにしたいと思います。,118
04_013,f015,feedback,ai,"まず、毎日記録を欠かさず行えている点は素晴らしいです。実習の経験を詳細に記録することで、自分の成長を実感しやすくなります。ただ、記録の内容をもう少し詳細かつ具体的に書くと、より有益な学習支援になります。

1. 実習事項について: どのような手順や医学的なポイントが重視されたかを具体的に記述すると、後で見返したときに理解が深まります。例えば、「回診」については、どんな症例があったのか、医師がどんな診断や治療方針を説明していたのかを書いてみてください。

2. 学んだことについて: 具体的な内容を書くことで、学びをより深く記憶に刻むことができます。例えば、「マルクのやり方」については、具体的にどんな手順を見たのか、注意すべきポイントや学んだ知識を詳細に書くとよいです。

これらの改善を試みることで、実習記録がより充実し、自分自身にとっても価値のある記録になるでしょう。引き続き頑張ってください！",401
04_013,f015,feedback,supervisor,担当症例を回診した内容についてカルテ記載を丁寧にされていました。また、症例発表の準備に際しては、小児白血病のリスク分類についてよくまとめられていました。臨床実習では医療の現場で必要なスキルや知識を身につける貴重な機会ですので、チームの一員として積極的に取り組んでいただければと思います。,143
04_014,f002,feedback,ai,まず、毎日記録をつけている点は素晴らしいです。ただし、2024年1月17日の記録が抜けているようですので、毎日欠かさず記録を続けることを意識してみてください。経験したことや学んだことについて、具体的な詳細が記載されており、その点も非常に良いです。ただ、一部の「学んだこと」と「今後の課題」が短く、もう少し深掘りできると思います。例えば、『胸腔ドレーンについて』では具体的な操作手順や注意点、『胸腔の解剖』はイラストや参考にした文献の名前などを記載すると、自己学習や振り返りに役立ちます。また、『迷った時はクランプテスト』の具体的なやり方や判断基準も追加すると良いですね。今後もこの調子で詳細かつ具体的に記録を続け、さらに実習を深めていきましょう！,323
04_014,f002,feedback,supervisor,ポイントとして挙げてくれたことについて、ラウンドしているときなど、どんどん質問をしてくださいね。,48
04_015,f027,feedback,ai,"お疲れさまでした！あなたの記録は全体的に詳細かつ具体的で、注意深く観察していることがよく分かります。以下のフィードバックを提供します。

1. 毎日の記録を欠かさずに行うことが重要です。2月23日は記録がありませんでしたので、毎日の実習内容をしっかり記録する習慣をつけましょう。これにより振り返りやすくなり、知識の定着にも繋がります。

2. 学んだことや今後の課題について、さらに具体的な事例や数字を交えて書くと良いです。例：「心不全の治療」に関して、「フロセミドの適切な投与量や、効果の評価方法について学ぶ」など。

3. 経験したことをさらに詳細に記述するとより良いです。例えば、「患者説明」の部分を具体的にどのように行ったのか、どの部分が難しかったかなどを書き加えると、次回の改善点が明確になります。引き続き頑張ってください！",367
04_015,f027,feedback,supervisor,実習お疲れ様でした．いつもカンファレンスではわかりやすい発表をされているので，丁寧な準備をされていると感心します．どの科に進んでもらっても必要な高齢者の診かたを学んでもらえたと思います．今後も充実した実習を送れるよう願っています．,115
04_016,f001,feedback,ai,"臨床実習記録をしっかりと記載しており、特に重要な学びや今後の課題を具体的に挙げている点は非常に良いですね。ただし、いくつか改善できる点がありますので、以下のフィードバックを参考にしてください。

まず、毎日の記録を欠かさず行うことが重要です。1月17日分の記録がありませんので、できるだけ毎日記録をつけるように心がけてください。次に、学んだことを具体的なケースやエピソードと結びつけて記載すると、より理解が深まります。例えば、「CTでの構造物の見え方」を学んだときには、具体的にどのような症例でどの部分を見ていたかを書けると良いでしょう。

最後に、今後の課題についても具体的な目標とアクションプランを明確にすることで、次のステップが取りやすくなります。例えば、「胸腔の解剖を学ぶ」とした場合には、「解剖図を見ながら、主要な構造物を30分間復習する」などの具体的な方法を記載すると良いでしょう。これからも頑張ってください！",411
04_016,f001,feedback,supervisor,1月15日の症例は胸腺癌ではなく胸腺腫ではないかと思います。胸膜播種を伴う胸腺癌の場合は通常、volume reduction手術、胸膜肺全摘のような高侵襲処置は適応になりません。胸腺癌と胸腺腫（境界のような組織型もあります）では治療方針が大きく違いますの確認をしましょう。化学療法はCAPではなくCAMP (Cisplatin+Adriamycin ＋MethylPrednisolone）療法ですね。縦隔の手術は大血管の解剖学習のいい機会と思いますので画像を再確認するのがよいと思います。,246
04_017,f020,feedback,ai,あなたの臨床実習記録は詳細で、一貫して毎日記入されている点が素晴らしいです。以下の点を改善するとさらに良くなると思います。1) 患者リストについて、同じ患者が続く場合でも症例の進展や変化についても記載すると、実習の状況がより明確になります。例えば、「乳児・女・低出生体重児・体重増加あり」などの情報を追加してください。2) 今後の課題は、より具体的に書くと役立ちます。現在の記述は少し抽象的なので、「スライド修正」と記載する場合、具体的にどの点を修正するのかを明記すると良いです。例えば、「画像の解像度を上げる」や「フォントサイズを大きくする」などです。今後もこの調子で頑張ってください！,294
04_017,f020,feedback,supervisor,各症例に応じて、その病態や治療について詳しく学んでいたと思います。また、症例発表の準備に際しては、きちんと成書を読み込んで、ポイントに沿ってしっかりまとめることが出来ていました。小児科はもちろん、他の科の実習に行った際も、今回のように病態を踏まえながら検査や治療の意義や特徴をしっかり学んでいってもらえればと思います。,159
05_018,f001,feedback,ai,"あなたの臨床実習記録は非常に良く、特に詳細な患者情報や学んだ内容が具体的で役に立ちます。以下に2つのフィードバックを提供します：

1. **毎日の記録を維持すること**: 1週間を通じて毎日記録を続けている点は素晴らしいです。この習慣を維持し続けることで、自分の学びを一層確かなものにできます。また、記録をする際には各日の学びや課題の進捗についても詳細に記述すると良いでしょう。

2. **今後の課題の具体化**: 今後の課題については、さらに具体的に記述することで達成しやすくなります。例えば、「処置・手技を迅速かつ的確に行えるようにする」という目標に対して、「特定の処置を毎日少なくとも3回練習する」や「指導医に定期的なフィードバックを求める」といった具体的なアクションプランを加えると良いでしょう。

これからもモチベーションを高く保ち、実習記録を続けてください。あなたの取り組みは成果を生むはずです。",406
05_018,f001,feedback,supervisor,"担当の患者さんは多くの医療を必要とされています。ひとつずつ挙げて確認し把握をするようにしていきましょう。
また、すでに多職種が関わっていますが、退院に向けた準備では特に入院中および退院後含めて多職種とのかかわりが広がりますので、患者さんと患者さんご家族を中心に据えてそれらを理解していきましょう。",148
05_019,f011,feedback,ai,"あなたの臨床実習記録にはいくつかの良い点があります。毎日異なる患者や実習内容に言及し、学んだことを記載しています。それは非常に素晴らしいです。一方で、いくつかの改善点もあります。

まず、一部の日付に記録が欠けているので、毎日記録をつけることを心掛けてください。また、実習内容や学んだこと、今後の課題について詳細かつ具体的に記載することが重要です。たとえば、「異染性白質ジストロフィーについて学んだ」という記載がありますが、具体的に何を学んだのか（症状や治療法、診断方法など）を詳しく書いてみましょう。同様に、今後の課題も具体的にします。例えば「発表準備開始」ではなく「特定のトピックや患者について発表準備を行う」と書くと良いです。

最後に改善点として、患者の状態や治療経過についても簡単に触れることで、より豊かな学びが記録されるでしょう。あなたの今後の成長を期待しています。",389
05_019,f011,feedback,supervisor,担当患者に関して、毎日回診し急性期から慢性期まで経過を見ていただくことで、疾患の治療や評価のみならず、退院に向けての取り組みや流れまで、幅広く体験していただけたのではないかと思います。自主的に、Sarnat分類やTompsonスコア、海外文献をもとに児の重症度や予後を予測していただいた点も良かったと思います。小児の治療は家族の協力が不可欠ですので、患者家族との接触する機会がもっと取れるとより良かったと思います（この点はそのような場を設けることができなかった我々の不手際でもありますが）。今回の実習で学んだことを、単なる知識として終わらせることなく、貴重な経験として医師になった後にも役立ててもらえると嬉しいです。また、症例発表でのスライド・発表は、内容・時間配分ともに非常に良かったと思います。今後の学会発表などに役立ててください。,368
05_020,f016,feedback,ai,素晴らしい記録です！毎日しっかりと実習記録を取っており、各日付の活動内容や学びを書き出している点が非常に評価できます。以下の点に注目して、さらに良い記録を作成できるようにしましょう。 1. 詳細さを向上させるために、学んだことや今後の課題についてもう少し具体的に記載すると良いでしょう。例えば、1月22日の「ゲフリールの工程」について、どのような工程が含まれていたのか具体的に書き加えると、より深く理解できます。 2. 学んだことに関して、客観的な情報だけでなく、どのようにそれを実践できるか、自分自身の理解の深まりや疑問点も記載すると、学びがより明確になります。例えば、「胸腔鏡カメラの使い方」について、自分の操作のどの部分が難しかったかや、どのように改善できるかを書いてみると良いです。 引き続き、積極的に学び、具体的な事項に焦点を当てて記録を残すことで、実習の有益性が高まります！応援しています。,401
05_020,f016,feedback,supervisor,細かく記載してくれてありがとうございます。頑張ってください！,30
05_021,f003,feedback,ai,まず、毎日の記録がしっかりと行われている点は非常に良いです。経験したことや学んだことを詳細に記述する努力が見られます。さらに改善できるポイントをいくつか提案します。一つ目は学んだことの部分です。例えば、「低血糖の治療は50%ブドウ糖注射液20mL以上の静脈注射」という記述には、適応基準や何故その治療法が選ばれるのかといった背景情報を追加すると更に具体性が増します。二つ目は、今後の課題をもう少し具体的かつ実行可能にすることです。例えば、「心不全の治療」ではなく、「心不全の最新の治療ガイドラインを読み、次回の患者カンファレンスで発表」といった具体的な行動計画にすることで、行動を明確にします。引き続き、継続した具体的な学習と実践を大切にしてください。,326
05_021,f003,feedback,supervisor,実習お疲れ様です．common diseaseも多いので，国試にもでる重要事項を診療しながら振り返る機会になっていると思います．火曜日の発表も楽しみにしています．,81
05_022,f011,feedback,ai,以下のような点が上手にできていることを強調しておきます。まず、毎日の記録がしっかりと行われていること。そして学んだことが具体的であり、実習で得た知識を明確に表現していることは非常に良い点です。 しかし、改善すべき点もいくつかあります。まず「学んだこと」にもう少し具体性を加えることで、将来的にその知識をどう活かすかが明確になるでしょう。例えば、『ゲフリールの工程』については、具体的にどのような手順だったのか、どのような点が難しかったかなどを記載すると良いです。次に、今後の課題についても具体性を持たせると良いでしょう。たとえば、『断端再発と炎症性結節について』という課題に対して、『具体的にどの資料を参照するか』や『どのような方法で学ぶか』を明記すると、学習計画が立てやすくなるでしょう。引き続き、この調子で記録を続け、より具体的な記述を心がけてください。,379
05_022,f011,feedback,supervisor,"よく頑張りました。
呼吸器外科がどういう科かわかってもらえたかと思います。
さらに、今後、肺移植という医療もA大学でできるようになります。
興味があれば一緒にやりませんか？
呼吸器外科を候補の一つに挙げておいていただけると嬉しいです。
それでは。",123
05_023,f026,feedback,ai,"1. 毎日記録をつけていること、特に患者の詳細な情報や実習内容を具体的に書いている点は非常に素晴らしいです。ただし、患者リストや実習内容についてもう少し追加の詳細を書くとさらに良くなります。例えば、患者の具体的な症例や治療プロセスのステップを追記することで、学んだ知識がより深く記録されます。

2. 学んだことの部分では、理解できた内容を詳細かつ具体的に記述している点が良いですが、さらに具体的なエピソードや例を挙げると記録として充実します。例えば、「誤嚥性肺炎について学んだ」とだけではなく、具体的な症例や使ったツール、観察した結果などを追加するとなお良いでしょう。

3. 今後の目標についても具体性を増すと効果的です。「朝カンファ時のプレゼンの方法」とありますが、実際にどのような資料を準備する予定なのか、どのようなポイントに気をつけたいのかなども記述すると、フィードバックを受けやすくなります。例として「次回の朝カンファでは、患者の過去の病歴と今後の治療計画をまとめた資料を作成し、主要な5つのポイントに絞ってプレゼンテーションする」といった具体的な計画を立てることが推奨されます。",496
05_023,f026,feedback,supervisor,嚥下評価や認知症外来に同席いただき大変勉強になったと思います．今後、ミニレクチャーでフォローしますが、実際を知っているのと知っていないのとでは大違いなので、貴重な体験であったと思います．引き続き頑張ってください．,106
05_024,f015,feedback,ai,"素晴らしい仕事ですね！記録を毎日欠かさず継続することで自身の進捗を確実に把握できています。実習事項では具体的な活動内容を詳細に記載しており、自分の関与や観察内容がとても明確です。以下に改善点と提案を2点示します。

1. 学んだことの詳細記載: 学んだことについてもう少し深掘りしましょう。たとえば、「胸腔鏡カメラの使い方」では具体的にどのように使うのが重要なのか、何が難しかったのかなどを詳細に記載するとより効果的です。次のように記載するのはどうでしょう：「胸腔鏡カメラの使い方として、特にカメラのアングル調整が難しく、術野全体を均等に照らすのに苦労しました。」

2. 課題の具体性強化: 今後の課題についても具体性を持たせることで達成しやすくなります。例えば、「運針、糸結びの練習」を次のように具体的に記載してみてください：「毎日30分の運針の練習を行い、1週間以内に5分以内で運針を完了できるようにする。また糸結びについては、目視確認と手の感覚を鍛えて効率良く行えるよう練習する。」

今後も継続的に記録を詳細に書くことで、学習効果をさらに高めていきましょう。",484
05_024,f015,feedback,supervisor,切除断端部の再発、肉芽腫の鑑別は術後に時々遭遇する病状です。先日お渡しした文献をきっかけに理解を深めてもらうとよいと思います。また抄読会については短い時間でよく理解をして発表できたと思います。お疲れ様でした。,104
05_025,f010,feedback,ai,1. 毎日記録をつけていることは素晴らしいです。さらに向上するために、実習内容や学んだことをより具体的に記載してください。例えば、「BLSについて」と記すだけでなく、具体的な手順や重要ポイントを記載することで、より深い理解と記録の再利用が可能です。2. 今後の課題についても具体的にすることで、次回の目標設定や復習が効率的になります。例えば、「心電図が少しだけ読めるようになったような」と書くところを、「具体的な心電図の波形や異常所見を理解するために、参考書を用いて〇〇部分を重点的に学びたい」と記載するのはいかがでしょうか。引き続き頑張ってください！,276
05_025,f010,feedback,supervisor,救急や循環器内科に関して貴重な経験が積めていることが感じられます。この調子で続けてください。BLSについてどのような点が貴重な経験だと感じたのかや、心電図についてどのような所見が読めるようになったと感じたのかなど、具体的に書いておくと良い記録になると思います。次の振り返りに生かしてください。,146
05_026,f018,feedback,ai,素晴らしい仕事をしています！記録が各日詳細に記載されており、忙しい実習の中でもしっかりと時間を取る姿勢は立派です。いくつかの具体的なフィードバックを提供します。1つ目は、学んだことや今後の課題について、もう少し具体的な事例や自分の考察を加えるとさらに良いです。たとえば、1月22日の“ゲフリールの工程”について、「工程のどの部分が難しかったか」、「どの部分で特に自分が注意したか」などの詳細を書くことです。2つ目は、患者リストについてです。患者の診療情報が詳細に書かれているのは良いのですが、どのようなことに注意を払ったかや、自分なりの診断の考えをもう少し書いてみると学びが深まります。記録全体としては非常に良い出来であり、少しの改善で更に充実したものになるでしょう。頑張ってください！,343
05_026,f018,feedback,supervisor,担当、見学症例から自主的に学習することができていてよかったと思います。実習では一部しか見ることができなかったと思いますが呼吸器外科学、呼吸器外科診療に興味をもってもらえれば幸いです。,91
05_027,f020,feedback,ai,"記録のフォーマットに従って、毎日の記録をしっかりと行えている点は素晴らしいです。実習事項や学んだことも具体的に書かれており、特に技術的な細かい気づきや学びが詳細に記述されている部分は非常に優れています。次の点を改善するとさらに良い記録になるでしょう。

1. **患者リストの詳細記入**：診断名や症状だけでなく、患者の経過や現在の治療状態についても詳しく記述すると、より一貫性のある情報が提供できます。例を挙げると「6歳男児：B-ALL再発、現在血球数nadir、抗がん剤療法開始3日目」など。

2. **学んだことの掘り下げ**：学んだことが非常に具体的に書かれていますが、その学びがどのように日常業務に役立つか、具体的な応用方法を記述するとさらに良いです。例えば「骨髄採取の技術を向上させるため、次回はどの点に注意すべきか」や「化学療法の副作用について患者にどのような説明をするか」など。

これらのポイントに注意して記録を続けていけば、さらに充実した臨床実習記録が作成できるでしょう。引き続き頑張ってください。",460
05_027,f020,feedback,supervisor,"実習を通して、小児がんの診断、治療、長期にわたる影響、などを勉強していってください。
特殊な領域ですが、患者・患者家族との関わり方についても貴重な経験ができると思います。",85
05_028,f011,feedback,ai,"1週間の実習記録お疲れ様でした。全体的に良く記録できていますが、いくつかの改善ポイントもあります。

まず、毎日記録をしっかりと続けていることは素晴らしいです。この習慣は実習を通じて得た学びや経験を深める助けとなります。

具体例に基づいた学びも良くできており、特に患者の反応や変化をきちんと観察して記録することができています。しかし、更に詳細で具体的な点を書き加えることで、今後振り返る際の参考にしやすくなるでしょう。例えば、『担当患者が以前より話してくれるようになった』という記述には、どのような内容やトピックで話ができるようになったのかを具体的に書くと良いでしょう。

また、『今後の課題』の部分をもう少し具体的に書くことをお勧めします。例えば、『診察で学んだことをレポートにまとめる』という課題については、『レポートでは具体的にどの点を深掘りして考察するか、どの文献を参照するか』などの詳細を記述することができます。これにより、課題が実行可能で明確になります。

引き続き、詳細かつ具体的な観察と記録を心がけてください。あなたの成長を楽しみにしています。",481
05_028,f011,feedback,supervisor,有難うございました。その時々でしっかり吸収していってもらっているようで、何よりです。頑張ってもらっていると思います。もう少しですが、よろしくお願い致します。,78
05_029,f020,feedback,ai,"今回の記録は全体的に良く書かれており、特に患者の病状や治療の進行についての情報が詳細で分かりやすいです。以下の点について改善を検討してください：1. 記録の継続：1月9日から1月12日の4日間記録が続いていますが、毎日記録することを徹底しましょう。1月13日の記録がないことが気になります。2. 学んだことの詳細化：例えば、1月10日の """"身体診察について学ぶことができた"""" という記述は抽象的です。具体的なポイントや学んだ技術、知識についてもう少し詳細に記載してください。例えば、""""身体診察で特に関節液貯留の触診の方法を学びました"""" などです。3. 今後の課題について：課題の具体性と実行計画を記載すると良いです。例えば、""""プレゼンテーションの仕方を勉強していきたい"""" という記述を改めて、""""来週のカンファレンスでプレゼンを担当する予定なので、事前に指導医に練習を見てもらい、フィードバックを受けることで改善を図ります"""" などと書くと、具体的に何をすべきかが明確になります。引き続き頑張ってください。",459
05_029,f020,feedback,supervisor,関節痛の鑑別診断について学んだということでよかったです。診察のどんなところに苦労したか、についても記載すると振り返りになります。毎日に記録を続けてください,77
05_030,f010,feedback,ai,記載されている実習内容は非常に具体的であり、どの手術を見学したのかが明確です。しかし、臨床実習記録を毎日行うことが求められている点を改善する必要があります。記録の欠如は大きな課題となるため、日々の実習後に即座に記録を残す習慣をつけることをお勧めします。例えば、日記帳やメモアプリを活用し、短いメモをその場で取ることで後から記録をまとめることが容易になります。また、見学した手術や実習内容について学んだことや感想をもう少し詳細に書き添えると、将来的に振り返りやすくなります。例えば、『手術中に使用された器具や手技の名称、その背景にある理論』なども記載すると更に良くなります。今後の目標や改善点に対しても、自分で設定しやすくなるでしょう。毎日の記録を通じて、実習の振り返りと学びの整理を行い、充実した実習体験を積み重ねてください。,363
05_030,f010,feedback,supervisor,頑張ってくれています。さらに積極的にいろいろな質問をしてください。,33
05_031,f009,feedback,ai,"毎日記録を取っている点をまず褒めたいと思います。具体的なフィードバックとして、以下の点に注意するとさらに良くなるでしょう。

1. 各日の実習記録がやや簡潔すぎるため、もう少し詳細に記述してください。例えば、具体的な診察内容やカルテ記載における工夫、篠島診療所での医療体制について、何が印象に残ったかなどを具体的に書くと良いでしょう。

2. 学んだことについては、具体的な症例や新たに得た知識について詳細に記述しましょう。例えば、「救急の症例」について具体的にどのようなことを学んだのか書くと理解が深まります。

3. 今後の課題についても、具体的な行動計画を立てると良いでしょう。例えば、「アセスメントを頑張る」とある場合は、どのような点を強化したいか、どのように学んでいくかについても触れると実践しやすくなります。

引き続き、努力を続けてください。あなたの積極的な姿勢を応援しています！",397
05_031,f009,feedback,supervisor,患者診察、カルテ記載などしっかりできています。研修医など他のスタッフとも意思疎通しながら自習できていました。,54
05_032,f027,feedback,ai,記録の詳細に関しては非常によくできています。特に患者の症状や所見、学んだことについて詳細かつ具体的に書かれており、よく理解していることが伝わります。ここからさらに次の点を改善するとより良くなるでしょう：1. 毎日の記録をまとめるために、すべての日をカバーするよう心がけましょう。臨床実習中に忙しいこともあるかと思いますが、毎日の振り返りを行うことで学びを定着させられます。2. 今後の課題について、具体的な計画を立てる助けとして、達成目標や具体的なアクションステップを設定してみてください。例：「カンファレンスでのプレゼンの技術を向上させるため、次回までに2つの文献を読み、その内容をまとめる」。このようにすると、自分自身の進捗が具体的に測定しやすくなります。全体的には素晴らしい記録ができているので、この調子で頑張ってください！,365
05_032,f027,feedback,supervisor,症例の経過と治療を具体的に書けていて良いです。横紋筋融解症についてどのようなことを学んだのか、もう少し詳しく書けると良いですね。毎日の記録を続けて下さい,76
05_033,f040,feedback,ai,まず、毎日記録を欠かさず行うことが大切です。特に5月9日の日記が空白となっているので、実習日ごとに記入する習慣をつけましょう。次に、各日付の記録内容が具体的ではない点が気になります。例えば、「病棟回診の見学」だけでなく、回診中にどのような症例を見たのか、指導医からどのような指導を受けたのか、具体的に記載すると良いでしょう。また、学んだことや今後の課題についても記載がありませんが、これらも実習経験を深めるためには重要です。例えば、「悪性胸腺腫についての講義では、診断に使用する主要な画像検査とその特徴を学んだ。今後はこれらの特徴を日々の診療で意識できるようにする」などのように具体的に記載しましょう。どうぞ継続的に頑張ってください。,317
05_033,f040,feedback,supervisor,これからも頑張ってください！,14
05_034,f029,feedback,ai,記録を始めていることが素晴らしいですね、特に患者さんの病歴や治療内容を具体的に記載している点が良いと思います。いくつか改善点を挙げるとすれば、まず実習内容をもう少し具体的に書くと良いでしょう。例えば、朝カンファレンスや回診でどのようなことを学んだか、具体的な患者さんとの関わり方について詳しく記述することで、自身の振り返りが深まります。また、学んだことについても具体的なポイントをもう少し詳細に述べると良いかと思います。CGA（包括的高齢者評価）の意義を学んだと記載していますが、具体的にどのような意義があると感じたのか、どういう点が重要だったのかを書いてみてください。例えば、『CGAの意義について理解が深まり、高齢者患者の包括的な生活背景や身体状況を考慮する重要性を感じました』といった具体例を挙げると良いでしょう。これからも頑張ってください。,374
05_034,f029,feedback,supervisor,適切なアセスメントだと思います。採血などの手技も積極的に挑戦していただければと思います。,44
06_035,f025,feedback,ai,"素晴らしい仕事をしました！毎日記録をつけ、患者リストや実習事項を具体的に記載している点が非常に良いです。この取り組みがあなたの学びを深める助けになります。

1. **記録の詳細化**: 学んだことや実習事項について、さらに具体的な詳細を記載すると良いでしょう。たとえば、「腹腔鏡でどの臓器・血管が見えるのか」について具体的な臓器・血管の名前を挙げるなどです。こうすることで、後で見返した際に記憶が鮮明になります。

2. **今後の課題の具体性**: 今後の課題について、もう少し具体的に設定することをお勧めします。例えば、「埋没縫合・結紮の方法を復習する」という課題の際には、どの講義資料や参考書を使用するか、どの期間内に、どれくらいの時間をかけて取り組むかを記載すると良いです。

今後もこの調子で記録を続け、学びの質を高めていってください。応援しています！",382
06_035,f025,feedback,supervisor,"とても意欲的に取り組んでいただきこちらも刺激的でした。
手術手技をもっと教えられるとよかったと反省していますが、これからの楽しみと思っていただけるとよいと思います。
手術はとても魅力的な世界なので、ぜひこれからも積極的に取り組んでください。
４週間お疲れ様でした。",132
06_036,f027,feedback,ai,"以下は、あなたの臨床実習記録についてのフィードバックです。

まず、毎日の記録を欠かさず行えていることが素晴らしいです。患者リストや実習内容も詳細に記載されており、自分の学んだことをしっかりと整理できている点が高く評価できます。

1. 記録の詳細度をもう少し具体的にしましょう。たとえば、神経診察の具体的な手技（例えばバビンスキー反射の確認方法など）や同意書の取り方がどう難しかったかを示すと、今後の学習にも役立ちます。

2. 学んだことに関連する具体的なケースやエピソードを追加すると、記録がさらに豊かになります。例えば、「MG疑い患者の診察では、腱反射が正常範囲だったが、QMGスコアには大きな変化があり、その結果免疫グロブリン療法の適用可能性を議論した」などの具体的な詳細を加えてみてください。

これからも頑張ってくださいね！",369
06_036,f027,feedback,supervisor,ALS患者の上位運動ニューロン徴候は、医師の診察技術によるところが大きく、彼らの命運を握っていると言っても過言ではないと思います。神経内科医がどのようにハンマーを使っているかを是非、目で見て技術を盗んでください。,106
06_037,f007,feedback,ai,病歴聴取や症状について詳細に記載されていて素晴らしいですね。特に職業やストレス要因について触れている点は患者理解に役立つでしょう。一方で、実習内容についてはもう少し詳細に記述するとさらに良くなります。例えば、『午前の初診外来で担当した具体的なケースや学んだ具体的なポイント』『午後の課題で取り組んだ詳細な内容』を追加すると、どのような経験を積んだかがより明確になります。また、『今後の課題』としては具体的な目標設定を行うと更に効果的です。例えば、次回までに心窩部痛の鑑別診断についての文献を2本読むなど、具体的で測定可能な目標にできます。全体として非常に良いスタートが切れているので、この調子で頑張ってくださいね！,307
06_037,f007,feedback,supervisor,"お疲れさまです。訂正しておきます。
配車サービスの女性の主訴は動悸でしたね。心窩部痛の患者にホルター心電図は適応になりません。",63
06_038,f013,feedback,ai,記録の最初の日からしっかりと記録を残しており、とても素晴らしいスタートです。しかし、いくつか改善点があります。まず、経験したことや学んだことが具体的でないため、具体的な状況や学んだ内容を詳しく書くことで今後の参考になります。例えば、『無菌室での注意事項』をもっと具体的に、『無菌室での手洗い手順や防護具の着脱方法を学んだ』といった詳細を書くと良いです。また、患者リストに関しても、具体的な病状や治療内容、観察事項などを追加すると今後の学習に役立つでしょう。一週間分の記録が見られないため、毎日記録を欠かさず行うことも大切です。これからも頑張ってください！,277
06_038,f013,feedback,supervisor,日々の診察、考察、カルテ記載を継続して進めていきましょう。,29
06_039,f043,feedback,ai,"素晴らしい実習記録ですね。以下の点に感謝し、いくつか改善の提案をします。

まず、毎日の記録がある日についてはしっかりと詳細に書かれている点が非常に良いです。特に学んだことの詳細や具体例が明確に記されています。

改善点としてはまず、1月10日の記録には患者リストと今後の課題が含まれていないため、次回は漏れがないようにしましょう。

また、学んだことをもう少し具体的に記録することを心がけてください。例えば、エクソンのskippingの具体的なプロセスや臨床的な意義についてもう少し詳しく書くと、自分の学習がより深まります。これを通して、自分の理解を深めるために他の学んだことも適用してください。”

この調子で頑張ってください。日々の記録を続け、さらに詳細に書けるようにすることで、未来の診療に役立つ経験を蓄積できます。",362
06_039,f043,feedback,supervisor,脊髄の高位診断は、整形外科を除いては神経内科しかできない特殊な技術です。習熟することによって脳、脊髄、末梢神経の障害を体系的に理解する事が出来ますので、是非頑張ってください。,87
06_040,f023,feedback,ai,"臨床実習記録はよく整っており、毎日しっかりと記録されている点が非常に素晴らしいです。これからさらに改善するためのヒントをいくつか提供します。

1. より詳細な記述を心がけましょう。例えば、学んだことや経験したことについて具体的な状況や感想、気づきを書くことで、後で復習しやすくなります。例として、どの手技が特に難しかったか、どの部分で新たな理解が得られたかなどを記載してみてください。

2. 今後の課題について、もう一歩具体的に記述するとさらなる改善が期待できます。例えば、「糸結びを30秒以内に20回できるよう訓練する」という目標の達成方法（練習の頻度、方法など）も書くと効果的です。

全体的に、毎日記録をしっかりと行い、学んだ内容もしっかりと書けていることがとても良いです。引き続きこの調子で頑張ってください。",360
06_040,f023,feedback,supervisor,"毎日課題を見つけて学習できていおり素晴らしいと思います。
縫合も練習重ねれば上達しますし、また機会もあると思いますので反復練習すると良いと思います",73
06_041,f001,feedback,ai,"一週間分の実習記録、お疲れ様でした！あなたが経験したことや学んだことを記録する努力は評価に値します。以下にいくつかのフィードバックを提供します：

1. 今後の課題をもう少し具体的に書くと良いです。例えば、「スライドの修正」や「スライド作り」という記述だけでなく、どの部分を改善する必要があるのか具体的に示すことで、より実行可能な目標になります。例えば「スライドの図表を追加する」「患者のデータを見直す」「プレゼンテーションの流れを整理する」など。

2. 学んだことの部分は詳細で具体的であることが重要です。自身の知識の確認や新たに学んだことを具体的な事例や数字を使って記載すると、将来的に参照しやすくなります。例えば、「HbA1cの患者ごとの目標値について再確認できた」といった内容は、「60代女性の術前血糖管理において、HbA1cの目標値は7.0％以下であると再確認した」といった具合に、もう少し詳しく書くと理解が深まります。

総じて、あなたの記録はよくできています。これからも具体性を意識して、成長につなげていってください。",467
06_041,f001,feedback,supervisor,発表お疲れさまでした。試験勉強で忙しい中多くの文献を読んできちんと内容を理解されていたので驚きました。とても落ち着いて発表できていました。引き続き頑張ってください。,82
06_042,f006,feedback,ai,"お疲れさまです！実習記録の毎日の記入がしっかり行われており、学んだことや今後の課題も具体的に記載されている点は非常に素晴らしいです。特に、解剖学的知識や実際の手術見学を通じて学んだ内容が明確に書かれている点も高く評価できます。以下、いくつかの改善点を提案します。

1. 各実習日ごとのまとめとして、学んだことが具体的に書かれていますが、何か特に印象に残ったことや新たな発見についても詳細に述べると更に良い記録になります。例えば、「〇〇の手術中に特に印象に残った部分」や「〇〇という手技の困難さ」といった具体例を挙げると良いでしょう。

2. 今後の課題についても具体的な目標設定を行うと、更に明確になります。たとえば、「SMAとIMAの構造を理解する」の具体的な方法として、「関連図を用いて自習する」といった具体的なアクションプランを記載すると良いでしょう。

このような形で自分の学びを具体化することで、今後の成長が一層期待できます。頑張ってください！",428
06_042,f006,feedback,supervisor,胃・膵臓の周囲の構造は複雑ですね。がんばって覚えましょう。,29
06_043,f001,feedback,ai,"素晴らしい実習記録ですね！毎日の記録をきちんと続けている点や、学んだことをきちんと反映させている点は大変評価できます。以下にいくつか改善点を提案します。

1. **経験したことと学んだことの詳細さを高める**：特に「学んだこと」の箇所で、具体的なエピソードや理解した点をもう少し詳細に記述するよう努力しましょう。例えば、「カルテ記載については理解できてきた」とした箇所では、どの部分が特に理解できたのか、そのためにどのような工夫をしたのかを書き添えると、より具体的な記録になります。

2. **今後の課題を具体的に**：今後の課題の部分で「頑張りたいです」と書かれている箇所がありますが、具体的な行動計画や目標を設定するとさらに良いです。例として、「毎日1つ新しい身体診察の方法を習得する」や「カルテ記載では翌日の朝振り返りを行う」などの具体的なステップを設定することで、目標達成が明確になります。

引き続き頑張ってください！記録の充実は確実に医療現場での経験を深める一助となりますよ。",446
06_043,f001,feedback,supervisor,膠原病や生活習慣病を中心に、貴重な経験が積めているのだろうと感じます。この調子で続けてください。医師以外の専門職の地域医療への関わり方について、どのような理解が深まったのか興味があります。実習報告会など、機会がありましたらお教えください。,119
06_044,f022,feedback,ai,記録がしっかりできている点は素晴らしいです。特に学んだことを具体的に書いているところは良いです。しかし、もう少し詳細な記録を残すと更に効果的です。1. 【患者リスト】：患者の年齢や背景の情報をもう少し詳しく書くことで、患者の全体像を理解しやすくなります。例として『Oさん、70歳、男性、ストマ閉鎖』のように書いてみましょう。2. 【学んだこと】：クーパーについて学んだ具体的な内容、例えば「クーパーの刃の角度や切断する際の注意点」なども記載すると理解が深まります。3. 【今後の課題】：具体的な行動計画、例えば「次回は手洗いの手順を確認し、消毒の方法を学ぶ」、など具体的な目標を設定することで次に何をすべきかが明確になります。引き続き頑張ってください。,326
06_044,f022,feedback,supervisor,手術室にどんどん顔を出しましょう,16
06_045,f011,feedback,ai,"一週間の臨床実習記録、お疲れ様でした。各日の活動内容や学びについて良く記されていますが、以下のフィードバックを参考に、さらに記録を改善しましょう。

1. **詳細と具体性の向上**: 記載された学びや実習内容に関して、もう少し具体的な詳細を加えると良いでしょう。例えば、『その他糖尿病治療、偽痛風の診断治療、敗血症など』の記述について、それぞれどのような治療法や診断方法を学んだのかを具体的に記載してみてください。

2. **毎日の一貫性**: 3日目と4日目の記録に患者リストがありません。全てのセクションが毎日一貫して記録されていることを確認しましょう。これは実習先での一貫した学びと記録の習慣をつけるために重要です。
例: 午前の症例や午後の実習で担当した患者についても記載を追加する。

3. **今後の課題の具体性**: 今後の課題が「知識をつける」に偏っています。具体的な目標を設定することで、より効率的な学びが期待できます。例えば、『今後の課題』としたら「糖尿病管理に関する最新の治療ガイドラインを読み込み、具体的な症例に適用する方法を学ぶ」など、具体的なアクションと目標を設定してみてください。

高いモチベーションを持って実習に取り組んでいることが感じられます。この調子で詳細な記録と具体的な目標設定を心がけ、実習を通してさらに成長してください。",584
06_045,f011,feedback,supervisor,"一週間の流れが大体理解できたでしょうか。来週は１名患者を担当してもらおうかと思います。
徐々に医学的知識を増やしていきましょう。
D",66
06_046,f017,feedback,ai,あなたの臨床実習記録について、いくつかのフィードバックを提供します。まず、毎日記録を行っていることは素晴らしい習慣ですし、実習を通じて学んだ医学的事項を詳細に記録している点も評価します。それでは、さらに改善できる点についていくつかアドバイスします。まず、実習内容が具体的であるとより良いです。例えば『午前 D先生につき病棟実習』の部分について、どのような活動を具体的に行ったのか（例：診察、治療手順の観察、患者の看護など）を記載すると良いです。また、今後の課題についても具体的にすることをお勧めします。『医学知識をつける』や『知識をつける』は漠然としているため、具体的な方法を明示しましょう。例として『1日1つの疾患について詳しく学び、まとめる』や『症例発表スライドを週末までに完成させる』などです。これにより、自分の課題が明確になり、実行しやすくなります。,379
06_046,f017,feedback,supervisor,"自主的にわからないことは調べながら取り組まれていました。
手技にも積極的に取り組まれていました。
病棟スタッフとも良好な関係を築けていました。
",72
06_047,f022,feedback,ai,"まず、毎日の臨床実習記録を続ける努力をしている点は非常に素晴らしいです。しかし、1月11日と12日には患者リストの記載が抜けています。日々の実習記録には全ての必要な情報を網羅することが重要です。具体例を挙げると、患者リストを簡潔にでも記載することで、後で振り返った際にどの患者について学んだかが一目瞭然になります。
次に、学んだことや今後の課題に少し漠然とした表現が見られます。具体的な知識や技術の習得目標を立てることで、今後の学習や実習がより効率的になります。例えば、「具体的な薬剤の名前や使用方法を覚える」「各疾患のCT所見の特徴を理解する」といった具体的で明確な目標を立てると良いでしょう。
最後に、患者への説明が工夫されている点は非常に良い学びです。引き続き、患者やご家族に分かりやすい説明を心がけてください。全体として、実習で得た知識を具体的かつ詳細に記録し、次回に生かせる形で進めていくことを意識すると、より有益な実習経験が得られるでしょう。",427
06_047,f022,feedback,supervisor,"担当した患者さんがどういった方なのか、しっかりと記載されていて、学んだことがよく分かります。
これからも、この調子で頑張ってください。",67
06_048,f033,feedback,ai,"まず、毎日記録を続け、日々の実習内容を詳細に書いている点は素晴らしいです。次に改善点ですが、以下の具体的なアドバイスを提供します。

1. 患者リストについて：症状や診断については具体的で良いですが、年齢や性別に加えて、病歴や経過についても簡潔に記載してみると更に良いです。例えば、「52歳女性、強皮症、7年前診断、間質性肺炎を合併」などと記すと、後から振り返る際に役立ちます。

2. 学んだことの具体性：学んだことについてももう少し具体的なエピソードや体験を含めて記録すると良いです。例えば、「強皮症について学んだ」を「強皮症の診断基準と治療法について学び、実際に患者さんの皮膚症状を観察した」と記すと、学びが整理しやすくなります。これによって知識の定着が図れます。

引き続きこの調子で進めてください。実習で得た知識と経験を積極的に活かし、日々の成長を楽しんでください。",388
06_048,f033,feedback,supervisor,カルテ記載、プロブレムリストの作成などできています。,26
06_049,f013,feedback,ai,"臨床実習記録の内容についていくつかフィードバックさせていただきます。

1. 毎日記録を欠かさず続けている点は非常に立派です。ただし、特に2024年01月11日と2024年01月12日において、患者リストが未記入です。毎日の患者リストをしっかり記録することで、一日の実習内容との関連性が明確になり、より詳細な考察ができるようになります。

2. 学んだことについては、具体的な医学的知識とその応用に重点を置いて記載されている点が良いです。しかし、「其他」などの表現を避け、具体的な事例や経験を記入することで深掘りができます。例えば、『糖尿病治療について具体的にどのような治療法が適用されたのか』、『偽痛風の診断でどのような検査や問診が重要だったか』など、詳細に言及するとよいでしょう。

3. 今後の課題に関して、「医学知識をつける」という抽象的な目標ではなく、具体的な行動計画を立ててみてください。例えば、『毎日1時間テキストを読む』、『週に一度症例をまとめて発表練習をする』など、実行可能なアクションプランを設定すると、目標達成に向けて具体的に取り組むことができます。

全体として、非常に熱心に取り組んでおり、実習内容を理解しようとする姿勢が伝わってきます。引き続き努力を続けてください。",547
06_049,f013,feedback,supervisor,まずは実習に慣れていただき、その後知識をつけて実りのある実習になるよう頑張ってください。,44
06_050,f030,feedback,ai,ここでの記録に関していくつかの点を強調してフィードバックします。まず、毎日記録を行っている点が大変素晴らしいです。コンスタントに実習内容や学んだことを記録する習慣は、実習の学びを深めるのに非常に役立ちます。改善点としては、学んだことや実習内容をもう少し具体的に詳細を書けるとさらに良いです。例えば、「血小板減少の鑑別」だけでなく、具体的な鑑別項目やそれぞれの特徴なども書き加えると良いでしょう。また、今後の課題も明確に具体化することで、自身の進捗をより管理しやすくなります。例えば、「糸結びを30秒で20回」が達成できた場合の次の目標なども考えてみると良いです。引き続き努力を続け、日々の学びを深めていってください。,308
06_050,f030,feedback,supervisor,"引き続き頑張ってください。
婦人科になったらコラボしましょう。",31
06_051,f032,feedback,ai,素晴らしい記録を続けていることについてまずはお礼を言います。実習の詳細や学びをしっかりと書き留めている点が非常に良いです。以下の点について少し提案があります。 1. 毎日記録を忘れずに行うことを意識しましょう。1月11日と12日は【患者リスト】が抜けているようです。これを補うことで、患者の状態や進行度を一貫して把握できるようになります。 2. 学んだことについて、具体的な例やエピソードを付け加えるとさらに良いでしょう。例: 「中学生にもわかるように説明する際、実際にどういった表現を使ったか」、または「セルジンガー法をどのように理解したか」などを挙げると、記述が具体的になります。 3. 今後の課題についても具体性を持たせてみてください。例えば、「次回の病棟実習では患者確認を積極的に行う」や「〇〇病について調べてプレゼンテーションを準備する」など、明確なアクションプランを立てると自己成長に繋がります。 記録の管理と具体性を高めることで、より充実した学びを得ることができるでしょう。引き続き頑張ってください！,457
06_051,f032,feedback,supervisor,労作時の呼吸困難を主訴に来院された患者様をみた場合、COPDは鑑別として挙げられること、肺気腫の胸部CT画像、間質性肺炎の原因や胸部CT画像（特に肺線維症）、CO2ナルコーシスを疑う際の血ガス分析についてきちんと学習してください。,115
07_052,f029,feedback,ai,お疲れ様でした！一週間の記録から、非常に充実した実習を行ったことが伺えます。以下のフィードバックは、より具体的で有用な記録を残すためのものです。まず、学んだことの記述については、もう少し具体的なエピソードや新たに学んだ医学的な知識、技術についても触れると良いでしょう。例として、訪問診察時のケースや具体的な対応、認知症サポートチームでの役割分担や患者の反応などが挙げられます。次に、今後の課題や目標の設定では、具体的なアクションプランを記載すると良いです。例えば、『カルテ記載をより迅速かつ正確に行うために、何を重点的に練習するか』や、『訪問診察で特に注意するポイントをメモする』などの具体的な内容が役立ちます。これからも頑張ってください！,320
07_052,f029,feedback,supervisor,"積極的に患者さんの診察、カルテ記載、プレゼンテーションできました。
",34
07_053,f013,feedback,ai,素晴らしい仕事をしています！毎日きちんと記録をつけており、それぞれの経験をしっかりと振り返っている点が特に素晴らしいです。また、学んだことや今後の課題についても具体的に記載しているのが良いですね。1) 記録がない日もあるので、可能であれば毎日の実習や学びを欠かさず記録するように心掛けてください。これは習慣化することで今後の学びの積み重ねに大いに役立ちます。2) 学んだことをもう少し詳しく書いてみてください。例えば、真皮縫合の手技で学んだ具体的なポイントやコツについても触れてみると、後で見返したときに非常に有益です。詳細に書くことで記憶も定着しやすくなります。引き続き頑張ってくださいね！,296
07_053,f013,feedback,supervisor,大腸手術の尿管損傷はいつでも気をつけている合併症です。,27
07_054,f011,feedback,ai,"この一週間の臨床実習記録は非常に詳細で、あなたが患者さんの状態や診療の流れをよく把握していることが伺えます。以下にいくつかの具体的なフィードバックを提供します。

1. 記録の一貫性を保つため、毎日必ず記録を付けるよう心がけてください。例えば、日記の形式で簡単でも良いので、その日の振り返りを書く習慣をつけましょう。

2. 今後の課題については、より具体的かつ実行可能な目標を設定しましょう。例えば「知識をつける」というのは漠然としていますので、「次回までにCOPDの治療ガイドラインを読み直す」「MMSEの評価方法を再確認する」といった具体的な目標を立てると良いでしょう。

あなたの実習への積極的な姿勢と、患者さんに対する丁寧な対応は素晴らしいです。引き続き頑張ってください。",341
07_054,f011,feedback,supervisor,担当患者さんからいろいろ聞いて、カルテ作成してください。,28
07_055,f008,feedback,ai,臨床実習記録を詳細に記載している点は素晴らしいです。以下の点に注意して記録を改善してみてください。1. 毎日の記録が他のページにも連続して続いているか確認し、できるだけ日々の詳細を継続的に記入する習慣をつけてください。2. 患者のリストに関しては、症状や経過だけでなく、治療内容やその効果についても具体的に書くと良いです。たとえば、「皮疹に対して抗ヒスタミン薬を投与した結果、2日後に改善が見られた」のように具体的に治療の結果を追記してください。3. 学んだことや今後の課題についても、どの点が理解できたか、どの部分がまだ理解が不十分なのかを具体的に記述すると良いでしょう。「移植後の有害事象に対する患者の反応、捉え方」という記述を、「移植後の皮疹や浮腫に対してどのような治療が有効で、それがどのように患者に影響を及ぼしたかを学んだ」と具体的にすることで、振り返りやすくなります。これからも臨床実習を通して多くのことを学び、記録に反映していってください。,427
07_055,f008,feedback,supervisor,記録を記載しましょう。,11
07_056,f011,feedback,ai,"1. 記録の頻度を維持し、毎日記録を付けている点は素晴らしいです。引き続きこの習慣を続けてください。一方で、一部の日の【患者リスト】が欠けていることに注意しましょう。毎回具体的な患者リストを含めることで、学んだ内容がより鮮明になります。例えば、「患者の詳細情報」や「観察や検査結果」を追加することで、実習をより深く反省できます。

2. 学んだことに関して、具体的な情報を記載している点は大変良いです。ただし、具体的なケースや具体例と結びつけるとより理解が深まります。例えば、「コロナの重症度分類」について学んだ場合、「実際にどのような症例でその分類が使われたか」や「治療方針にどう影響したか」を書き加えると良いでしょう。

3. 今後の課題についてですが、「知識を増やす」や「知識をつける」といった書き方は広範すぎるため、具体的にどの分野の知識を増やしたいのか、どの具体的な方法で知識を増やす予定なのかを明記すると、目標が明確になり取り組みやすくなります。例えば、「COPDの病態生理をより詳細に学びたい。そのために週に1回関連論文を読む」といった具体的な目標設定がおすすめです。",491
07_056,f011,feedback,supervisor,認知症やCOPD合併の感染症など、コモンディジーズに関する貴重な経験が積めていると感じます。この調子で頑張ってください。1/15の病棟見学でお世話になったB先生がC先生ならば、私もA大学総合診療科で大変お世話になりました。,111
07_057,f027,feedback,ai,"1. 毎日の記録はきちんと行われているので、それは非常に良いことです。ただし、具体的な内容が不足していることが多いので、自習や教授面談の内容についてもう少し具体的に記載すると良いでしょう。例えば、どんな内容を学んだか、どんな質問をしたか、どのようなフィードバックをもらったかなどを書き加えることをお勧めします。

2. 学んだことの項目では、具体的な内容や新たな発見を詳細に記述することが重要です。例えば、1月30日の「論文内容（スライド参照）」の部分で、具体的な論文のタイトルや研究の主なポイント、あなたが特に気になった点などを記載すると、後で見返したときにより有益です。

3. 今後の課題については、毎回具体的かつ実行可能な目標を設定すると、更に改善できます。1月31日や2月2日の記録では課題が記載されていません。例えば、「専門書を1冊読む」「次回のディスカッションで特定の病気について質問する」などの目標を設定すると良いでしょう。",420
07_057,f027,feedback,supervisor,積極的に参加してもらい有難うございました。今回経験してもらったことが何らか役に立っていけば幸いです。お疲れ様でした。,58
07_058,f023,feedback,ai,"よくやっている点を挙げますと、実習内容を毎日詳細に記録し、学んだことや今後の課題も具体的に書けているので素晴らしいです。以下の点を改善できるとさらに良いですね。

1. 患者リスト: 各日の患者リストに統一感を持たせると良いでしょう。例えば、患者の年齢、主訴、診断、検査結果などを一貫した形式で書くと見やすくなります。例えば、86歳男性、COPD、微熱など。

2. 学んだこと: 学んだことをさらに具体的に書くといいでしょう。ただ単に「コロナの重症度分類」ではなく、具体的にどのような重症度分類があるのか、何に注目すべきかなど詳しく書くと良いです。

3. 今後の課題: 「知識をつける」や「知識を増やす」などの課題は漠然としているので、具体的に「COPDに関する文献を2本読む」、「次回までに心肺機能試験の手技を確認する」などと設定すると改善につながるでしょう。これからも頑張ってください！",397
07_058,f023,feedback,supervisor,"心肺負荷試験については他の施設ではなかなか見学できないと思います。なるべく客観的な形でリハビリを行うことができ、患者様にとって有益です。COPD患者の身体活動性の向上や運動耐容能の維持については、先日説明した吸入治療だけでなく、身体リハビリの継続も大切ですので、覚えておいてください。
また、結核に対する対応（CT画像、喀痰検査、治療内容・期間・副作用）や非結核性抗酸菌症についてよく勉強しておいてください。その他、膿胸と肺化膿症との違い、膿胸はどの場所に胸水が溜まるかなど、解剖についても勉強してください。わからないことがあればいつでも聞いてください。では今週も頑張ってください。",291
07_059,f005,feedback,ai,"1. 毎日の記録がきちんとできているのは素晴らしいです。特に、患者リストにおいて詳細な病歴や進行状況を記載している点は非常に良いです。ただし、日付ごとに簡単な要約（例えば治療の目的や特記事項）を加えると、より包括的な記録となります。

2. 実習内容の記述は具体的で明確ですが、更に改善するためには、各検査やカンファレンスで得た具体的な知見をもう少し詳しく書くと良いでしょう。例えば、カルテ記述の際にどのような課題があったかや、カンファレンスでのディスカッション内容なども記載すると、一層の学びが深まります。

3. 学んだことや今後の課題もはっきりと書いてありますが、さらに具体的なアクションプランを立てると良いでしょう。例えば「生活歴の聴取」については、「次回の診察で患者の生活パターンや食事内容を詳しく聞き取り、サルコペニアのリスク評価を行う」といった具体的なステップを設定することで、より実行可能性が高まります。",410
07_059,f005,feedback,supervisor,おつかれさまでした。昨日の発表は、発表態度も質疑応答もよくできていました。この実習がGさんの将来にとって前向きな効果をもたらすことを願っています。,73
07_060,f010,feedback,ai,まず、毎日実習記録をしっかりと残していることが非常に素晴らしいです。また、実習内容や学んだことについても具体的に記載しており、日々の学びがしっかりと反映されている点も良いです。いくつか改善点を提案します。1. 学んだことについてさらに具体的なエピソードや詳細を加えると良いです。具体的な診療や検査の過程を含めることで、記録がより実践的で理解が深まります。例えば、どのように意識障害の鑑別を行ったか、フレイルとは具体的にどのような症状や診察所見をもって判断したかなどを記述すると良いです。2. 今後の課題については、具体的で測定可能な目標を設定すると、自身の成長がより実感しやすくなります。例えば「間質性肺炎の原因疾患について文献を3本読む」や「ステロイドの使用方法について指導医に質問する」など、具体的なアクションを記述することで、課題が実践的かつ達成可能になります。これらを実践することで、今後の記録がさらに充実し、自身の成長にもつながるでしょう。頑張ってください！,434
07_060,f010,feedback,supervisor,月曜日、木曜日午前の初診外来はほぼ発熱外来になっており、それはそれでよい経験だと思います。いろいろな経験ができるように、実習時間割が組んでありますが、今日で2週間になりますので、希望があれがお知らせください。,104
07_061,f011,feedback,ai,素晴らしい実習記録を続けていますね。以下の点について少し改善が見られると、更に良くなると思います。1つ目は毎日の実習記録を欠かさずに書くことです。2月13日と15日には詳細が不足しており、どのような学びがあったのか、具体的に書くと良いでしょう。例えば、「カンファレンスで議論された症例や回診時に観察した主な所見」などです。2つ目は今後の課題を具体的に設定することです。2月14日の「レポートを書きます」というのは少し抽象的で、具体的なテーマや期限を示すと良いでしょう。例えば「ALSの病態についてレポートを1週間以内に書き上げる」といった具合です。引き続き頑張ってください！,287
07_061,f011,feedback,supervisor,前頭葉徴候をしっかり学ぶことができましたね。認知症やその他の理由でコミュニケーションが取りにくい場合、どのように神経学的所見を取れば良いか、考えてみてください。脊髄炎の方は、症状から病変部位を推測することができたでしょうか。腱反射や感覚障害についてもしっかり診察できると良いですね。,141
07_062,f011,feedback,ai,素晴らしい仕事をしています！毎日しっかりと記録を取っている点、とても感心しました。まず、実習内容と学んだことを具体的に記載し、詳細を持たせることができています。これは大変重要なことです。しかし、「学んだこと」と「今後の課題」をもう少し具体的にすることで、もっと効果的な学習ができると思います。例えば、「知識を増やす」という課題をもう少し細かく分けて、「呼吸器疾患の診断基準を詳しく学ぶ」や「肺機能検査の結果の解釈を練習する」といった具体的な目標にすると良いでしょう。また、カルテをまとめる際にはどのような点に注意しているかも記載すると、記録がさらに豊かになります。これからもこの調子で頑張ってください！,301
07_062,f011,feedback,supervisor,4階病棟は、高齢者の慢性期の入院病棟で、大学病院では経験しない患者さんが多いと思います。急性期治療を終えた後の患者さんがどのような経過を辿るのか、高齢者の全身管理や医療システムも含めて経験していただければと思います。,108
07_063,f039,feedback,ai,"記録を毎日しっかり行っている点は素晴らしいです！担当患者の簡潔なリストと一日の活動内容が明確に記載されているのも評価できます。以下の点を改善するとさらに良くなるでしょう。

1. 具体性を増す：学んだことに関する詳細を書き加えてください。例えば、シックデイの対応において新たに学んだ具体的な知識や治療方法、またはその適用例などを記載することで、後から見返した際にも役立ちます。また、担当患者の進捗や具体的な問題点についても詳しく書くと良いです。

2. 今後の課題の具体化：現在の課題は一般的すぎるので、目標を具体的に設定しましょう。例えば、『糖尿病のインスリン管理について詳細に理解する』や、『次回までにシックデイの対処法を完璧に理解する』など、具体的なタスクを設定することが重要です。このようにすることで、日々の実習での達成感が増し、学習の焦点も明確になります。

これからも頑張ってくださいね！",400
07_063,f039,feedback,supervisor,発表が簡潔にまとまっていてわかりやすかったです。来週も頑張ってください。,36
07_064,f007,feedback,ai,"まず、毎日しっかりと臨床実習記録を書いている点は素晴らしいです。一貫して具体的な実習内容と学んだことを記載していることも評価できます。ただし、いくつか改善点があるので確認してください。

1. 記録の詳細さについて：実習内容として記載している事項は具体的ですが、学んだことや今後の課題の詳細が不足している場合があります。例えば、胸腔ドレーンの留置の意義について具体的にどのような点を学んだかをもう少し詳しく記載すると良いでしょう。どのように血糖測定を行うのか、その手順や注意点も記載すると理解が深まります。

2. 今後の課題の具体性：今後の課題は具体的で実行可能なものにしましょう。例えば「担当患者の病歴理解」という場合、具体的にどのような方法で病歴を深く理解するつもりなのか、例えば「患者のカルテを詳細にレビューし、担当医に質問する」といった具体策を記載すると良いです。もしくは「カルテ記載について学んだことを翌日実際に適用してみる」といったように、学んだことをどのように次に活かすかを具体化することで実行可能性が高まります。

引き続き頑張ってください！",480
07_064,f007,feedback,supervisor,今週は検査が多かったですね。小児の検査を安全におこなうには成人にはない準備などが必要です。そうして得られた結果を発熱時の血液検査や脳波含めて一つひとつ一緒に確認していきましょう。回診の際には検査のねらいを回診医と話ができるといいと思います。課題にあげていただいている乳児てんかん性スパズム症候群の治療にも踏み込んでいければと思います。,167
07_065,f031,feedback,ai,臨床実習記録を毎日欠かさず行っている点は非常に素晴らしいです。また、各患者の症例を記述し、学んだことを具体的に記載している点も評価できます。ここでいくつかの改善案を提供します。まず、具体的な実習内容をもう少し詳しく書くことを心がけてみてください。どのように診察やカンファレンスが進行したのか、具体的な手順や観察内容を詳細に書くことで、後で再確認する際にも非常に役立ちます。次に、今後の課題をもう少し具体化することも考えてみてください。例えば、「患者の退院後のフォローアッププランを提案する」や「特定の症例について文献レビューを行う」など、具体的なアクションプランに落とし込むと実習の目的が明確になります。引き続き、細部にわたって学びを深め、実習の質を高めていくことを期待しています。,341
07_065,f031,feedback,supervisor,お疲れ様でした。基本的に丁寧に取り組んでもらったと思います。ただ、もう少し病棟の患者さんに接触してもらえると良かったとも思います。いろんなポイントを観察してピックアップする力はとてもある方だと見受けますので、そこは今後にもぜひ活かしていって下さい。今後のご活躍を期待しております。,140
07_067,f011,feedback,ai,"毎日記録を欠かさずに書いている点は素晴らしいです。実習事項や患者情報の記録がしっかりできています。以下の点に改良の余地がありますので、次回の記録にお役立てください。

1. 学んだことをより具体的かつ詳細に記載すると、記録がさらに有意義になります。例えば、3月25日のアスピリン減量について「なぜ200mgから100mgに減量するのか」や「減量時の注意点」などを含めると、学びが深まります。

2. 今後の課題設定についても、もう少し具体的にすると改善点が明確になります。例えば、3月28日の「今日の先生の診察を参考にして今日よりはうまくやろう」とありますが、「どの部分（問診の具体的な質問の仕方など）をどのように改善したいのか」を明示すると、次の実習に活かしやすくなります。

引き続き、実習を楽しんで頑張ってください。",361
07_067,f011,feedback,supervisor,実習お疲れ様です．カンファレンスでは問題点を整理してわかりやすくプレゼンテーションできていると思います．研修医になるとなかなか基礎は学べないのでこの機会にたくさん経験してください．,90
07_068,f041,feedback,ai,"まず、あなたの毎日の記録が非常に詳細で、特に実習内容と学んだことについての記述が具体的で良い点を強調したいと思います。以下の点を改善すると、さらに実習記録が充実しますよ。

1. 毎日の課題をもっと具体的に書いてみましょう。例えば「担当患者の病歴理解」という課題に対して、具体的なアクションステップを示すと良いです。「患者の病歴を理解するために、次回の回診前に疾患の基本的な知識を復習し、質問リストを作成する」と書くと、一歩踏み込んだ取り組みが見えます。

2. 学んだことの記述ももう少し詳細にしましょう。例えば「胸腔ドレーン留置の意義」だけでなく、「胸腔ドレーン留置の手順や合併症リスクについて学んだ」といった具体的な情報を追加すると、今後の復習に役立つ記録になります。

これらの点を意識して次回から取り組んでみてください。あなたの努力と成長を期待しています！",383
07_068,f041,feedback,supervisor,NICUで学んだことをきちんと振り返ってくださり、ありがとうございます。NICUではたくさんの処置や検査がありますが、今回は患者さんの病態に応じた検査（造影検査）や処置（ドレーン）でしたね。ベッドサイドでのレクチャーに加え、患者さんの病気をもう一度理解してから検査や処置を復習すると、さらに気づきが多くなると思います。担当患者さんの病歴はもちろん、その日の検査や処置にあたった患者さんの病気についてもぜひ教科書で振り返ってみてください。,218
08_069,f011,feedback,ai,記録を毎日欠かさずつけることは重要です。例えば5月13日や17日に実習がなかった理由を記載することで、実習をしっかりと反省・復習していることを示せます。患者リストについては、患者の年齢、病歴、症状の詳細を記載すると診療理解が深まります。5月15日の記録に関しては、遺伝子カウンセリングで学んだ具体的な内容（例えば、どのような遺伝子疾患について話したか、どのような家族歴を確認したか）を書き加えるとより詳細な理解が示されます。また、発表準備についても具体的な目標や取り組み方を書いてください。例えば、『次回までに関連文献を3つ読み、カウンセリングの方法をシミュレーションする』などが良いです。引き続き頑張ってください！,308
08_069,f011,feedback,supervisor,"実習および発表、お疲れ様でした。
これから、試験等大変だと思いますが、頑張って下さい。",43
08_070,f040,feedback,ai,"素晴らしい実習記録ですね！いくつか改善点を示します。

1. 記録が毎日できている点は非常に良いです。ただ、実習において経験した具体的な内容や患者とのやり取り、それに対する自身の考えや感じたことをもう少し詳細に書くと良いでしょう。例えば、「午前中の病棟実習では患者Aさんのバイタルサインを確認し、異常がないかをD先生と確認しました」など、具体的なエピソードを盛り込みましょう。

2. 学んだことは幅広い知識を吸収している点が見受けられますが、どのように学んだか、具体的なケースについても言及するとさらに良いです。「横紋筋融解については、患者Bさんの症例を通じて学びました」「抗生剤の選定に関しては、肺炎を患った患者Cさんの治療過程で学びました」と具体的に書くと良いでしょう。

この調子で頑張ってください！さらに充実した記録になるよう、少しずつ改善を続けましょう。",383
08_070,f040,feedback,supervisor,"真面目に実習されていたと思います。これからも頑張って下さい。
",31
08_071,f007,feedback,ai,"まず、記録が２日間分しか提出されていない点が気になります。臨床実習においては、毎日の学びを記録することが重要です。毎日記録を付ける習慣をつけましょう。次に書いた内容についても改善点があります。実習事項の記述は具体性に欠けています。「フィードバック」や「レポート作成」ではなく、具体的な議論内容や手技について記載すると良いでしょう。例えば、『担当患者との診療後にフィジカルエグザミネーションや薬の効果について議論』などと記述すると良いでしょう。また、学んだことと今後の課題については、抽象的な情報を具体的な内容にしてみてください。例えば、SCA6,31について、自身の理解を言葉に具体化するために、「SCA6,31は小脳運動機能を主に障害し、他のシステムに影響を与えない」と記述したり、レビー小体型認知症の反射亢進に関しても具体的な機序や臨床症状の例を挙げると良いでしょう。",386
08_071,f007,feedback,supervisor,パーキンソン病の症例を多く見るチャンスがあったので、診察も大分慣れてきていると思います。不随意運動には症状によって名称が異なりますので、レポート症例の不随意運動がジスキネジアなのか、ジストニアなのか、あるいは他の不随意運動なのかを区別して起債するようにしましょう。また、ジスキネジアはL-DOPAの内服タイミングとどう相関があるかによって生じている理由が異なるので、ジスキネジアの場合は時間帯も問診するようにしてください。,211
08_072,f020,feedback,ai,"まず、毎日の記録が途切れることなくしっかりと続けられている点は非常に良いです。これにより、日々の学びと成長を振り返りやすくなりますし、実習の効果を最大限に引き出すことができます。

ただし、特定日（例えば2024年1月9日と10日）の記録に記載が不足しています。例えば、1月9日の記録では実習内容と今後の課題が非常に簡単にまとめられています。具体的にその日の活動や初日のオリエンテーションで得た情報をもっと詳細に記入すると良いでしょう。また、今後の課題も具体的な行動目標を立てると、次回の実習で何を意識すべきかが明確になります。

例えば『1ヶ月間頑張ります』ではなく、『次の1週間で3つの新しい手技を学び、それぞれに対して少なくとも1回のフィードバックをもらう』など、具体的な目標にしてみてください。

1月11日や12日の記録では、学んだことが非常に詳細で素晴らしいです。この調子で、他の日でも同じくらいの詳細さを持って記入すると、更に良い記録になります。",430
08_072,f020,feedback,supervisor,甲状腺未分化がんは急速に増大し、時に患者を窒息死させます。未分化がんはとても恐ろしいです。,45
08_073,f014,feedback,ai,"素晴らしいことに、あなたは様々な手術を見学し、経験を積んでいるようです。以下の点に気を付けると、記録がさらに充実します。 

1. できるだけ毎日記録することが重要です。たとえば、4月2日や4日、6日の記録がありません。毎日の記録が求められていますので、忘れずに行うようにしてください。 

2. 実習内容には具体的な活動や体験を書き加えるとさらに良いです。たとえば、特定の手技を観察した感想や挑んだ実践的なタスクなどを詳しく記述すると、後から読み返したときに学びがさらに深まります。 

3. 学んだことや今後の課題を具体的に記載しましょう。たとえば、「両側肺切除の手技と術後管理について理解が深まった」とか、「今後は解剖学的構造の復習が必要」といった形で、学びや課題を記すと次のステップが明確になります。日々の進歩を実感でき、計画的に学習を進める助けになります。",383
08_073,f014,feedback,supervisor,少しずつ、実習したことを記載ください。何か見たい事ややりたいことがあれば、スタッフに伝えてくださいね。,51
08_074,f008,feedback,ai,医学生として、臨床実習に対する積極的な姿勢が素晴らしいです。実習内容や学んだこと、今後の課題をしっかりと記録している点も評価できます。しかし、いくつか改善点があります。第一に、毎日の記録の一貫性について。1月9日と1月12日に「今後の課題」が抜けている点が気になります。毎日の記録を徹底することで、自身の成長や課題がより明確になります。次に、経験したことや学んだことをより詳細に具体的に書くことが大切です。例えば、「甲状腺手術」だけでなく、どのような手技や注意点があったのか具体的に記述すると良いでしょう。最後に、今後の課題についても具体的な目標を設定してください。例えば、「ガウンの着方がスムーズでなかった」という課題に対して「翌日までに手順を練習し、次回実践する」といった具体的かつ短期的な目標を設定すると効果的です。共に頑張りましょう。,371
08_074,f008,feedback,supervisor,甲状腺未分化癌は急速に増大し、時に患者を窒息死させる恐ろしい病気です。,35
08_075,f021,feedback,ai,"この1週間の記録は非常に丁寧で、毎日の患者リストや実習内容がしっかりと記載されています。以下の点を改善すると、さらに充実した記録ができると思います。

1. 患者の症状や状態の記録について、もう少し具体的な情報を追加すると良いでしょう。例えば、倦怠感やめまいの評価に関して、主観的なスケールを使うことも考えられます（例えば、0-10の尺度で患者に評価してもらうなど）。

2. 「学んだこと」に関しては、とても具体的で良いですが、もう一歩進んでそれが臨床にどう役立つか、あるいは担当患者のケアにどう応用できるかも併せて記載すると、より実践的な理解が深まります。例えば、「MDSの予後分類を学んだので、今後担当する可能性のあるMDS患者の予後予測に役立てたい」といった具体的な応用例です。

3. 今後の課題については、記述が具体的であることが良い点です。ただし、実際にその課題をどのように達成するつもりかも少し触れると、目標がより明確になります。例えば、「マントル細胞リンパ腫の症状について、最新の文献を2〜3本調べてまとめる」という具合に具体的なアクションプランを記載すると良いでしょう。",495
08_075,f021,feedback,supervisor,CAR-T後の神経毒性の客観的な評価方法としてICEスコアというものがあるので神経症状が出現している際にはモニタリングを行ってみてください。,70
08_076,f001,feedback,ai,"素晴らしい記録を毎日続けて書いていますね！これにより、経験をしっかりと振り返ることができ、学びを深めることができます。以下の点をさらに向上させましょう：
1. 学んだことをより具体的に書くために、例えば直腸がん手術の具体的な手技や、免疫チェックポイント阻害剤が有効な場合についてもっと詳細に記載しましょう。これにより、将来の復習や理解が深まります。
2. 今後の課題については、具体的な行動計画を立てましょう。例えば「大腸内視鏡の見方について参考書を復習する」や「術式の選択について関連論文を読む」など、具体的なステップを明示すると実行しやすくなります。
今後も頑張って下さい！改善点を意識しながら実習を続けて、さらなる成長を期待しています。",321
08_076,f001,feedback,supervisor,"直腸がんのHartmann手術の選択について
・LAR症候群のリスクを考えた時に、頻便になると生活に支障が出る場合
特に介護が必要な高齢の方の場合、ストマにしてしまった方が返ってお世話しやすかったりもします。病気だけではなく、患者や世話する人のことも考慮に入れて選択します。",137
08_077,f018,feedback,ai,記録をつけることができており、詳細な医療用語も使えている点は素晴らしいです。ただし、いくつかの改善点があります。まず、患者リストについてもう少し詳細な情報（年齢、性別、既往歴など）を記載するとよいです。次に、学んだことや今後の課題も具体的に書くとよいです。例えば、腹腔鏡手術のどの部分が難しかったか、どんな復習をする予定かなどを詳しく書いてみてください。これは、後から読み返すときにも非常に役立ちますよ。,202
08_077,f018,feedback,supervisor,よく出来ています。,9
08_078,f034,feedback,ai,実習記録を毎日しっかりと記入していて素晴らしいですね。経験したことや学んだことも豊富に記録されています。次の点について改善を試みてください：1. 日々の学びや今後の課題を具体的に記述することで、振り返りがしやすくなります。例えば、『カルテ記載の具体性を高める』のではなく、『診察所見を逐一詳細に記録し、診断の根拠となる情報を明確にする』といった具体的なアクションプランを書くと良いでしょう。2. 診察や往診で得た具体的なエピソードを追加してください。例えば、「ATLの患者さんの血圧が高い理由を探るためにこういったアプローチを行った」など具体的な事例があると、次回以降その経験が活かしやすくなります。これからも頑張ってください！,314
08_078,f034,feedback,supervisor,カルテの記載方法について、習得する良い機会ですね。,25
08_079,f009,feedback,ai,"まず、毎日の記録がしっかりと行われている点は非常に素晴らしいです。実習中の経験や学んだことをしっかりと書き留める習慣は、今後の成長にもつながります。そして、実習内容についても具体的に記録されているところも良いですね。例えば、ルンバールやカイザー立会いなど、特定の医療行為について詳細に記載されている点は非常に良いです。

一方で、もう少し詳しい情報をつけ加えることでさらに良い記録になると思います。例えば、学んだことについては、具体的な事例や学んだ内容の詳細をもう少し書き加えると、自分自身の理解度の確認にもなります。「ルンバールの適応」などについては、具体的な適応症例や手技の具体的なポイントも記載してみましょう。

また、今後の課題についてももう少し具体的なアクションプランを立てると効果的です。例えば、「プレゼンを端的にわかりやすく伝えられるよう、日々の先生方の申し送りなどを注意深く聞く」という課題については、「毎日一つの症例に対して10分間のプレゼンを行う」や「プレゼンの練習を週に2回行う」など、さらに具体的な目標設定をしてみるといいでしょう。これにより、達成度の測定が可能になり、実際の成長を実感しやすくなります。",514
08_079,f009,feedback,supervisor,"今週もいろいろな学びと振り返りを共有いただき、ありがとうございます。
髄液検査は成人・小児問わず非常に重要な検査、手技ですので、しっかり復習いただければと思います。
また、NICUでの主要な検査は、内科・小児科と重なる部分が比較的多いです。
一つ一つ、教科書で見直してもらうと、大人と子ども・新生児で共通のもの、あるいは違いがあるものが見えてくると思います。
そしてプレゼンテーションを的確に行うには、病歴や病態の理解が重要になってきます。NICUは朝夕の申し送りなど、プレゼンテーションを目にする機会が比較的多い病棟です。それぞれの先生がどのようなプレゼンテーションをしているのか、ぜひ注目してみてください。",305
08_080,f010,feedback,ai,"以下の点で非常に良くできています：毎日記録を欠かさず行っている点、患者の状態を詳細に書いている点、そして学んだことや今後の課題も具体的に記述している点です。

いくつかの改善点を提案します。まず、さらに具体的に記述することでさらに学びを深めることができます。例えば、患者の症状やその影響についてもう少し深掘りして書くことが考えられます。具体的な例として、57歳男性のマントル細胞リンパ腫の患者について「手足の痺れについては具体的にどの時間帯に強く出るのか、どのような状況で増強するか」など詳細を書くと良いでしょう。

次に、実習内容についても詳細に記述する習慣をつけると更に良いです。学生回診の内容や、午後のレポートチェックがどのように行われたのか、具体的な手順や指摘事項などを記載することで、振り返りがより実践的になります。

最後に、今後の課題について具体的なアクションプランをつけ加えてみてください。「論文を読む」や「調べる」だけでなく、どの論文を読むのか、どのリソースを使って調べるのかなど、次のステップを明確にすることで実践に繋がりやすくなります。",479
08_080,f010,feedback,supervisor,マントル細胞リンパ腫の自家移植適応例と非適応での標準治療の違いについても勉強してみてください。,47
08_081,f022,feedback,ai,あなたの記録は全体として非常に詳細で、具体的な患者情報や学んだことがきちんと記述されているため、とても優れています。以下の点について考慮すると、さらに良くなると思います。まず、一部の日に患者リストの記入がありません。毎日の記録を一貫して行うことで、学習の一貫性が保たれ、後から自己評価もしやすくなります。次に、学んだことのリストは具体的で素晴らしいですが、さらに改善するためには、具体的な臨床場面でどのように学んだかも記述すると、理解が深まります。例えば、『新生児黄疸の鑑別疾患』について学んだことを記録する際に、具体的な患者ケースを挙げ、その症状や検査結果からどのように診断に至ったかを書くと良いでしょう。最後に、今後の課題はもう少し具体的にすると実践しやすくなります。例えば、『患児の状態をアップデートする』だけでなく、『患児の呼吸状態や栄養管理に関する具体的な指標を把握する』といった具体的な行動目標を設定すると良いでしょう。全体として非常に良くできており、少しの改善でもっと素晴らしい記録になると思います。頑張ってください！,466
08_081,f022,feedback,supervisor,"自主的にいろいろと勉強できていて素晴らしいと思います。今週で小児科のポリクリ2はおしまいですが、留学先でも頑張ってください。
将来的な進路や就職先選びに迷う時には気軽に相談いただければと思います。",98
08_082,f010,feedback,ai,1週間分の臨床実習記録を毎日しっかりつけている点は素晴らしいです。また、具体的な患者リストと経験したことを記載していることも非常に役立ちます。しかし、いくつかの改善点もあります。まず、学んだことについてもう少し詳細に書くことで、次回の復習時に役立ちます。例えば、カルテ記載に関する具体的学び（例：どのようなフォーマットや記載方法を学んだか）を記載するといいでしょう。また、今後の課題についても「身体診察を頑張る」のような漠然とした目標ではなく、「身体診察で心音の異常を識別する練習をする」など、具体的な目標を設定すると更に効果的です。これにより、日々の臨床実習の中での成長が確認しやすくなります。,298
08_082,f010,feedback,supervisor,カルテ記載、プレゼン共に上手になっています。訪問看護など医師以外の職種との連携についても学べて良かったと思います。,57
08_083,f001,feedback,ai,1. 記録が毎日しっかりと記入されている点は非常に優れています。実習内容をさらに詳しく具体的に記載すると、後で見返したときに役立ちます。どのようなカンファレンスに参加したのか、どのような診察を行ったのかを具体的に書くと良いでしょう。例えば「胸部の聴診」ではどのような所見があったか、「カンファ」ではどのような議論があったかなどです。\n\n2. 学んだことも大変役立つ内容ですが、もう少し具体的な詳細を加えるとさらに効果的です。例えば「動脈炎について学んだ」の代わりに、「動脈炎の診断基準や治療方法について学んだ」というふうに書きましょう。また、レントゲンの読み方についても、具体的なポイント（例えば、肺野と骨格をどう見るかなど）を加えてみてください。\n\n3. 今後の課題も具体的で非常に良いですが、これも詳細に書くとより効果的です。例えば「病棟カンファでのプレゼンを行う際にどのようなポイントに気をつけるべきか」「大動脈炎でない場合にはどのような他の疾患を鑑別診断に含めるか」など。これにより、次に行動に移すときの具体的なステップが明確になります。,477
08_083,f001,feedback,supervisor,問題意識を持ちながら実習に取り組めていると思います。,26
08_084,f040,feedback,ai,1. 記録が毎日しっかりと行われていることにまずは拍手を送ります。この調子で継続していきましょう。また、実習や学びを非常に詳細に記載されていて、非常によくできています。2. 改善点として『学んだこと』については、具体例を挙げるとさらに有効です。例えば、『動脈圧ラインの固定時に脈波を確認しながら』という記載の後に、具体的にどう行ったか、注意点、困難だった点などを記すと学びが深まります。3. 『今後の課題』について、具体的な目標や方法を記載すると実行しやすくなります。例えば、『心エコーに関してもっと理解を深めるために、具体的な文献や教材を探して学習する』という風に、具体的な行動を記載してみてください。このアプローチにより、日々の学びの質と効果がさらに向上します。引き続き、頑張ってください！,347
08_084,f040,feedback,supervisor,"今週は、NICUの基本的な手技について見学・勉強してもらえたと思います。
今週は重症な肺高血圧症の患者さんの出生もあり、その管理についても勉強してもらえたと思います。
肺高血圧の管理戦略は色々とありますが、今いる患者さんには色んな薬剤を使用しているので、
それぞれどのような機序なのか、どのような目的で使用しているかを勉強すると理解が深まると思います。
留学生と英語で積極的にコミュニケーションをとっていて、英語力にも感心しました。",216
09_085,f015,feedback,ai,お疲れ様です。記録を続けている点は素晴らしいですが、以下の点を改善するとさらに良くなります。まず、学んだことを記録してください。どのような治療が行われ、患者さんの経過や反応がどうだったか、それを学んだこととして具体的に記載すると良いでしょう。例えば、『ステロイドパルス療法が発熱と関節痛の緩和にどのように寄与するかを学んだ』という具合です。また、実習事項についても具体的なアクティビティや得られた知見を書くとより充実した記録になります。例えば、『回診で担当医が行った診察内容や指示、カンファレンスでの議論内容』などです。さらに、毎日今後の課題を記載し、それに向けた具体的なアクションプランを設けると、日々の成長が確認しやすくなります。実習期間中の学びを最大限に活かすために、これらの点に留意してみてください。,354
09_085,f015,feedback,supervisor,まじめに実習できていると思います。患者の病状の理解を進めるという目的意識を持って、日々患者の情報収集に取り組んでください。,61
09_086,f027,feedback,ai,"あなたの臨床実習記録は詳細かつよくまとまっており、特に患者の状態について具体的に書かれている点は素晴らしいです。しかし、以下の点でさらに改善ができます。

1. 毎日の記録の継続: 1週間分の記録として提示されているが、2日分しかありません。できるだけ毎日欠かさず記録するよう心がけてください。毎日の記録を行うことで、自分の成長や課題を客観的に把握することができ、学びをより深めることができます。

2. 学んだことの詳細化: 学んだことに関してもう少し具体例を挙げると、理解が深まります。例えば、「ABCDEアプローチを使った具体的なケース」のような形で記入すると、将来的に自分が参照する際に役立ちます。

3. 今後の課題の具体化: 今後の課題についても具体的な行動計画を立てるとさらに良いです。「処置を適切かつ迅速にできるようになる」ためには、何をどのように練習するか具体的に書いてみてください。例えば、「具体的な手技を週3回練習する」など、具体的な目標を設定すると達成しやすいです。

この調子で引き続き努力を続けてください。あなたの献身的な学習態度は非常に立派だと思います。",492
09_086,f027,feedback,supervisor,今週は骨髄検査を経験しました。これまでの経験が、今後の研修に活かされればと思います。また、発表スライドもだいぶ仕上がってきたように感じます。最終週も、前向きに取り組み、学びを積み重ねていってください。,100
09_087,f032,feedback,ai,まず、実習記録を行うことを継続できていてとても素晴らしいです。しかし、1週間の中で記録が完全でない日があるため、毎日の記録を徹底するように心がけてください。また、内容については、具体的で詳細な記述があるとさらに良いです。たとえば、患者リストの症状や治療経過をもう少し詳細に記載し、実習事項ではどのように血糖値測定を行ったのか、どのように指導を受けたのかを具体的に書くと良いでしょう。最後に、学んだことをもう一歩踏み込んで具体的に記述してください。例えば、『成人Still病のステロイドの減量については、急激な減量がリスクになるため、徐々に減量することが重要だと学んだ。具体的には1日X mgずつ減量する方法が推奨されている』という風に記載すると理解の深さが伝わります。引き続き頑張ってください！,347
09_087,f032,feedback,supervisor,学んだこと、活動したことを具体的に記録するようにしてください。それがご自身の成長と今後の課題をメタ認知することになります。,61
09_088,f005,feedback,ai,"素晴らしいですね！毎日の記録がしっかりとつけられている点、そして学んだことを具体的に記載している点は大変良いです。ただし以下の点を改善するとさらに良くなるでしょう。

1. 実習内容をもう少し詳細に記述すると、更に実習での学びを振り返る際に役立ちます。例えば、""""自己学習""""だけでなく、具体的に何を学習したのかを明記すると良いです。

2. 今後の課題についても具体的なアクションプランを追加すると更に効果的になります。例えば、""""脳の解剖を復習する""""だけでなく、使用する教材や学習時間を決めるといいでしょう。具体的な例として、""""毎日30分ずつ授業の復習とMRIの解析を実行する"""" といった目標設定が考えられます。

引き続き頑張ってください。この調子で学びを深めていきましょう。",344
09_088,f005,feedback,supervisor,一週目からたくさんの疾患に触れることができましたね。パーキンソン病の方を診察する時は、パーキンソン症候群で見られる症状と比較しながら診察してみてください。また患者さんは経過の長い方だと思いますので、これまで従来の薬を使用してきた経過についても問診でよく聞いてみてください。,136
09_089,f007,feedback,ai,"素晴らしい記録を続けていますね。毎日患者リストと実習内容を記録している点はとても優れています。いくつかの具体的なフィードバックを提供します。

1. **経験についての詳細記述**: 特定の実習活動や手技（例: PTやAPTTの測定方法）について、更に具体的な詳細を書いてみましょう。例えば、どのような手順で測定したのか、どのような点が難しかったのかなどを書き加えると、自分の経験をより深く理解する助けになります。

2. **学んだことの具体化**: 学んだ内容についても、もう少し具体的に書くと良いでしょう。たとえば、ICEスコアについて、基礎的な定義や適用方法、臨床での役立ち方などを書き加えると、自分の知識の定着がより確実になります。

引き続き頑張ってください！記録の改善が難しいと感じたら遠慮せずに相談してくださいね。",365
09_089,f007,feedback,supervisor,"【今後の課題】には、「注意」するために、実習上どのようにしたらよいかを考えて記載してください。
次週は最終週ですので、全体をまとめられるように（疑問の解決など含め）取り組みましょう。",91
09_090,f027,feedback,ai,実習記録を毎日つけていることは非常に素晴らしいです。いくつかの点を改善することで、さらに効果的な記録になります。まず、各項目についてもう少し具体的に書くと良いでしょう。例えば、カテーテルの仕方や心エコーのやり方について、どのような手順や技術を学んだのか具体的に記述してください。そうすることで、自分自身の理解が深まります。次に、今後の課題も具体的に書くと良いです。例えば、『今後、心電図の解析について重点的に勉強し、不明点は指導医に質問する』など、具体的な行動計画を立ててみてください。これにより、実際の行動に結びつけやすくなります。引き続き、この調子で記録を続け、実習を最大限に活かせるよう頑張ってくださいね！,306
09_090,f027,feedback,supervisor,実習頑張ってくださいね！,12
09_091,f007,feedback,ai,連日記録を行っている点は非常に素晴らしいです。詳細かつ具体的な記載がさらに求められます。例えば、学んだことに関してもう少し具体的な内容を記載しましょう。単に「イエスカルタ輸注が思ったより短かった」ではなく、その背景や理由、薬剤の特性なども書き添えると良いです。また、今後の課題については、「CRSの経過に注意」といった抽象的な表現ではなく、具体的なアクションプランを記載してください。例えば、「次回の回診ではCRSの症状評価を詳細に行い、その対応策を考える」などです。こうすることで、自身の学びと課題がより明確になり、成長の助けとなります。引き続き頑張ってください。,283
09_091,f007,feedback,supervisor,サイトカイン放出症候群によりどのような症状が出てくるか、またそのGrade別の対処法についても学んでいきましょう。,57
09_092,f002,feedback,ai,"1. 本日の記録は短く、もう少し具体的な詳細を追加することが有益です。例えば、回診や手術見学で具体的にどのような観察をしたか、どのような質問をしたかを書き加えると良いでしょう。
2. 学んだことについても具体性を追加してください。「皮膚消毒について」のみではなく、どのような手順で行ったか、どのような注意点があったかなどの具体的な知識を書き加えてみましょう。これにより、後から振り返った際に復習しやすくなります。
3. 今後の課題に関しても具体性を持たせるとよいです。例えば、「手技について復習する」に、「皮膚消毒の手技を、手順書を使って再確認する」など、具体的で実行可能なアクションプランを立てましょう。",303
09_092,f002,feedback,supervisor,"僕と一緒にいる時間は少なかったですが、そのなかでも積極性を感じました。事前学習もしているように思えたので好感です。
患者もそのような方に見てもらえて嬉しいと思います。そのスタイルは変えずに頑張ってください。",103
09_093,f016,feedback,ai,"臨床実習記録の詳細化と一貫性のある記録が非常に重要です。毎日の記録について、いくつかのポイントで改善が見られますが、さらに詳細を記載することで学びを深めることができます。

1. 毎日の記録の徹底：今回の記録では、1月23日と1月26日に実習内容を書いていますが、他の日の記載がありません。毎日の実習内容を記録することで、実習全体の流れを理解しやすくなり、学びを深めることができます。

2. 内容の詳細化：実習事項や学んだことについて、もう少し具体的な内容を記載するとよいでしょう。例えば、1月23日の「1ヶ月検診でどういったところに注目するか」の項目については、「1ヶ月検診では体重、身長、頭囲、発達の評価などを具体的に確認することが重要」と詳細に書くと理解が深まります。

全体として、細かい部分に焦点を当てて記載することで、後から見直した際に理解が深まる記録が作成できますので、引き続き頑張ってください！",406
09_093,f016,feedback,supervisor,今週も正常新生児に通ずる項目から、集中治療ならではのことまで、しっかり学んでいて良かったと思います。1ヵ月健診は赤ちゃんに異常がないかきちんと評価することとともに、家族の心配や不安を受け止める場所でもあります。医学的な面のみならず、どのように医師が説明していたかなどももう一度振り返ってもらえるとよいと思います。また、気管挿管は成人と小児、新生児で共通するところも多いです。どの科に進んでも、気管挿管は大切な手技の一つですので、ぜひ復習してもらうとよいと思います。そして残りのNICUでの実習を通じて、NICUでの呼吸管理や栄養管理をしっかり学んでいただければと思います。,286
09_094,f029,feedback,ai,"素晴らしい取り組みです！日々の学びをしっかりと記録していて、特に患者さんのリストを詳細に記入している点は非常に良いです。以下の点に注意してください。

1. 実習内容をもう少し具体的に書くと良いでしょう。「回診を行いました」という記述は情報としてもう少し具体的にしてください。例えば、どのような検査や診察を行ったのか、特に注意深く観察した点は何かなどを記載することで、自分の実践を振り返りやすくなります。

2. 学んだことについても具体例を持ち込むとより良いです。「縫合不全の経過」について学んだ内容を具体的に記載してください。例えば、「術後5日目に発生した縫合不全の症状とその対応」「治療の進行状況」などを詳しく書くと、自分の理解を深める助けになります。

元気を出してください！この調子で細かい点に気をつけて記録を続けてください。",368
09_094,f029,feedback,supervisor,実習お疲れさまでした。,11
09_095,f024,feedback,ai,"1. 記録が不完全な日があるようですが、一貫して毎日の記録を行うことが重要です。忙しい時も簡単なメモを取り、後で詳細に書き直す方法を試してみてください。それにより、自分の成長や学びの進捗を正確に把握できます。

2. 記録の中で具体的な患者情報や診療内容があるのは素晴らしいですが、更に掘り下げて詳細に記載すると良いです。例えば、具体的な患者の状態や使用した機器・薬剤についての詳細を記載することで、後で見直した時の学習効果が高まります。

3. 今後の課題に具体的な行動計画を加えると、更に実践的な記録になります。例えば、'呼吸管理と栄養管理について自分なりに考察する'だけでなく、'次回の実習で指導医に具体的な症例について質問する'や'関連する文献を3本読む'など具体的な行動に結びつけると良いでしょう。",354
09_095,f024,feedback,supervisor,各症例に応じて、その病態や治療について詳しく学んでいたと思います。また、症例発表の準備に際しては、きちんと成書を読み込んで、ポイントに沿ってしっかりまとめることが出来ていました。小児科はもちろん、他の科の実習に行った際も、今回のように病態を踏まえながら検査や治療の意義や特徴をしっかり学んでいってもらえればと思います。,159
09_096,f009,feedback,ai,臨床実習の最初の日として、とてもよくまとめられています。患者リストや担当する患者の情報が具体的に記載されており、実習内容も明確で詳細な報告が書かれています。この調子で続けていきましょう。学んだことについても具体的で、重要なポイントをしっかり理解しているのが分かります。今後の課題として、もう少し具体的にどの点に注意すべきかを記載すると良いでしょう。例えば、統合失調症の患者さんとの面談では、特定の症状や行動にどう対応するべきか、摂食障害の患者さんにはどういうコミュニケーションが有効かなどを記載すると理解が深まります。これからも毎日しっかりと記録を続け、具体的な改善点や目標を挙げることを心掛けてください。,303
09_096,f009,feedback,supervisor,問題ありません,7
09_097,f012,feedback,ai,"あなたの臨床実習記録に対していくつかのフィードバックを提供します。

まず、毎日の記録が継続されている点が非常に良いです。特に、患者の病歴や症状を詳細に記載している部分は、後で振り返るときに役立ちます。例えば、1月16日の記録で、位置覚や痛覚、振動覚の軽度低下を観察したことを詳細に書いている点は素晴らしいです。

しかし、実習内容と学んだことについては、もう少し具体的に書くと良いでしょう。学んだことについて、どのような背景でその知識が生まれたのか、具体的な例や状況を追加するとさらに良くなります。例えば、『筋疾患では問診が重要』という学びに対して、どの瞬間でその学びが具体化されたのかを記載してみてください。

今後の課題も、具体的な行動に落とし込んで書くと実行しやすくなります。『末梢神経障害を細かく鑑別するために必要な検査を把握する』という課題に対して、具体的にはどの資料を読むのか、誰に相談するのか、どんな学習方法を取るのかを書き加えると良いです。全体的に見て、記録が非常に丁寧で良好ですが、もう少し具体的かつ行動指向的に書くことで、さらに有益な学びが得られるでしょう。頑張ってください！",499
09_097,f012,feedback,supervisor,問診を取りながら、自分の中で鑑別診断を考えて、それを肯定するないし否定する症状や経過があるかをさらに深めて聞いてみてください。外来で見ていただいたように、自然に改善経過がある場合は進行性の疾患を除外することができるので、経過を聞き出すのは重要です。末梢神経障害でも、ギランバレー症候群の軽症例は1－2週間で進行した後に自然に改善する例があります。多発性硬化症もそうですが、自己免疫系の疾患は自然寛解する場合がありますので、頚椎症などに加えて鑑別にあげるとよいです。今日担当症例を増やしましたが、他にも見てみたい疾患があれば是非教えてください。,271
09_098,f010,feedback,ai,実習記録を毎日書くことが重要です。特に1月23日や24日は記録がありませんでしたので、その日の実習内容や学びを記載するように心掛けてください。日々の経験や学びを詳細に記録することで、自身の成長を実感しやすくなります。また、学んだことに関して、具体的な臨床例や患者さんの状況と結びつけるとより理解が深まるでしょう。例えば、『学んだこと』としてパーキンソニズムの鑑別について詳しく、どのようなポイントで診断を進めるのか、使用する診断基準を記載するとより具体的になります。最後に、今後の課題についても具体的な行動計画を立てると良いでしょう。例えば、『レビー小体型認知症の病態生理について関連文献を三つ読み、考察をまとめる』といった具体的な行動を記載すると、学習が進めやすくなります。引き続き頑張ってください！,351
09_098,f010,feedback,supervisor,4週間で多くの患者さんを診ていただきました。脳神経内科の診療には診察が重要ですが、それを体得いただけたかと思います。患者さんを診察する態度も熱心で大変すばらしかったです。どの診療科においても患者さんを診察することは基本であり重要なスキルです。是非これからもその姿勢で学びを続けてください。多くの症例、また難しい症例に当たるたびに、実力もついてくると思います。,179
09_099,f002,feedback,ai,"素晴らしい内容で、毎日記録を詳細に行っていることがまず評価できます。ここでいくつかのフィードバックを提供したいと思います。

1. 一部の説明がやや専門用語を使いすぎている点に注意をしてみてください。例えば、'PHクライシス'や'PVE'など、簡単で具体的な説明を補足として加えるとさらに理解が深まります。また、他の人が読む際にも理解しやすくなります。

2. 今後の課題については、もう少し具体的な行動計画を立てると良いです。例えば、『カルテをスムーズに書けるようにする』という課題に対して、『カルテ記入の時間を計り、毎日5分短縮する目標を設定する』といった具体的な方法を考えてみてください。

総じて、とても真剣に取り組んでいる姿勢が伝わり、また具体的な学びがしっかりと書かれている点が非常に良いです。この調子で引き続き頑張ってください。",371
09_099,f002,feedback,supervisor,4週間の血液・腫瘍グループのローテートを通じて、様々な患者に出会い、検査手技や症例発表についても積極的によく頑張っていたと思います。,66
09_100,f029,feedback,ai,まず、記録を毎日きちんとつけることが重要です。この日は順調に記録ができているので、その調子で続けてください。経験したこと（実習内容）の記載はありますが、具体的なエピソードや感じたこと、学んだことの詳細についてさらに詳しく記載するとより良いでしょう。例えば、 '静脈採血の手技' だけでなく、採血の過程で苦労した点や成功した点、教わったポイントなどを詳細に記載すると、後で見返した時に役立ちます。最後に、 '動脈採血の手技をする' という今後の課題も具体性を持たせると良いです。例えば、 '具体的な動脈に対する採血を練習する機会を増やす' や '先輩や指導医にフィードバックをもらう' など具体的な行動計画を記載することで、より実現可能な目標になります。,326
09_100,f029,feedback,supervisor,実習お疲れ様です。採血は働き始めたら何度も行いますが、基礎的なことをゆっくり学べる機会は少ないので、ポリクリのうちにできるだけ経験できるとよいと思います。,77
10_101,f033,feedback,ai,とても良いスタートを切っていますね！以下の点に注意して記録をさらに充実させましょう：まず、毎日記録を欠かさずに行うことが大切です。継続的な記録はあなたの学びを深める手助けとなります。次に、実習内容についてもう少し具体的な詳細を書くと、後々振り返りやすくなります。例えば、カンファレンスでどのような議論がなされたか、採血練習の中で何が成功し何が難しかったのかを具体的に記録してみてください。最後に、学んだことや今後の課題についても細かく記述することで、自分の成長を実感しやすくなります。例えば、動脈採血の手技について具体的なテクニックや注意点を記載することで、次回の実習時に役立つメモになります。この調子で続けてください！,310
10_101,f033,feedback,supervisor,カンファレンスでの発表は臨床に即した実践的な内容で私たちも勉強になりました。今後も一例一例丁寧に考える習慣を心がけてください。,63
10_102,f030,feedback,ai,"素晴らしい一週間の実習記録です。毎日記録することができないときもありますが、日々の記録が欠かせないので、全ての日付をカバーすることを目指してください。

1. 記録の詳細について: 実習事項や学んだことが具体的で良いのですが、さらに詳細に書くことで振り返りが容易になります。例えば、「乳癌部分切除オペの手技」の部分では、具体的にどの手技を学んだのか、どのような課題があったのか、どのように解決したのかを記載すると良いでしょう。

2. 今後の課題について: 課題の明確さは重要ですが、より具体的なアクションプランを示すとさらに良くなります。例えば、「縫合手技の修練」では、「1日5回の縫合練習を実施」「ビデオ教材を週1本確認」といった具体的な行動を設定すると、達成しやすくなります。

引き続き、学びと記録を兼ね備えた実習を続けてください。応援しています。",378
10_102,f030,feedback,supervisor,ついに最終週になりましたね。あともうひと踏ん張りです！,27
10_103,f029,feedback,ai,まず、記録を毎日欠かさず行うことが重要です。次に、実習内容や学んだことをより詳細かつ具体的に記載することが必要です。例えば、乳腺カンファレンスや甲状腺左葉切除の見学で具体的にどのような手技や内容があったのか、一つひとつ詳しく書いてみてください。また、学んだことについても具体的な内容を記述すると良いでしょう。例えば、乳腺術後治療では具体的な治療法やその効果、甲状腺術後合併症については具体的な合併症の種類や予防法などを詳しく書くと理解が深まりますよ。,225
10_103,f029,feedback,supervisor,手術所見をイラストで描いてもらいました。今後も続けましょう。,30
10_104,f028,feedback,ai,"あなたは実習記録を詳細に書く努力をしていますね。特に患者リストでは、症状や治療経過を具体的に記述している点が良いです。この調子で続けてください。以下の改善点を提案します。

1. 毎日記録を続けることを心がけましょう。1月17日と18日の記録が抜けています。実習がない日でも、その日の学びや感じたことを書き残すと良いでしょう。

2. 学んだことと今後の課題について、もう少し具体的に書くと良いです。例えば、腱反射を評価するコツについて具体的な手法やポイントなどを記載すると、後で見返した時に役立ちます。今後の課題についても「レポート作成に向けてこれまでの経過をまとめる」だけではなく、どのようなステップで進めるか、具体的なアクションプランを追加すると良いでしょう。

引き続き頑張ってください！今回のフィードバックを参考に、次回の記録をさらに充実させていきましょう。",384
10_104,f028,feedback,supervisor,いずれも臨床診断上、難しい症例とは思いますが引き続き頑張って下さい。,34
10_105,f007,feedback,ai,あなたが外科ユニットで参加された手術の記録に集中している点は素晴らしいです。ただし、実習記録においては毎日の記録が求められますので、欠かさず記録するよう心がけましょう。また、実習内容だけでなく、学んだことや感じたことを詳細に記載することも重要です。例えば、手術の具体的な手技や新しく学んだ解剖学的知識、また考えるべきことや改善点についても書き加えると良いですね。今後の目標を明確にし、次の実習にどのように活かすかを考えることも大切です。これにより、毎日の実習記録がより具体的で有益なものになります。,249
10_105,f007,feedback,supervisor,患者の診察、処置への参加など大変助けていただきました。実技についても少しずつ上達してきていると思います。これからもたゆまぬ努力を期待しております。がんばってください。,83
10_107,f017,feedback,ai,"1. 毎日記録を続けている点は素晴らしいです。また、学んだことに関しても具体的で重要なポイントを押さえています。ただし、一部の日は学んだことや今後の課題が記載されていないので、毎日の記録を徹底しましょう。例えば、2月21日は「学んだこと」が欠けています。毎日学びを振り返り、具体的に記録する習慣をつけると良いです。

2. 今後の課題に関して、具体的で実行可能な目標を設定することが重要です。例えば「体液貯留を改善してから退院させてあげたい」といった目標には、具体的にどのようなアプローチをとるかを追加してください。「利尿薬の投与調整や食事管理、定期的なバイタルサインのチェックを行い、体液管理を徹底する」など具体的な方策を書くと良いです。

3. 採血の課題についてですが、「ずれているところを刺してしまう」とのことでしたね。次回の実習では指導教官に具体的なフィードバックを求め、練習を積み重ねることが大切です。また、指導教官の手技を観察し、自身の手技と比較することで改善点を見つけることができます。実際に「指導教官に見本を見せてもらい、その後に自分で実践し、その結果についてアドバイスを受ける」といった具体的な方法を試してみてください。",520
10_107,f017,feedback,supervisor,実習お疲れ様です．採血も経験でき，充実しているように思います．手技は数をこなしていくうちでできるようになりますが，研修医になってからだと手順をゆっくり振り返ることも少なくなるので，今の機会にぜひ習得しておいてください．,109
10_108,f009,feedback,ai,"素晴らしい一週間の実習記録です。毎日しっかりと記録を続け、学んだことを詳細に書いている点を commendable です。以下に、さらに実習記録を改善するための具体的なフィードバックを提供します。

1. 毎日の学びだけでなく、今後の課題も記載してください。たとえば、「今後の課題」欄には、「神経学的所見の取り方を再確認する」、「症例プレゼンテーションのスキルを向上させる」といった具体的な目標を書いてみましょう。これにより、自己成長のための方向性を明確にできます。

2. 実習内容について、さらに詳細に書くことができます。たとえば、1月24日のレポート作成について、「具体的にどのような情報をレポートにまとめたのか」、「どのような方法で情報を収集したのか」といった詳細を追加することで、具体的な経験と学びがさらに明確になります。

引き続き頑張ってください。少しの工夫で記録がさらに充実し、学びが深まります。",406
10_108,f009,feedback,supervisor,自律神経障害の検査の現場を見学できたことは貴重と思われます。検査異常と、診察所見との対比も学習すると検査の意義が深まると思われます。また神経学的所見についてですが、教授や教官の所見と、自身の所見の相違についても検討されると良いと思います。患者さんにはなるべく負担のかからないように適切な態勢を取っていただくことが所見を取る上で重要な点の一つとなります。,176
10_109,f004,feedback,ai,"1. まず毎日記録を行うことは重要ですので、他の日の記録が欠けている場合は注意して継続的に記録を行うようにしましょう。特に忙しい実習の日でも、記録を怠らないことが大切です。

2. 実習内容についてもう少し具体的な内容を書くと良いでしょう。例えば、病棟回診で具体的にどのような患者さんにどのような処置や観察を行ったのか、けいれん講義で学んだ具体的な内容やポイントを記載すると、記録が更に価値あるものとなります。

3. 学んだことも具体的に記載できていますが、さらに具体的な技術や知識のポイントを盛り込むと良いです。例えば、「けいれんが来たときに準備するものが何なのか」、「症例発表のスライドの構成で参考になった具体的な点は何であったのか」を詳細に含めるようにしてみましょう。",338
10_109,f004,feedback,supervisor,"疑問を持つ、自分なりに調べ、考える、そしてわからないことを質問する。
一連の流れができていました。ぜひ小児科に戻ってきてくださいね。",66
10_110,f030,feedback,ai,"以下の点についてのフィードバックを提供します。

1. よくできている点：毎日記録を欠かさず詳細に記載している点は非常に良いです。また、学んだことについても具体的な事実や知識を明記している点が優れています。この調子で、今後も続けてください。

2. 改善点：学んだことの記載において、実際の症例や見学した手技の詳細なプロセスをもう少し詳しく書くと、将来の復習に役立ちます。また、今後の課題についても、具体的な目標や次に取り組むべき具体的なアクションを明示するとよいでしょう。

例えば、'反復神経刺激検査について詳しく学ばなければいけない' という課題に対して、'次のカンファレンスまでに反復神経刺激検査の論文を2本読む' など、具体的なアクションプランを立てることが有益です。今後も頑張ってください！",351
10_110,f030,feedback,supervisor,"最終週は抄読会や症例発表会の準備があり大変だったと思います。
末梢神経検査や退院カンファレンスなどはやや機会が少なく、今回の実習を活かしていただければと思います。
この後も1例1例、1機会1機会に対して気を抜くことなく勉強していっていただければと思います。",128
10_111,f007,feedback,ai,まず、記録を毎日欠かさず行えていることは非常に素晴らしいです！続けてください。また、具体的な手術の経験や患者との対応について詳細に書かれており、経験したことをよく振り返ることができている点も良いですね。改善点としては、2024年02月02日の記録には患者リストが欠けていますので、記載を忘れないようにしましょう。また、学んだことや今後の課題についてももう少し具体的に記載すると良いです。例えば『腋窩解剖に関する理解を深めるために具体的な書籍やリソースを参照する』や『症例発表で検討する論文を探す際の具体的な方法やアプローチ』などが考えられます。引き続き、詳細で具体的な記録を心がけてください。,296
10_111,f007,feedback,supervisor,手術では助手として積極的に術者を助けようとする姿勢がみられました。相手の意図を汲み取り思いやって助ける姿勢は手術に限らず、患者さんへの向き合い方やチーム医療にとってとても大切です。基本の気持ちを忘れずに、これからも実習を、そして医師としてがんばってください。,129
10_112,f021,feedback,ai,1. 記録が毎日行われていないようです。毎日の記録を欠かさず行うことで、振り返りや自己評価がしやすくなります。具体的な実習内容や学んだことを毎日記録するように心がけてください。 2. 実習事項について、具体的な活動内容をもっと詳細に記述すると良いでしょう。例えば、回診でどのような患者とどのようなコミュニケーションを取ったか、具体的な診察内容や学んだことなども記載すると学びの振り返りに役立ちます。 3. 学んだことについても、もう少し具体的に書くと良いです。例えば、「糖尿病の教育入院では、自己血糖測定の指導が行われており、患者自身が管理に積極的に参加することが重要である」といった具体例を挙げると理解が深まります。,309
10_112,f021,feedback,supervisor,短い期間の実習でしたが、お疲れ様でした。ルンド大学への短期留学のお話は、とても楽しく聞かせていただきました。これからも頑張って下さい。,67
10_113,f023,feedback,ai,まず、毎日の記録を欠かさず行うことが重要です。体調不良や理由がある場合も、その旨を記録することで、自分のペースや体調管理を見直すきっかけになりますね。次に、患者の経過について、詳細かつ具体的な記録ができていますが、さらに患者一人ひとりの変化や治療に対する反応も含めると良いでしょう。例えば、「インスリン投与後に血糖値はどのように変化したか」「治療への患者の反応はどうだったか」などです。最後に、今後の課題が具体的であると評価しやすくなります。例えば、「特定の疾患についての知識を深める」「特定の検査結果の見方を学ぶ」など、具体的な目標を設定し、それを達成するための計画を立てると良いでしょう。これらを意識して、次回の記録に反映させてみてくださいね。,324
10_113,f023,feedback,supervisor,病歴をわかりやすくまとめています。症例発表会で提示する際には、薬剤名は一般名で統一するとよいでしょう。各症例の検査結果の解釈や治療方針について学習していってください。,83
10_114,f016,feedback,ai,"実習記録を確認しました。まず、実習記録を毎日行うことは非常に重要です。2024年4月2日から4月6日までの間、実習記録がない日は2024年4月3日だけのようでしたが、継続的に毎日の記録を心がけてください。以下の具体的なフィードバックを提供します：

1. 患者リストには、もう少し詳細な疾患背景や治療歴などの補足情報を加えるとよいでしょう。たとえば、「40代女性、乳癌、左乳房全摘＋センチネルリンパ節生検、Stage II」などと記載することで、より具体的な理解が深まりやすくなります。

2. 学んだことの記載は非常に重要です。具体的で実践的な知識が記載されているのは良い点ですが、更に具体的な例や詳細なメカニズムの説明も含めると理解が深まるでしょう。例えば、「cvカテーテル抜去の際、仰臥位で行う理由として、座位では空気塞栓のリスクが高まるため。また、具体的な空気塞栓のメカニズムやその対処法についても学ぶこと。」と記載することをおすすめします。

3. 今後の課題については、「特になし」とするのではなく、小さな目標や関心ごとでも良いので記載するようにしましょう。たとえば、「今日のカンファレンスで理解しきれなかった点をもう一度確認する」「次回の手術見学では術前の準備について詳しく学ぶ」など、次のステップを明確にすると学びが続けやすくなります。

良い実習記録を続けていくための土台はしっかりできていますので、この調子でさらに詳細で具体的な記録を心がけてくださいね。",637
10_114,f016,feedback,supervisor,"2024年04月02日
【患者リスト】
40代女性　乳癌　左乳房全摘＋センチネルリンパ節生検
【実習事項】
カンファレンス
薬剤説明会
【学んだこと】
cvカテーテル抜去の際は座位ではなく仰臥位で行うことで空気塞栓のリスクを減少させる。
→CVカテーテル抜去の際には、空気が投下するような絆創膏ではなく、フィルムで抜去部を覆うことも重要です。

2024年04月04日
【患者リスト】
30代男性　非機能性褐色細胞腫　腹腔鏡下右副腎摘出術
【実習事項】
手術
【学んだこと】
非機能性の場合でも副腎を摘出するということ。
→非機能性でも摘出する基準は何かを調べてみて下さい。自分が患者になった場合を想定して、どのように説明されたら納得しますか？
それから、この患者さんは非機能性褐色細胞腫ではなく、骨髄脂肪腫ではありませんか？
【今後の課題】
特になし",376
10_115,f027,feedback,ai,実習記録への取り組み、お疲れさまでした。以下にフィードバックを提供します。まず、実習内容の詳細が具体的で良かった点として挙げられます。例えば、患者リストに具体的な診断名が記載されており、実習内容も午前・午後の活動に区分けされています。しかし、学んだことについては、あまり具体的ではなく、その結果から何を学んだかを示すとより良いです。例えば、『脊髄液の出るスピードは思っていたより遅かった。そのため、針を刺した際の手技の細かい調整が必要であることを実感した。』と記載することで、より学びが具体的に伝わります。今後の課題も具体的に記述することで、自分の成長に繋がります。例えば『熱型のフォローを行い、適切な対応や治療法について学びたい』と書くと良いでしょう。,327
10_115,f027,feedback,supervisor,患者さんとのコミュニケーションをよくとれていたと思います。今後の実習でも積極的に学習を継続してください。,52
10_116,f006,feedback,ai,"素晴らしい仕事です。あなたが毎日詳細で具体的な記録を続けていることは非常に良い兆候です。いくつかの改善点についてフィードバックを提供します。

1. 学んだことをもう少し具体的に書くと良いでしょう。例えば、「責任インスリンの考え方を踏まえた患者のインスリン調整について学んだ」とありますが、具体的にどのような調整を学び、それがどのように患者に影響するのかを書くとさらに良くなります。

2. 今後の課題も具体的に設定しましょう。例えば、「血液検査の結果を待って、インスリン分泌能を評価する」が良いですが、具体的に何を評価するのか、どのように次のステップに進むのかも書き加えるとさらに理解が深まります。

全体として非常に良い仕事をしているので、この調子で頑張ってください！",336
10_116,f006,feedback,supervisor,"実習記録拝見しました。今回は比較的よくある2型糖尿病の方ですね。これはこれでよい経験になると思いますから、試験勉強を優先しつつ、この患者さんの勉強もすすめてください。
スライドはとてもよくできており、J先生のサポートはあったとしても本質的には岩田先生のものですから、あとは落ち着いて堂々と発表すればよいと思います。質問を受けたら焦らず、よく考えて、自分の知識からなにか返事をするといいと思います。
須賀英隆",203
11_117,f007,feedback,ai,記録をしっかり行っている点、そのたびに新しい理解を得ている点は素晴らしいです。ここからいくつか改善の提案をさせていただきます。まず、特定の日に何も書かれていない部分があります（例えば2月6日午後の実習事項）。情報を記載するか、記載が難しい場合はその理由を明示するとよいでしょう。また、学んだことを具体的に書いている日もある一方、少し曖昧な日もあるようです（例えば2月7日の「心房細動」について）。具体的にどのような知識や技術を身につけたのか（例えば、心房細動の診断や治療の流れ、特定の薬剤について学んだことなど）を書きましょう。さらに、「今後の課題」についても具体性を持たせると良いです。同じ課題が繰り返されているので（例えば2月9日の「クリニカルスケール」と「心不全の治療」）、どの部分を強化したいのか、あるいはどの具体的な手順や方法を学ぶ予定なのかを記載するとさらに良くなります。ご自身の成長が明確に見える記録を続けてください。頑張ってください！,425
11_117,f007,feedback,supervisor,実習お疲れ様です．一般的な評価ツールでも，認知症を有する患者さんには難しいものがあります．目のまえの患者さんに適応できるか見極められるようにしてください．,77
11_118,f011,feedback,ai,"臨床実習記録を継続的につけている点は素晴らしいです。以下の点についてフィードバックを行います。

1. **具体性を増す**：実習内容や学んだことをより具体的に記述すると、自分の理解度や改善点が明確になります。例えば、「回診」ではなく「回診中に特定の患者の病態を理解するために行ったことやその結果」を書くと良いです。

2. **明確な学びの記述**：学んだことを書く際には、具体的な知識や技能について記載すると良いでしょう。「症例紹介の発表の仕方」ではなく「具体的にどのようなポイントに注意を払うべきか」を書くと、自身が得た知識を再確認できます。

3. **課題の具体化**：今後の課題については、具体的なアクションプランを盛り込むと目標達成がしやすくなります。例えば「病態の理解度を上げる」ためには「関連する文献を週に3本読む」や「毎日指導医に疑問点を質問する」などです。

全体的に、実習記録は非常に有益ですが、より具体的な情報を追加すると更に良くなると思います。今後も頑張ってください。",448
11_118,f011,feedback,supervisor,"心カテ、救急外来でも意欲的に参加していました。
心電図読影も成長が見られました。
内科会では受け持ち症例の発表をしてもらいましたが、多彩な質問があり、プレゼンの仕方や病態把握などにレベルアップが必要だと感じたと思います。2/1の発表会では成果が出ていました。
",130
11_119,f026,feedback,ai,"あなたの記録にはポジティブな要素が多く、特に毎日しっかりと記録が取れている点は素晴らしいです。また、学んだことを振り返り具体的に書こうとしている点も良いですね。同時に、少し改善するとさらに良くなる点もあります。

1. 実習事項や学んだことをもう少し具体的に書くと良いでしょう。例えば、「ICのやり方」という記述を「IC（インフォームドコンセント）では、どのように患者に説明し、どのような質問に答えるか学んだ」といった具体的な内容にすることで、後で見返すときに役立ちます。また、スライド作成についても、どの点が特に役に立ったかや学んだテクニックについても詳しく書いても良いでしょう。

2. 各日の「今後の課題」ももう少し具体的に設定してみてください。例えば「スライドを修正する」ではなく、「スライドのデザインを改善し、より分かりやすくする」や「カルテ記載、プレゼンを頑張る」ではなく、「カルテの記載方法を復習し、効率的に書けるよう工夫する」など具体的で実行可能な目標にすることで、自分の成長に繋がります。これらの改善によって、あなたの記録がさらに有意義で参考になるものになるでしょう。引き続き頑張ってください！",506
11_119,f026,feedback,supervisor,"プレゼン、診察などしっかりできています。他の職種の仕事について理解が深まったかと思います。
",46
11_120,f004,feedback,ai,"まず、2月5日の記録について、よく記録されている部分と改善すべき点があります。
1. 今日実行した具体的な医療行為（例：患者の問診、診察手順など）をもっと詳細に記録すると良いでしょう。例えば、「心電図の取り方」や「病歴聴取の具体的な質問内容」などを記述してください。
2. 学んだことについては、具体的な事例や知識を含めて記載することで、後から振り返りやすくなります。例えば、「心窩部痛の鑑別として、消化器病変、心疾患、精神的要因の可能性を考慮することが重要である」といった具体的な学びを追加してください。
全体的に記載は良好ですが、日々の記録をもっと具体的にすることで、将来の振り返りや勉強に役立つものになります。その調子で、他の日の記録も詳細に記載していきましょう。今後の成長を楽しみにしています。",351
11_120,f004,feedback,supervisor,収縮期雑音の鑑別を、実際の患者さんの聴診と心エコー結果から鑑別を考えて頂きました。胸腹部大動脈瘤の保存的な管理についてガイドラインを調べ、適切な管理ができているか考察して頂きました。診療録の記載も適切でした。,104
11_121,f014,feedback,ai,"1. 良い点として、患者リストに病名や治療内容が具体的に記載されているので、自分が関わった症例について振り返りやすいです。ただし、実習事項や学んだことについても、もう少し具体的に記述するとよいでしょう。例えば「臍帯動脈について」ではなく「臍帯動脈の機能や病変の影響について学んだ」といった具合に。その方が後で復習する際に役立ちます。
2. 課題に関しても、今後の学習計画や具体的な取り組み方法を記載すると効果的です。たとえば「エクモの適応について学ぶ」だけでなく、「エクモの適応について文献を調べ、理解度を確認するためにプレゼンを準備する」など、具体性を持たせるとよいでしょう。それにより、何をどう学ぶべきかが明確になります。
3. 記録が休みの日も含めて毎日行われており、習慣として定着しているのは非常に良いことです。これを継続し、さらに記録内容を詳細かつ具体的にすることで、実習の成果を最大化できます。",403
11_121,f014,feedback,supervisor,担当患者に関して、毎日回診し急性期から慢性期まで経過を見ていただくことで、疾患の治療や評価のみならず、退院に向けての取り組みや流れまで、幅広く体験していただけたのではないかと思います。自主的に、Sarnat分類やTompsonスコア、海外文献をもとに児の重症度や予後を予測していただいた点も良かったと思います。小児の治療は家族の協力が不可欠ですので、患者家族との接触する機会がもっと取れるとより良かったと思います（この点はそのような場を設けることができなかった我々の不手際でもありますが）。今回の実習で学んだことを、単なる知識として終わらせることなく、貴重な経験として医師になった後にも役立ててもらえると嬉しいです。また、症例発表でのスライド・発表は、内容・時間配分ともに非常に良かったと思います。今後の学会発表などに役立ててください。,368
11_122,f035,feedback,ai,"臨床実習記録においては、一貫して詳細な情報を提供していることがうかがえます。以下の点を改善することで、さらに記録の質を向上させることができます。

1. **連続性を持たせる:** 記録が2日にわたっている点は良いですが、毎日の記載が求められているため、毎日欠かさず記録を行うよう心がけてください。特に土日を跨ぐ際にも、週末の間に学んだことや読んだ文献の内容を記録することで学びを深めることができます。

2. **具体的な観察内容と学び:** 患者の症例については非常に詳細に記述されていますが、特に学んだことに関しては具体的なエピソードや学んだポイントを明確に記述することが求められます。例えば、「貧血の分類については特に鉄欠乏性貧血と巨赤芽球性貧血の違いを学んだ」など、具体例を挙げると記録がより充実します。

総じて、記録の質は高いですが、さらに細かい部分まで記述することと、連続的な記録を保持することで一層の学びが期待されます。頑張ってください。",428
11_122,f035,feedback,supervisor,CAR-T後の毒性のgradingとgrade別のマネジメントにASTCTコンセンサスガイドがあるので学習して下さい。,59
11_123,f027,feedback,ai,非常に良い点として、特定の日付の実習内容や学んだこと、今後の課題について具体的に記載されている点が挙げられます。しかし、いくつか改善点もあります。1つ目として、毎日の記録をより一貫してつけることが重要です。例えば、実習があったすべての日について記録を残すことで、より全体の実習の振り返りがしやすくなります。2つ目として、患者リストにはもう少し詳しい情報を記載することが推奨されます。例えば、年齢や具体的な症状、治療の概要などを追加すると、後で見直した際に役立ちます。3つ目として、学んだことや今後の課題に具体的な行動計画を含めると、次のステップが明確になります。例えば、'小児の回診では親にいかに信頼されるか'については、具体的にどのようなアプローチを試してみたいかを記載すると良いでしょう。全体的には良く書けており、引き続き改善を続けながら学びを深めてください。,382
11_123,f027,feedback,supervisor,診察やディスカッションに積極的に参加してくださっています。これからもどんどん質問してください。,47
11_124,f017,feedback,ai,"あなたの臨床実習記録は非常に詳細で、多くの具体的な経験と学びが記載されていることを評価します。ただし、改善点もいくつかあります。

1. 記録の日付が毎日入力されていないようです。連続して記録を取ることで、自身の学びをより深く理解しやすくなりますし、振り返りもしやすくなります。毎日の記録を心掛けてみてください。

2. 学んだことや今後の課題がもう少し具体的であると、あなた自身の成長がさらに促進されます。例えば、「バビンスキー反射の取り方の復習」という記載には、具体的な手法や注意点を詳述するとよいでしょう。同様に、今後の課題として「生活歴の聴取」とありますが、具体的な質問内容やポイントを明確にすることで、次回の実習にすぐに役立ちます。

あなたの熱心な姿勢は素晴らしいです。これからも一層努力し、具体性と詳細さを意識して記録を続けてください。きっと多くのことを学び取り、成長できるでしょう。",399
11_124,f017,feedback,supervisor,おつかれさまでした。この実習が先生にとって前向きな効果をもたらすことを願っています。昨日の発表は、発表態度も質疑応答もよくできていました。,69
11_125,f020,feedback,ai,毎日記録を続けている点は非常に良いです。また、患者リストの記載が詳細で具体的なのも素晴らしいです。改善点としては、学んだことと今後の課題についてもっと具体的な内容を記載するとさらに良くなります。例えば、学んだことにおいて「肝芽腫はどのように診断し治療するのか」についても触れると理解が深まります。今後の課題についても、「どのようにして血液疾患の病態を把握し、区別するのか」を具体的に記載すると実行に移しやすくなります。引き続き頑張ってください！,222
11_125,f020,feedback,supervisor,患児の状態や症状を把握し、日々の回診を取り組まれている様子がうかがえます。実習を通じて、観察力や患児とのコミュニケーション能力も身につけることができると思います。医学的な知識だけでなく、どうやって患児やその家族とコミュニケーションをとるか、また説明しているかについても振り返ってみましょう。,145
11_126,f035,feedback,ai,"素晴らしい取り組みを続けていることに感謝します。以下のフィードバックを参考にさらに改善を図りましょう。

1. 毎日記録をしっかり続けていることに感心しました。ただし、2024年2月22日の記載では24歳男性の患者情報が抜けているようです。患者リストは毎日全ての患者について更新しましょう。また、実習内容に関する具体的な時間や場所、どういう対応が行われたかを詳細に記載するとより良いです。

2. 学んだことは具体的な症例や観察内容だけでなく、それが臨床実践にどのように役立つか、自分の成長にどのように寄与しているかも掘り下げて記載するとさらに理解が深まります。例えば、どんな質問が子供にとって答えやすいかを具体的に書いたり、特定の対応が患者にどのように影響を与えたかを明確に示すと良いでしょう。

総じて、きちんと記録を取る姿勢は素晴らしいです。今後も同じ調子で、さらに詳細に記録を続けてください。",400
11_126,f035,feedback,supervisor,初診の診察の様子をよく観察されており、必要な研修をしていただけたと思います。,38
11_127,f004,feedback,ai,まず、毎日の記録を欠かさずつけている点はとても素晴らしいです。これにより自分の学びの進展をしっかりと確認できます。次に、経験した内容や学んだことについて具体的な記述がある点も良いです。特に新生児の挿管手順の違いや一酸化窒素吸入療法について具体的に言及していることは、理解の深さを示しています。改善のために、おすすめしたい点が2つあります。1つ目は「学んだこと」に具体的な事例や自身の感じたことを加えることです。例：「新生児の挿管手順を学んだ際、成人とどう異なるか具体的な手技を比べてみてどのように感じたか」。2つ目は「今後の課題」を明確に記載することです。例えば、点滴の計算や新生児の診察に関して、どの部分で自信が持てないか、あるいはさらに学びたい部分を具体的に挙げると良いでしょう。,342
11_127,f004,feedback,supervisor,"担当してもらっている早産児の経過をしっかりと評価できています。
今週は重症児の出生もありましたのでいろいろと勉強になることが多かったと思います。留学生とも積極的にコミュニケーションを取っており感心しました。
少し慣れてきたかと思いますので、来週は担当している早産児について、「早産児特有の合併症」、「多胎児特有の注意点」といったことを勉強できると良いと思います。
来週（2/14）には重症の先天性肺気道奇形（CPAM：Congenital Pulmonary Airway Malformation）の出生が予定されています。週明けに少し疾患について予習しておいてもらうと理解がしやすいと思います。",299
11_128,f019,feedback,ai,1. 記録を毎日欠かさず行うようにしましょう。フィードバックが1日分しかないため、他の日についても記録を残すことが大切です。実習内容、学んだこと、今後の課題を詳細に記載することで、自己評価と成長の確認がしやすくなります。例えば、各患者の状態や背景についての具体的な記述があるとよいでしょう。 2. 今後の課題として具体的な目標設定を行うともっと良いです。例えば、「次回の面談では患者の主訴とそれに対するアプローチ方法について事前に準備する」「看護師との情報共有のあり方を自分なりに考える」など、具体的で実行可能な目標を設定しましょう。 3. 細かいポイントとして、実習内容や学んだことをもっと詳細に書くと良いです。例えば、リエゾンカンファレンスで学んだ具体的な内容や、移植カンファレンスで取り上げられた症例について触れると、理解の深さがより明確になります。記録することで、後々役立つ情報となります。,399
11_128,f019,feedback,supervisor,診察に陪席し学ぶべきことを学んでもらいました。,23
11_129,f015,feedback,ai,"臨床実習記録を詳しく記入していること、とても素晴らしいです！以下の点を参考にして、さらに充実させていきましょう。

1. **記録の継続性**: 毎日記録をつけることが重要です。今回2月6日のみの記録でしたので、他の日の出来事や学びも継続して記録する習慣をつけましょう。

2. **学んだことの具体性**: 学んだことについてさらに具体性を持たせると良いでしょう。例えば、病棟内のスタッフ間の情報共有について、どのような方法やツール（例：電子カルテ、定期会議など）が使われているのか、具体的に記述することで、後から振り返りやすくなります。

3. **今後の課題の明確化**: 今後の課題では、もう少し具体的なアクションプランを立てると良いです。例えば、「患者Aさんには落ち着いた声で話すよう心がける」、「患者Bさんには食事に関するアドバイスを積極的に行う」など、具体的な行動目標を書いてみてください。

全体的にしっかりとした記録ができているので、これからも継続して努力を続けてください！",446
11_129,f015,feedback,supervisor,診察に陪席し学ぶべきことを学んでもらえたと思います。,26
11_130,f027,feedback,ai,"臨床実習の記録をしっかりと続けていることが素晴らしいですし、毎日新しい学びを得ている点が良いですね。以下の点を意識するとさらに記録が充実するでしょう。

1. 学んだことの具体化: 学んだことをもう少し詳細に書きましょう。例えば、『見学中にコードブルーでCPRをしているところに遭遇した』では、どのような対応が行われたのか、何が特に印象的だったかを具体的に書くと良いでしょう。また、『担当患者の経過が良好』という記述は具体的にどう良好だったのか（例: 症状の変化、患者の反応）を記載するとさらに深まります。

2. 今後の課題の具体化: 今後の課題をもう少し具体的に書くとよいです。例えば、『新たに担当となった患者の行った検査、その結果について学ぶ』とありますが、どの検査なのか、どのような結果を期待しているのか、といった具体的な点も記載すると、次にどのように行動すべきかがより明確になります。その上で、次のステップに向けた具体的な計画も立てやすくなります。

今後とも頑張ってください。これからも新しい経験や学びを楽しみにしています。",468
11_130,f027,feedback,supervisor,"前向きに取り組んでもらっているようで何よりです。
今週後半の実習内容を、02/17(土)一杯までに小笠原までメールでお知らせ下さい（k-ogasawara@med.nagoya-u.ac.jp）。
引き続き、よろしくお願い致します。",116
11_131,f024,feedback,ai,"素晴らしい臨床実習記録です！毎日きちんと記録を行い、実習事項も詳細に書かれているため、学習した内容や経験がよくわかります。いくつかの改善点を提案します。

まず、【学んだこと】についてはもう少し具体例を交えるとさらに良いです。例えば、「緩和ケアで具体的な対処法や使用した薬剤について」や「どのようなコミュニケーションが有効だったか」などの具体例を追加すると、後で振り返った時に役立ちます。

次に、【今後の課題】に関しても具体的なアクションプランを加えるとさらに効果的です。例えば、「リエゾンカンファで〇〇の症例について質問する」や「面談時に必ず〇〇について確認する」といった具体的な目標を立てると良いでしょう。

引き続きこの調子で取り組んでください。訪問病床数や具体的な会話の内容など、記録に追加できる具体例を増やすとより詳細で有益な記録が作れます。頑張ってください！",386
11_131,f024,feedback,supervisor,問題ありません,7
11_132,f001,feedback,ai,一週間の実習記録を確認しました。記録がしっかり取れている点は評価できますが、いくつかの点でより詳細かつ具体的な記録が必要です。1つ目は、学んだ内容を具体的に記載することです。例えば、『ホフマン反射』について学んだことについて、その意義や臨床での活用方法、実際にどのように反応を確認したかを書いてみてください。2つ目は、毎日の記録の充実です。例えば、02月07日の記録では患者リストと神経診察の内容に関する情報が不足しています。何を観察しどのように診察を行ったのか、また患者の状態はどのようであったかなど具体的に記載しましょう。3つ目は、今後の目標も具体的に設定することです。今週の実習を振り返り、自分がさらに学ぶべき点や改善すべき点を書き出し、それを目標として設定してみてください。これによって、自分の成長を客観的に確認できるようになります。これからも頑張ってください！,385
11_132,f001,feedback,supervisor,トレムナー反射とホフマン反射は混同してしまいがちなので、しっかり学習できて良かったですね。どんな疾患で陽性になるでしょうか。健常者でも病的反射がみられることがあるので注意が必要です。他にも病的反射がいくつかあるので確認してみてください。神経学的検査は最初は流れに沿って丁寧に、慣れてきたら問診の中で診るべきポイントを確認して効率的にかつ見逃しがないように行えると良いです。,186
12_133,f002,feedback,ai,素晴らしい実習記録を残しています。いくつかの改善点をご提案します。まず、毎日の記録に関して、できるだけ毎日記入するよう心がけてください。正確な記録は後で振り返る際に非常に役立ちます。また、実習内容をもう少し具体的に記載すると良いでしょう。どんな手順を見学したのか、特に印象に残ったポイント、医師やスタッフとどんなやり取りをしたかなどを追加してください。例えば、'右肺癌に対するRATS右肺S3区域切除術・中葉切除術・下葉部分切除術を見学し、特にS3区域切除の難しさと効果を学んだ。術後の管理についても知識を得た'といった具体的な記述があるとよいでしょう。次に学んだことや今後の課題も書く習慣をつけましょう。これにより、あなたの成長が見える化され、次の目標設定がしやすくなります。,339
12_133,f002,feedback,supervisor,呼吸器外科学、呼吸器外科診療への理解が深まってきていると思います。気軽にスタッフに質問をしたりして、学習を継続していってください。,65
12_134,f031,feedback,ai,"まず、1週間を通じて毎日の臨床実習記録をきちんと続けていることは素晴らしいです。以下のフィードバックを参考に、さらに実習記録を充実させましょう。

1. 各項目をもう少し詳細かつ具体的に記述するとよいです。例えば、""""学んだこと""""に関して、単にMMSEを覚えたのではなく、MMSEのどの部分が難しかったのか、またどのように理解したのかも含めるようにするとよいでしょう。同様に、採血や点滴の難しさについても、具体的な困難点やその解決策などを記述するとさらに教育的な記録になります。

2. 今後の課題についても具体性を持たせましょう。例えば「カンファレンスで的確に情報をつまんで説明することが難しい」と感じている場合、その原因や改善策についても考えてみると良いでしょう。例えば、「事前にカルテをしっかり読み込み、要点をメモする」「カンファレンスでの発言の機会を少しずつ増やしてみる」などの具体的な対策を加えると、より実行可能な目標となります。

引き続き、しっかりと記録をつけ、経験や学びを深めていくことを期待しています。",461
12_134,f031,feedback,supervisor,実習お疲れ様です．これから担当症例が増えると思いますので，入院時記録やMMSEなどを復習しておいて下さい．,53
12_135,f024,feedback,ai,"実習記録に関して、とても良い点がいくつかあります。まず、毎日欠かさず記録を行っていることは素晴らしいです。また、経験したことや学んだことを具体的に記載している点も評価できます。ただ、さらに良くするためにいくつかのポイントを提案します。

1. 実習内容の詳細さを向上させる：午前や午後の各活動についてもう少し詳細に記載することで、後から振り返ったときの理解がより深まります。例えば、講義の具体的な内容や議論された主要なポイントなども併せて書いてみてください。

2. 学んだことや今後の課題の具体性をさらに向上：学んだことは十分に具体的ですが、それを実際にどのように活用するかについても書くとより良いです。今後の課題については具体的な行動計画やタイムラインを記載すると、達成が容易になるでしょう。

引き続きこの調子で記録を継続してください。具体例として、",378
12_135,f024,feedback,supervisor,たくさんの症例を丁寧に診察できていますね。パーキンソン病の方がなぜ転倒してしまったか、原因と予防法について考察してみてください。ALSの方とCIDPの方で筋萎縮の場所はどのように異なるでしょうか。また経過に違いはあるでしょうか。疾患間で比較してみてください。,129
12_136,f030,feedback,ai,"あなたの記録は非常に詳細で、どのような経験をしたか、何を学んだかが具体的に表現されています。また、毎日の記録がしっかりと行われている点も素晴らしいです。この点は引き続き続けてください。一方で、改善点もいくつかあります。例えば、今後の課題についてはもう少し具体的なアクションプランを設定することをお勧めします。たとえば、「NPPV, IPPVの適用について調べる」ではなく、「文献リサーチを行い、具体的な適用事例を3つ見つけてまとめる」といった形が望ましいです。また、学んだことも、どのように実際の診療に応用するかをもう少し具体的に記述すると、今後の実習に役立つでしょう。「どのような神経が障害されているかを学んだ」だけでなく、「次回の診察でその知識を使い、具体的な検査方法を試してみる」といった形です。これらの点を踏まえて、次回からの記録をもう少し具体的に書いてみてください。全体的には非常に良くできていますので、その調子で頑張ってください。",421
12_136,f030,feedback,supervisor,一つ一つの症例を深く調べられていますね。腱反射についてはまた練習してみてください。ALSの方で気管切開を行い人工呼吸器の装着を行うかどうか、患者さんと家族に説明ししっかり考えてもらうのはとても大切なことです。今回の症例の方はALSと診断されたときにはすでに認知機能低下が進行しており、ご本人の意見を伺うことができませんでした。そのような場合はどのように決めていけば良いでしょうか。,190
12_137,f002,feedback,ai,"あなたの臨床実習記録は非常に詳細で、日々の実習内容や学びが具体的に記されている点がとても良いです。特にルート取りや呼吸音に関する注意点など、実践的な学びがしっかり書かれているのは素晴らしいです。いくつかのフィードバックを提供します：

1. **患者リストの詳細化**: 患者の状態や経過についてもう少し具体的な情報を記載することで、記録がさらに充実します。例えば、「イオン化Ca高く、低リンが懸念」とある場合、具体的な数値やそれが患者の臨床状態にどう影響しているかを追加すると良いでしょう。

2. **学んだことの内省**: 学んだことの中で疑問に思った点や理解が深まらなかった部分についても言及し、それを今後どう解決するかを考えることで、より深い学びにつながります。例えば、「看護師さんが泣き止ませた理由についてさらに調べ、次の機会に自分で試してみる」など。

3. **今後の課題の具体化**: 今後の課題は具体的かつ達成可能なものにすると、実際に取り組む際の指針になります。例えば、「明日こそは採血の見学につく」では具体的にいつ、誰にお願いするのか、どのような手順で実施するのかを考えておくと良いでしょう。

これからも実習での学びを大切にし、日々の経験を記録とともに深めていってください。応援しています！",558
12_137,f002,feedback,supervisor,"今週も積極的にスタッフに質問し勉強している姿が見られました。
超音波検査はNICUではよく行う検査です。検査しているところに近づいていって、その度に一緒に見て、正常画像をたくさん見ておくと、異常がより理解しやすくなるかと思います。
担当症例の勉強も頑張ってください。
会議室に置いていただいた手作りのお菓子、ありがとうございました。おいしくいただきました。",178
12_138,f002,feedback,ai,毎日の記録について、いくつかの点を改善するとさらに良くなるでしょう。まず、記録がない日がある場合は、何があったのか簡単に記録してください。例えば、「午前中は講義のため、臨床実習はお休み」などと記載するだけでも意味があります。次に、学んだことや実習内容について、もう少し具体的に書いてください。例えば、「ALLで中枢神経浸潤がある場合の症状や治療の詳細」や、「回診中の具体的な観察ポイント」などです。また、今後の課題も具体的かつ詳細に書くと良いでしょう。「発熱性好中球減少症の経過観察に加え、具体的な観察方法や必要な知識（例えば、血液検査のポイント）」などを記載すると良いです。これからも実習頑張ってください！,304
12_138,f002,feedback,supervisor,"中枢神経浸潤に対する治療について調べてみましょう。
マントル細胞リンパ腫の患者さんは、前回化学療法時に発熱性好中球減少症を合併しています。予防として行っていることを確認してみてください。",93
12_139,f031,feedback,ai,あなたの臨床実習記録は非常に詳細で、日々の実習で学んだことや患者の経過についてよく記載されています。この調子で続けてください！いくつかのポイントについてさらに改善すると良いでしょう: 1. 毎日の記録を確実に続けることが重要です。2月16日の記録には「今後の課題」が記載されていないので、この項目も忘れずに記載しましょう。2. 学んだことをもう少し具体的に記載することができます。例えば、「グルコン酸カルシウムの静脈注射」の具体的な投与方法や量について触れるとより理解が深まります。3. 具体的なフィードバックを記載すると、今後の学びに繋がります。例えば、「利尿薬（アジルバとサムスカ）についてもっと詳しく研究します」などです。これからも頑張ってください！,328
12_139,f031,feedback,supervisor,朝のカンファレンスではプロブレムごとにわかりやすくまとめられています。特に数値も具体的にあげられているのでわかりやすいです。引き続き頑張ってください。,75
12_140,f011,feedback,ai,お疲れ様です。1週間の臨床実習記録の確認が完了しました。まず面談について記録されていますが、実習の内容や学んだことをもう少し具体的に書くことで自分の成長を把握しやすくなります。例えば、どのようなケースの面談だったのか、患者さんとのコミュニケーションで気をつけた点や感じた課題について具体的に記載すると良いでしょう。また、毎日記録をつけることで自分の成長や振り返りがしやすくなりますので、欠かさず行ってください。,205
12_140,f011,feedback,supervisor,この実習コメントは、高橋が2/14（水）に訪問実習指導した際に、和田君が高橋と一緒に確認しながらテストメールとして送ってくださったものです。先週中に和田君が記録をしようと試みた際「実習期間外です」と表示がでて送信できなかった事象があったとのことでの対応です。コメントができることが分かりましたので、和田君におかれましては、記録の再開をお願いいたします。,176
12_141,f042,feedback,ai,"あなたの臨床実習記録を確認しました。以下の点を考慮してみてください。

1. 記録の充実度: 各日の記録が全体的に簡素にまとめられています。例えば、具体的にどのような内容の講義や診察が行われたのか、何を学んだのか、どのようなポイントが印象に残ったのかをもう少し具体的に書いてみてください。たとえば、パーキンソン講義の日には、症状として見られる具体例や治療法についての新たな知見を記述することで、記録がより充実します。

2. 学んだことの記入: 各日の実習から学んだことをしっかりと振り返り、記録してください。学んだことは、自分の理解を確認し、次回実習へのフィードバックとしても役立ちます。たとえば、「F先生との診察を通じて、入院患者の病歴の聞き方や診断のアプローチについて具体的な方法を学んだ」と記述すると良いでしょう。

3. 今後の課題の明確化: 今後の課題として、具体的なスキルや知識の向上目標を設定しましょう。例えば、「次回は認知症の患者さんとのコミュニケーションスキルを向上させる」、または「脊髄炎の治療プロトコルを詳しく学ぶ」といった課題設定が考えられます。これにより、実習がより有意義で体系的になります。

実習内容が多岐に渡る中で、新しい知見を得たり、具体的な経験を積んでいることは素晴らしいです。今後も意識して詳細な記録を心がけてください。",580
12_141,f042,feedback,supervisor,認知症については新薬についても学習したでしょうか。神経内科は診断するのが難しい疾患や、治療法がまだ開発されていない疾患もありますが、研究が非常に盛んでこの数年でも新たな治療法が生まれた疾患が複数あります。学んだこと、今後の課題も記載してください。,123
12_142,f026,feedback,ai,良くできている点として、毎日の詳細な記録をつけることができており、自分の経験を具体的に記述している点があります。特に、学んだことについて具体的なケースや手技に基づいた反省点と改善点を明示していることは非常に良いです。また、今後の課題についても具体的で実行可能な目標が設定されている点も評価できます。以下の2つのフィードバックを参考にしてください： 1. 毎日記録をつけること自体は素晴らしいのですが、記録が欠けている日があります。例えば、2月20日と2月22日の記録が欠如しています。毎日の記録を継続的に行うことで、自分の学びの進捗や課題をより一層把握しやすくなります。大変な時もあるでしょうが、毎日の記録をできるだけ欠かさないように心掛けましょう。 2. 経験や学びを記述する際に、もう少し具体的なデータや数値を使用するとより良いです。例えば、『動く保育器の中で患者の横から手を入れてマスクを密着させるのが予想以上に難しかった』の部分で、具体的な事例やその時の状況、どの程度の時間がかかったのかなどを追加すると、より具体性が増し、後で振り返りやすくなります。これにより、自身の成長を具体的に確認できるでしょう。今後もこの調子で学びを深めながら、細部にまで気を配った具体的な記録を続けてください。,548
12_142,f026,feedback,supervisor,"今週もお疲れ様でした。heel cut採血やマスク換気の手技等、NICUでの手技を経験してもらえてよかったです。
どちらもコツがあり、採血では溶血させないように、足が黒くならないように採血する方法、マスク換気では漏れないように効率的に換気する方法を残りの期間にさらに経験・勉強してもらえるとよいかと思います。
発表スライドも、アウトラインはよいので、作り込みを頑張ってください。",189
12_143,f002,feedback,ai,"臨床実習の記録を毎日詳細にまとめてくださり、お疲れ様でした。以下のポイントに関してフィードバックを提供いたします。

1. **記録の継続性と一貫性**: 基本的に毎日の記録がしっかりと行われており、学んだことや課題を詳細に記載している点は素晴らしいです。これにより、自己評価と復習がしやすくなっています。

2. **具体的な学びと対応方法の記載**: 実際に経験した具体的な症例や技術についての学びが詳細に書かれている点も非常に良いです。特にエコーの技術や頻脈の対応法についての理解が深まりましたね。今後も関連する手技や症例に対して詳細なフィードバックを記録することをお勧めします。

3. **今後の課題の明確化**: 今後の課題について具体的で実行可能な内容が記載されていますが、さらに具体性を持たせると良いです。例えば、「エコー手技中の先生方の手元をよく見てどう当てているかを確認する」とある場合、「3回以上観察し、メモを取る」などの具体的な目標を設定すると、更に達成しやすくなります。

全体として、非常に充実した記録となっており、自分自身の成長を実感できる内容です。今後も引き続き、具体的で実行可能な目標を設定しながら、記録していってください。",529
12_143,f002,feedback,supervisor,"４週間お疲れ様でした。
最後まで積極的に実習されていました。
症例発表もしっかりできていました。
また是非、小児科医として戻ってきてくださいね。",72
12_144,f007,feedback,ai,"初めに、毎日の記録を継続的に行えている点は素晴らしいです。また、学んだことを具体的に記載している点も良いですね。ただし、以下の点を改善できるとさらに良くなると思います。

1. 実習内容の詳細について：実習日の内容がもう少し詳細に書けると更に良いです。例えば、「カンファレンス」や「回診」とありますが、どのような内容が議論されたか、参加して感じたことや学んだことも併せて書くと良いでしょう。

2. 今後の課題の明確化：「今後の課題」が全ての日に記載されていません。学んだことを次の日にどのように応用するかや、さらに深めたい点を明確にすることが重要です。例えば、「MMSEの解釈についてさらに詳しく勉強する」、「大腿動脈からの採血技術を向上させるために、先輩医師に指導を依頼する」など具体的に書けると良いです。

引き続き努力し、実習から多くのことを学んでください。応援しています！",391
12_144,f007,feedback,supervisor,実習お疲れ様です．様々な理由で転院を要する患者さんが多いですので，どのように決まっていくか知ってもらえる機会があったことは貴重な体験だと思います．来週の発表もお願いいたします．,88
12_145,f029,feedback,ai,まず、毎日記録をすることが重要です。記録がない日がありますので、これからは毎日欠かさず記録してください。また、実習事項については詳細かつ具体的に書くように心がけましょう。例えば、「午前 回診」だけでなく、回診中にどのようなケースを見たのか、どのような処置が行われたのかなど具体的に記載することで、将来的に自分の学びを振り返りやすくなります。学んだことについては、今回のように具体的に書かれていて良いです。今後の課題についても、一つの実習が終了しても次のステップに進むための目標を設定することが大切です。例えば、「次回の実習では新生児ケアに注力する」など、具体的な目標を立てると良いでしょう。,295
12_145,f029,feedback,supervisor,興味のある分野とはいえ休日の研究会へ参加する積極性は素晴らしいと思います。頑張ってください,45
12_146,f039,feedback,ai,以下の点についてフィードバックを提供します。まず、毎日詳細な実習記録を続けていることは素晴らしいです。非常に良い継続力を持っていますね。改善点としては、特に各日に学んだことと今後の課題について、もう少し具体的に記述することをお勧めします。例えば、学んだことに関しては、その背景や具体的な事例、学んだ際の状況なども記載するとより詳しくなります。また、今後の課題に対しては、どのように改善するかの具体的な行動計画を含めると良いでしょう。例えば、体液貯留を改善するための具体的な方法や、再発リスクファクターの調査手段などを書き加えると良いです。次回の採血練習で試す具体的なテクニックやアプローチも記録してみてください。これにより、単に理論だけでなく実践での改善点も明確になります。引き続き頑張ってください。,350
12_146,f039,feedback,supervisor,実習お疲れ様でした．わかりやすい発表で，丁寧に勉強してもらえたと思います．どの科に進んでもらっても必要な高齢者の診かたを学んでもらえたと思います．今後も充実した実習を送れるよう願っています．,95
12_147,f007,feedback,ai,1. 臨床実習記録はできるだけ毎日記入するように心がけましょう。一部の日付で記録が抜けているため、毎日の実習内容を逐一記録することが大切です。例えば、日付や患者の基本情報、実習内容、学んだこと、今後の課題を毎日書き留めることを意識してください。 2. 実習内容と学んだことについて、さらに具体的に詳細を記載してください。例えば、『カンファレンスで議論された具体的な内容』や『回診で観察した具体的な症状や治療方針』などを詳細に書くことで、後から振り返りやすくなります。また、学んだことについては、具体的な経験や知識を細かく説明すると良いでしょう。例えば、MMSEの解釈については、具体的な患者さんの例や結果の数値も記載するとさらに良いです。 3. 今後の課題についても毎日記載するようにしましょう。『今後さらに取り組みたい項目』や『次回の実習で試してみたいこと』など、具体的な目標を設定してください。例えば、『次回のカンファレンスでは自分から質問をしてみる』や『採血の技術を向上させるために練習を続ける』といった目標を設定することで、実習の充実度がさらに増します。,481
12_147,f007,feedback,supervisor,実習ありがとうございました．日々のプレゼンテーションは大変わかりやすくできていました．外来や手技も経験されたので有意義な実習であったと思います．最後まで実習頑張ってください．,87
12_148,f022,feedback,ai,"実習記録をしっかりと続けている点は素晴らしいです。以下の点を改良するとさらに良くなるでしょう。

1. 患者リストに関して、診断名だけでなく、診療で気づいた症状や治療の具体的な内容を書くと、後の復習に役立ちます。例：『乳児　男　熱傷；症状：II度熱傷、治療：湿潤療法と痛みの管理』。

2. 学んだことに関して、特に印象に残ったり、新しく学んだ具体的な知識や技術を追加してください。例：『小児の救急外来での対応；特に、熱傷の初期治療法と鎮痛のアプローチを学びました。具体的には、熱傷面積の計算法や最適な鎮痛薬の選択について理解しました』。

引き続き、記録を詳細に書くことで、後の振り返りがより効果的になります。実習頑張ってください！",317
12_148,f022,feedback,supervisor,スライドよくできていました。それだけでなく、発表の流れについてもよく考えることができていました。,48
13_149,f011,feedback,ai,"素晴らしい仕事でした！毎日の記録をしっかりと続けていることは非常に重要です。学んだことや経験したことを具体的に記載している点も良いですね。以下、いくつかのフィードバックを提供します。

1. 学んだことがどのように次の実習に役立つかを詳しく書くとさらに具体的になります。例えば「低ナトリウム血症の鑑別、検査項目を学んだ」とありますが、具体的にどのような検査を行い結果をどのように解釈するのかを書いてみてください。

2. 今後の課題はもう少し具体的なアクションプランを含めると良いでしょう。例えば「担当患者の低ナトリウム血症について検査、治療など考察を進めていきたい」と書かれていますが、「次回の回診で具体的な治療メニューを提案する」や「低ナトリウム血症関連文献を5本読む」など、具体的で実行可能な目標を設定しましょう。

引き続き記録を継続し、自分の成長を振り返ることでさらに学びを深めることができるでしょう。頑張ってください！",415
13_149,f011,feedback,supervisor,実習お疲れ様です．手技も行って頂いて貴重な経験であると思います．研修医になると基本をゆっくり学ぶ機会も少ないと思いますので，多くの症例を経験してください．,77
13_150,f004,feedback,ai,1. 週の全体を通して、毎日詳細な記録を心掛けるとより充実した学びにつながります。特に3月25日や27日といった日付の記載が不十分な日は、完了した全ての活動や観察内容を具体的に記入するようにしましょう。例えば、「見学しました」ではなく、「新生児科でのエコー観察を行い、異常の具体的な所見について学んだ」と具体化して記載することをお勧めします。 2. 学んだことや今後の課題をもっと具体的に記載することも重要です。例えば、「HIEの画像初見について学んだ」だけでなく、具体的な所見や診断プロセスについて具体例を挙げて記載することで、後に復習する際に役立ちます。同様に、今後の課題も「呼吸管理について」だけでなく、「新生児患者の一例を用いてCPAPの適応と管理法について深く理解する」と具体化すると良いでしょう。総じて、あなたの努力は顕著であり、詳細な観察と記載を加えることでさらに実習からの学びを深めることができます。,408
13_150,f004,feedback,supervisor,"日常診療・回診について、大変熱心に取り組んでいただけていると思います。担当患者（HIE）さんは、当初と比べ全身状態は改善していますが、神経学的予後不良が予想されます。今後は、退院する（おうちに帰る）ための長期的課題と言った点についても目を向けていただけると良いと思います。
また、実習記録では、実習を通して学んだこと、課題・目標なども記載していただけると良いと思います。",185
13_151,f007,feedback,ai,実習記録をしっかりと行っている点は素晴らしいです。しかし、いくつかの点で更に詳細な記録を心がけるとより充実した学びにつながります。まず、毎日の記録を欠かさず行うことが大切です。例えば、どのような回診や手術に参加したのか、どの手技を学んだのかなど具体的に記載してください。学んだことについても、術後の診察で具体的にどのようなポイントを学んだのかを書きましょう。例えば、「術後の傷の確認方法」や「膵癌手術後の主要な合併症とその管理方法」などです。また、今後の課題についてもより具体的にしてください。例えば、「術後のバイタルの異常値の原因を考えるために、生理学と病理学の復習を行う」「次回の回診時に指導医に質問して理解を深める」などの具体的なアクションプランを立てると良いでしょう。これにより、実習記録が自己学習と次の実習への準備につながります。応援しています！,378
13_151,f007,feedback,supervisor,頑張りましょう。,8
13_152,f017,feedback,ai,"まず、毎日の記録を丁寧に行っていることは素晴らしいです。日々の経験を詳細かつ具体的に記述することで、学びが深まります。以下の点を改善すると、さらに実習記録が充実します。

1. 実習内容についてもう少し具体的に書くと良いでしょう。例えば、どのような神経診察の技術を見学・実施したのか、具体的な技法やその結果などを記述すると理解が深まります。

2. 学んだことについても、もう少し詳細を記載すると良いです。例えば、反射検査でどのような所見が出たのか、またそれが何を示しているのかなどを具体的に記載すると良い学びの振り返りとなります。

これらを意識して記録することで、より具体的で実践的な学びの記録になります。頑張ってください！",314
13_152,f017,feedback,supervisor,運動ニューロン疾患の診察の方法を学べたのですね．腱反射やBabinski徴候などは微妙な力の入り具合や肢位などの影響で所見が変化することがありますので，繰り返し診察することも重要です．また，精査入院の患者さん，特にALS疑いの患者さんは大きな不安を抱えておられることも多いです．何が不安か，何で困っているかを機会を見つけて伺ってみてください．,171
13_153,f007,feedback,ai,よく観察し、実習内容を詳細に記述していますね。このままのペースで続けていくことが大切です。いくつかの点で改善するとさらに良くなると思います。まず、毎日の記録を欠かさないことが重要です。例えば、26日から29日までの間に記録が途切れていますので、次回からはその日ごとの学びや課題も記載すると効果的です。また、学んだことや今後の課題をさらに具体的にすると良いでしょう。例えば、'プレゼンの際に検査結果もまとめる'の具体的な方法（例: スライドの構成や使う言葉) や、'場の設定に配慮する'に関して具体的な行動アイテム（例: 部屋のレイアウトや患者の目線を考える) などを追加すると効果的です。引き続き実習を楽しんで頑張ってください。,314
13_153,f007,feedback,supervisor,実習お疲れ様です．手技も含めて幅広く経験していただいると思います．研修医になるとなかなか基礎は学べないのでこの機会にたくさん経験してください．,71
13_154,f022,feedback,ai,まず、毎日の記録を欠かさず行うことは非常に重要です。1週間分の記録のうち、3日分が欠けているため、全ての日に記録をつけるよう努力してみましょう。次に、各日の実習内容について、もう少し具体的な情報を書き加えると良いでしょう。例えば、特に印象に残った手技や学んだ具体的な技術についても記載すると振り返りに役立ちます。また、学んだことや今後の課題も加えると良いですね。例えば、'今回の手術で何を学んだか'、'次回の実習で特に注意したい点'などを書いてみてください。これにより、自分の成長を実感しやすくなります。引き続き頑張ってください！,265
13_154,f022,feedback,supervisor,馬蹄肺、両側肺分画症は稀で貴重な経験になったと思います。典型的な肺癌症例も学習していくとよいと思います。,52
13_155,f007,feedback,ai,"素晴らしいですね、毎日の記録を続ける姿勢は非常に重要ですし、その姿勢は非常に評価できます。以下の点について改善のアドバイスを提供します。

1. 記録の詳細を増やすことで、将来的に見直す際に役立ちます。例えば、『回診させていただいた』とありますが、患者さんの具体的な症状や治療計画、回診中に感じた点などを追加すると良いでしょう。また、講義内容についても簡単なまとめや重要点を書き加えるとさらに良いです。

2. 学んだことの具体性を高めると良いです。『SCDの診察や鑑別について学ぶことができた』だけでなく、具体的にどのような診察方法や鑑別ポイントを学んだのか、またその知識が今後どのように役立つかを記載すると良いでしょう。例えば、『SCDの診察で重要なポイントは○○であり、これにより△△を鑑別できることを学んだ』といった具合です。

これからも頑張ってください。自分の成長を実感するために、記録をより具体的にすることを意識すると実習がさらに有意義なものになります。",434
13_155,f007,feedback,supervisor,"患者さんとの接し方や困りごとを聞いた際の対応で迷うことは、医学生としては自然なことです。医師になってからは、もっと悩むことも多いはずです。
先生方やコメディカルがどのように患者さんとコミュニケーションを取っているか、よく見てみてください。また、医療コミュニケーションを学ぶための良書も多いですので、書籍から学ぶのもよいかもしれません。",167
13_157,f022,feedback,ai,まず、毎日記録をつけることが重要です。記録がある日は具体的な情報が含まれており、好ましいスタートです。特に「患者リスト」については詳細に書かれていますが、「実習内容」についても少し詳細に記述すると良いでしょう。例：診察でどのようなことを観察し、どのような質問を受けましたか。また、「学んだこと」や「今後の課題」についてもより具体的に書くことができます。例：「栄養の増やし方」ではなく、「ミルクの追加方法とその量、頻度について学んだ」など。また、発表準備について具体的にどの分野において発表を行う予定なのかを記載すると、後から見返すときに役立つと思います。全体的には良いスタートですので、次回以降はもう少し詳細に記述してみてください。,316
13_157,f022,feedback,supervisor,試験などで忙しく、途中で連休も入り、あまり良い環境ではなかったと思いますが、その中でも出来ることを行っていたと思います。ただ、淡々と行っていた様子であり、もう少し、疾患や患者さんに興味をもって、ディスカッションができるとよりよかったと思います。,122
13_158,f039,feedback,ai,素晴らしい臨床実習記録の基盤を作成していますが、いくつか改善点があります。まず、毎日記録を続けることが重要ですので、欠けている日の記録も忘れずに記入しましょう。次に、実習事項に関しては詳細かつ具体的な説明を加えると良いでしょう。たとえば、手術の具体的な手順、担当した役割や観察したポイントを記載してください。また、学んだことや今後の課題も重要です。手術の際に学んだ技術や新しい知識、改めて確認したいことや今後の目標を具体的に書きましょう。これにより、実習の理解度が深まり、次のステップに進むための道標となります。がんばってください！,266
13_158,f039,feedback,supervisor,手術では閉創につきあってくれてありがとうございました。上手にできていたとおもいます。これからも実践する機会がいつくるかもしれないので、日々練習しておいてください。,81
13_159,f012,feedback,ai,実習記録を毎日きちんと記入している点は非常に良いです。また、学んだことについての具体的な知識を毎回記載している点も大変優れています。ただし、いくつか改善点が考えられます。まず、患者リストに関しては、もう少し詳細な情報（たとえば、糖尿病のタイプや既往歴、使用している薬剤など）を記載するといいでしょう。これにより、症例の背景がより明確になり、理解が深まります。次に、今後の課題についてですが、具体的で実行可能な目標を設定することをおすすめします。たとえば、「スライドの修正」や「スライド作り」という項目は具体性に欠けるので、「血糖管理のケーススタディに関するスライドを2枚追加する」など、もっと細かく書くと良いでしょう。これにより、具体的な行動計画が立てやすくなります。引き続き頑張ってください！,347
13_159,f012,feedback,supervisor,毎日回診し、適切なカルテ記載ができています。また卒試が続く中でも、論文を自分で読んで理解した上でスライド作成をすることができています。この調子で引き続き頑張ってください。,85
13_160,f014,feedback,ai,"1. 毎日記録ができていないことが気になります。臨床実習記録は日々の学びを記録する大切なツールですので、欠かさず記録するよう心掛けてください。特に忙しい日は簡潔でも良いので、その日の経験や気付きを記録しましょう。

2. 実習内容は詳細で具体的に記載できていますが、「学んだこと」や「今後の課題」が記載されていません。これらを追加すると、学習の振り返りが効果的になります。例えば、「今日は悪性胸腺腫の手術を見学し、術前評価の重要性を理解しました。今後は患者の全身状態の把握についてさらに学んでいきたい」といった具体的な学びや目標を書くと良いでしょう。

3. 細かい情報も記載すると良いです。たとえば、手術見学でどの部分が印象的だったか、特にどのようなプロセスに関心を持ったのかなどを書き添えることで、後で振り返った際により役立つ情報となります。",373
13_160,f014,feedback,supervisor,手術見学、講義によって学習したこと、感想を記載してもらうとよいと思います。,37
13_161,f002,feedback,ai,実習記録には活動を毎日詳細に記録することが重要です。膵頭部癌開腹手術や膵体尾部腫瘍開腹手術の経験は貴重ですが、経験した手術に関する具体的な行動や学び、そして今後の目標を記載すると良いでしょう。例えば、手術中にどの手技を観察・実践したか、医師からどんなフィードバックをもらったか、解剖学や手技に関する新たな理解などを記述してください。また、今後の目標として、次回の手術でさらに注意する点や学びたい点を具体的に挙げると、自身の成長にもつながります。,222
13_161,f002,feedback,supervisor,実際の手技をやってみるとわからないことがたくさんあると思います。またやったからこそ手技の見え方も変わると思います。がんばってください。,67
13_162,f001,feedback,ai,"実習記録の初日、お疲れさまでした！いくつかのポイントで改善できるところがありますので、以下のフィードバックを参考にしてみてくださいね。

1. 毎日の記録を心がけてください：今回は5月9日のみの記録がありましたが、可能な限り毎日記入することで振り返りや学びを深めることができます。たとえば、「5月10日」はどのようなことを行ったか、学んだことや感じたことを記録するようにしましょう。

2. 患者リストと実習内容の詳細を増やしてください：患者さんの病歴や治療経過、実習での具体的な業務（例えば、検査の補助や診療の補助など）をもう少し詳細に記載することで、後で振り返る際に有益です。たとえば、「午前回診」だけでなく、具体的にどのような業務を行ったかや感じたことを加えてみてください。

3. 学びと今後の課題を具体的に：学んだこととして「Allで中枢神経浸潤があれば、放射線療法が行われる」という知識は非常に重要です。これに加えて、なぜこの知識が重要か、臨床でどのように役立つかを考えてみましょう。また、「発熱性好中球減少症にならないか経過を見ていく」とありますが、具体的にどのような項目をチェックするべきかを書き加えてみると良いでしょう。例えば、「患者の体温や白血球数を定期的にチェックする」など、具体的なアクションプランを立てると実践につながりやすいです。

引き続きがんばってくださいね。応援しています！",604
13_162,f001,feedback,supervisor,臨床実習記録を記載するようにしましょう。,20
13_163,f034,feedback,ai,実習記録の記載を始めたことは大変良いです。いくつかの改善点を提案します。まず、毎日の記録を忘れずに行うようにしましょう。2024年5月16日の記録は患者リストと学んだことが欠けています。これらは毎日記入する必要があります。次に、学んだことをより具体的に書くと良いでしょう。例えば、『パラガングリオーマについて具体的にどのようなことを学んだのか』を詳細に記載してください。また、今後の課題や目標も忘れずに記入するよう心がけましょう。例えば、『次回の手術の際には、閉創時の縫合技術をさらに向上させるための具体的な手法を学ぶ』などです。これにより、自己発展の方向性が明確になります。,288
13_163,f034,feedback,supervisor,"実習お疲れ様でした。
まじめに手術や課題に取り組めていたと思います。
今後の活躍に期待しています。がんばってください。",59
13_164,f009,feedback,ai,"1. 記録を毎日行い、詳細かつ具体的に書けている点は素晴らしいです。各患者の状態や治療の進行状況をきちんとフォローアップする姿勢が見られ、今後の学びを深めるための良い基盤となっています。ただし、「学んだこと」や「今後の課題」に関して、もう少し具体例を挙げることで、将来的な自分の行動に対する道筋がクリアになるでしょう。例えば、『移植後の有害事象に対する対応方法を具体的に学んだ』や『白血球アフェレーシスの具体的なポイントについて整理する』などです。

2. 記録内容の具体性を高めるために、ディテールを補足することを心がけましょう。例えば、「白血球アフェレーシスで確認するポイント」については、具体的に何を確認したのか記載することで、将来同じようなケースに遭遇した際に役立つ記録となります。可能であれば、どのような観察結果が得られたか、またどのようなアクションを取ったかなどを付け加えてください。

全体的に高い意欲を持って実習に取り組んでおり、今後も継続して学び続けることでさらなる成長が期待できます。",452
13_164,f009,feedback,supervisor,臨床実習記録を記載するようにしましょう。,20
14_001,f026,feedback,ai,"臨床実習記録を定期的に記入していることは非常に素晴らしいです。このペースを維持してください。いくつかの改善点を提案させていただきます。

1. 毎日の記録は可能な限り詳細かつ具体的に記載してください。例えば、病棟回診の内容や具体的な患者とのやり取り、そしてそれがどのように学びに繋がったのかを詳述することで、実習の振り返りがより有益になります。たとえば、「病棟回診で診たのは30代女性の2型糖尿病患者で、インスリン管理方法の具体的な調整方法を学んだ。」などの詳細があると良いです。

2. 学んだことや今後の課題を充実させましょう。特に、今後の課題については「特になし」ではなく、毎日小さな目標を設定してみてください。例えば、「血糖値の具体的な管理方法について更に深く学ぶ」「ステロイド使用患者の管理方法について研究する」といった具体的な学習目標があると、次回の実習がさらに効果的になります。

引き続き、実習を楽しみながら学びを深めていってください。",426
14_001,f026,feedback,supervisor,毎日丁寧に回診やカルテ記載に取り組めています。実際にリブレを体験することで患者さんにも具体的に説明することができるようになったと思います。引き続き頑張ってください。,82
14_002,f034,feedback,ai,"記録が順調に続けられている点は素晴らしいです。患者リスト、実習事項、学んだこと、今後の課題について具体的に記載されている点は評価できます。以下は改善のための具体的なフィードバックです。

1. 記録の継続性: 実習記録が1月9日と1月12日のみで、毎日の記録が漏れているようです。毎日記録する習慣をつけることで、日々の学びや経験をより詳細に振り返ることができます。たとえば、オペ見学以外の日にも学んだことや課題を記録してください。

2. 学んだことの具体性: 学んだことについてもう少し具体的に記述することをお勧めします。たとえば、肺腫瘍の病理診断の方法や、特定のオペ見学で学んだ手技やポイントについて詳細に書くと良いでしょう。「実際に見た手技で印象に残った部分」や「手術の特定のステップで気をつけるべきこと」を詳細に記録してみてください。

引き続き、実習の成果や学びを記録し、今後の学習に役立ててください。",406
14_002,f034,feedback,supervisor,では、肺の解剖を今後は指導するようにしていきます。,25
14_003,f011,feedback,ai,素晴らしい仕事をしていますね！毎日詳細に記録を取っているのは非常に評価できます。いくつかの具体的なフィードバックがあります。まず、学んだことをもう少し詳細に記載すると良いでしょう。例えば、4月1日の「筋緊張の評価」について、どのような方法を使ったのか、何を観察したのかを具体的に記載してみてください。また、今後の課題も具体的にするとより効果的です。例えば、「HIEの予後について学ぶ」を「HIEの長期的な予後に関する最新の研究文献を3つ読む」にすると、行動に移しやすくなります。以上の点を改善していけば、より充実した実習記録になるでしょう。この調子で頑張ってください！,284
14_003,f011,feedback,supervisor,担当患者さんの毎日の回診ありがとうございます。担当患者さんは、HIE急性期から慢性期に移行しつつあります。「学んだこと」にある筋緊張に関しても、当初の筋緊張低下から筋緊張亢進へと変化つつあることが、体感できているのではないかと思います。現在担当患者さんは、在宅移行に向けて多職種で連携しながら、必要な治療やケア、社会的資源を評価・調整している段階ですので、その過程を勉強してもらえると良いと思います。,200
14_004,f008,feedback,ai,"まず、記録をしっかりと書いていることは非常に良い点です。自分の経験を詳細に記載することで、後から振り返る際に非常に役立ちますし、自分の成長も確認しやすくなります。いくつかのポイント改良することで、さらに有益な記録になります。

1. 毎日の記録継続：1月9日と1月12日の記録のみで、連続性が欠けています。日々の経験を欠かさず記録することで、知識の定着や課題の進捗を追いやすくなります。例えば、「患者リスト」は日々変わる患者情報を具体的に書き、毎日の実習内容も詳細に記録してください。

2. 学んだことの具体性：1月9日と1月12日の「学んだこと」は全体的に抽象的です。具体的な技術や知識を加えてください。例えば、1月12日の「守備範囲の広さを知った」に加えて、特にどの手技が印象に残ったか、どの部分が難しかったかを記載すると良いでしょう。

3. 記録の改善：1月9日の今後の課題は「呼吸器解剖を把握したい」と簡潔ですが、具体的な学習計画を示すと更に良いです。例えば、「呼吸器解剖についての具体的な教科書や図譜を使って復習し、次回の実習までに主要な肺区域を理解する」などが良い例です。",494
14_004,f008,feedback,supervisor,病変の大きさ、局在（場所）を含む画像の所見によって肺生検の適応は検討されます。今回のように診断困難、偽陰性の可能性が高くなるであろう症例では手術での生検が行われます。解剖の知識があると手術見学での理解が深まると思いますので頑張りましょう。,119
14_005,f038,feedback,ai,記録を継続的に行っている点は素晴らしいです。ただし、いくつかの改善点があります。まず、毎日記録を欠かさず書くことで、全体的な進歩をより正確に把握できるようになります。1週間を通じた連続性を持たせるためにも、毎日記録を記載するように心がけましょう。次に、学んだことについてもう少し具体的に記述できると良いです。例えば、「膵頭部切除の手技を学んだ」ではなく、具体的な手技や注意点について詳しく書くことで、将来再確認が必要なときに役立ちます。また、今後の課題を設定する際には、より具体的で実行可能な目標を定めると良いでしょう。「手術の方法についての知識をさらに必要と感じた。」ではなく、「週に1回関連文献を読み、手術手技についての理解を深める」など具体的なアクションプランを考えてみてください。これにより、改善点が明確になり、取り組みやすくなります。,372
14_005,f038,feedback,supervisor,"毎日遅刻なく、身だしなみを整えて実習に参加できました。
また患者さんとのコミュニケーションもとれていたと思います。
患者さんと話すためには、その病態把握のために事前知識が必要であり、
知らないことは自主的に勉強しないといけないということを理解してもらえたとしたら、成功であったと思います。",144
14_006,f011,feedback,ai,"とてもよくやっています！毎日の記録がよく詳細に書かれており、特に実習内容や学んだことが具体的で役立ちます。以下の改善点も参考にしてください。

まず、毎日記録を取る習慣を続けてください。日付が記載されていない日はスキップされていますが、継続的に記録することで学びが深まりやすくなります。

次に、「学んだこと」と「今後の課題」はさらに具体的に書けるように心がけてください。例えば、学んだことに具体的なエピソードや患者の状態との関連性を追加すると理解が深まります。「今後の課題」についても、例えば具体的にどんな勉強をするか、どのように実際に患者対応に役立てるかなどを詳細に記述すると良いでしょう。

最後に、自分の理解や学びを他の実習生や医師と共有する機会を作るとさらに良いです。例えば、学んだ内容をプレゼンテーション形式でまとめるなどすることで、自身の理解がより深くなり、他者からフィードバックも得ることができます。

引き続き頑張ってください！",423
14_006,f011,feedback,supervisor,"疾患や画像検査について学んだことをまとめて下さり、ありがとうございます。1週目からよく勉強されましたね。担当患者さんで今週行ったPET, MRIの所見を自分なりに評価してみて下さい。特に乳児のMRIは髄鞘化が未完成なので年長児や成人とずいぶん見た目が異なります。がんばって下さい。",140
14_007,f036,feedback,ai,"あなたの臨床実習記録は非常に詳細で、毎日の活動を分かりやすく記述しています。特に患者リストにおいて、症例ごとの状況や診断、治療方針を丁寧に書いている点が素晴らしいです。また、学んだことと今後の課題に具体的な内容を記載していることも高く評価できます。

しかし、向上のためには以下のポイントに注意すると良いでしょう。

1. 実習内容の詳細化: 実習事項の報告だけでなく、具体的にどのような手技や観察を行ったのか、またその結果どのような知見を得たかをもう少し詳しく書くと、一層深い学びになります。例えば「腰椎穿刺見学」では、「手技のプロセスやパフォーマンスの評価、手技中に観察した具体的な所見」などを記述してみましょう。

2. 学んだことの具体例: 学んだことに関して、より具体的な患者の例や具体的な治療経過を記述すると、より実際の臨床に役立つ内容になります。例えば、「ALS治療では核酸医薬の開発も進んでいる」については、どういった具体的な薬が開発中で、どのような効果や副作用が予測されているのか記述すると理解が深まるでしょう。

あなたの実習記録は非常に前向きかつ具体的なので、この調子で頑張ってください！新しい課題にも積極的に取り組み、自分のスキルを一層高めていきましょう。",540
14_007,f036,feedback,supervisor,学んだことを大変細かく記述していただき、素晴らしいです。課題だけでなく対策も具体的に挙げられており、積極的な研修が出来ています。是非色々な症例を通じて神経内科の魅力を知っていただければと思います。,98
14_008,f007,feedback,ai,実習記録を毎日詳細に記載することが重要です。しかし、1月12日の記録が2回入力されているので注意してください。今後の課題として、患者さんに対する具体的な治療や観察の役割について明確にすることが必要です。また、学んだことをもっと具体的に掘り下げて記載すると良いでしょう。例えば、PET検査やMRIの見学で何を観察し、どういった知識が新たに得られたのか、臨床にどう応用できるのかを記載するとさらに良いです。あなたの努力が見える形で記録されているので、その点は非常に良いです。今後も詳細な記録と具体的な課題の設定を続けてください。,262
14_008,f007,feedback,supervisor,今週は検査が多かったですね。小児の検査を安全におこなうには成人にはない準備などが必要です。そうして得られた結果を発熱時の血液検査や脳波含めて一つひとつ一緒に確認していきましょう。回診の際には検査のねらいを回診医と話ができるといいと思います。課題にあげていただいている乳児てんかん性スパズム症候群の治療にも踏み込んでいければと思います。,167
14_009,f017,feedback,ai,こんにちは、実習記録の記入お疲れ様です。毎日記入することが求められていますので、まずは空いている16日や他の日についても記録を残すように意識しましょう。また、各項目についてもう少し詳細を記載してください。例えば、回診時にどのような症例を見たか、具体的な診察内容や治療方針を記載するとよいです。学んだことに関しても、てんかん急性期の対応だけではなく、具体的な対応方法やポイントを載せるとさらに良いでしょう。次回の記録から、一歩踏み込んで具体的な内容を書くことを意識してみてください。,240
14_009,f017,feedback,supervisor,積極的にいろんな分野の実習に参加できていました。これからも頑張ってください,37
14_010,f038,feedback,ai,この1週間の臨床実習記録は、細かい実習事項と学んだことが記載されており良かったです。いくつか改善点を挙げますね。まず、「学んだこと」をさらに具体的に記載することを目指しましょう。例えば、「手術の基本的な流れ」を説明する際に、具体的な手順やポイントを詳しく記述することで、自身の理解を深める助けになります。同様に、「脈管の見分け方」についても具体的な方法やコツを記載すると良いでしょう。また、「今後の課題」に対しては、具体的なアプローチ方法や目標を具体化すると、実践しやすくなります。例えば、「埋没法をスムーズに出来るようになりたい。」という課題に対し、「週に1回、縫合練習に取り組む」などの具体的なアクションを設定してみてください。これからも頑張ってくださいね！,331
14_010,f038,feedback,supervisor,できるようになりたいことをどんどん言っててください、可能な範囲で対応します。,38
14_011,f007,feedback,ai,"素晴らしい仕事をしています。毎日しっかりと記録をつけており、それが実習での学びを深める助けになっていると思います。以下の点についてもう少し詳しく書くことで、さらに自分の学びを深めることができるでしょう：

1. 実習内容に関して、見学したオペの具体的な詳細を書き加えると良いでしょう。手術の流れや特に印象に残った手技、術者の考え方などを記録することで、自分の学びをより具体的に振り返ることができるようになります。

2. 学んだことをさらに具体的に書くと良いですね。例えば「ドレーン交換の手順及び注意点」ではなく、具体的な手順や注意点を具体的に列挙すると、後で見返す際により役立つ情報となります。

全体的にしっかりと記録ができており、自分の学びと今後の課題を整理している点は非常に素晴らしいです。少しだけ内容を具体的にしてみると、さらに良い記録になるでしょう。",381
14_011,f007,feedback,supervisor,天候などのこともありイレギュラーな週でした。来週は手術がメインになりますのでよろしくお願いします。,49
14_012,f007,feedback,ai,"素晴らしい記録ですね。毎日詳細な記録をしっかりとつけていることにまず感心しました。特に、学んだことや今後の課題について具体的に書かれている点が非常に良いです。以下、さらに記録を充実させるためのフィードバックを提供します。

1. 患者リストに関する情報をもう少し詳細に記載すると、後で振り返るときに役立ちます。例えば、患者の既往歴や診断経過、治療計画についても追加してみてください。

2. 学んだことについては、例えば「どのように脈管の見分け方を教わったのか」や、「ドレーン抜去の具体的な手技」など、もう少し具体例や詳細を添えると、理解が深まり、後での復習にも役立ちます。

これらの改善点を意識して今後の記録を続けてください。頑張ってくださいね！",325
14_012,f007,feedback,supervisor,画像所見、手術手順については事前に担当医と確認（ブリーフィング）しておくと手術見学の理解が深まると思います。遠慮なく質問してください。縫合、処置については繰り返しで上達できると思います。できるだけ機会を提供できるようにしたいと思います。,118
14_013,f015,feedback,ai,"まず、毎日記録を欠かさず行えている点は素晴らしいです。実習の経験を詳細に記録することで、自分の成長を実感しやすくなります。ただ、記録の内容をもう少し詳細かつ具体的に書くと、より有益な学習支援になります。

1. 実習事項について: どのような手順や医学的なポイントが重視されたかを具体的に記述すると、後で見返したときに理解が深まります。例えば、「回診」については、どんな症例があったのか、医師がどんな診断や治療方針を説明していたのかを書いてみてください。

2. 学んだことについて: 具体的な内容を書くことで、学びをより深く記憶に刻むことができます。例えば、「マルクのやり方」については、具体的にどんな手順を見たのか、注意すべきポイントや学んだ知識を詳細に書くとよいです。

これらの改善を試みることで、実習記録がより充実し、自分自身にとっても価値のある記録になるでしょう。引き続き頑張ってください！",401
14_013,f015,feedback,supervisor,担当症例を回診した内容についてカルテ記載を丁寧にされていました。また、症例発表の準備に際しては、小児白血病のリスク分類についてよくまとめられていました。臨床実習では医療の現場で必要なスキルや知識を身につける貴重な機会ですので、チームの一員として積極的に取り組んでいただければと思います。,143
14_014,f002,feedback,ai,まず、毎日記録をつけている点は素晴らしいです。ただし、2024年1月17日の記録が抜けているようですので、毎日欠かさず記録を続けることを意識してみてください。経験したことや学んだことについて、具体的な詳細が記載されており、その点も非常に良いです。ただ、一部の「学んだこと」と「今後の課題」が短く、もう少し深掘りできると思います。例えば、『胸腔ドレーンについて』では具体的な操作手順や注意点、『胸腔の解剖』はイラストや参考にした文献の名前などを記載すると、自己学習や振り返りに役立ちます。また、『迷った時はクランプテスト』の具体的なやり方や判断基準も追加すると良いですね。今後もこの調子で詳細かつ具体的に記録を続け、さらに実習を深めていきましょう！,323
14_014,f002,feedback,supervisor,ポイントとして挙げてくれたことについて、ラウンドしているときなど、どんどん質問をしてくださいね。,48
14_015,f027,feedback,ai,"お疲れさまでした！あなたの記録は全体的に詳細かつ具体的で、注意深く観察していることがよく分かります。以下のフィードバックを提供します。

1. 毎日の記録を欠かさずに行うことが重要です。2月23日は記録がありませんでしたので、毎日の実習内容をしっかり記録する習慣をつけましょう。これにより振り返りやすくなり、知識の定着にも繋がります。

2. 学んだことや今後の課題について、さらに具体的な事例や数字を交えて書くと良いです。例：「心不全の治療」に関して、「フロセミドの適切な投与量や、効果の評価方法について学ぶ」など。

3. 経験したことをさらに詳細に記述するとより良いです。例えば、「患者説明」の部分を具体的にどのように行ったのか、どの部分が難しかったかなどを書き加えると、次回の改善点が明確になります。引き続き頑張ってください！",367
14_015,f027,feedback,supervisor,実習お疲れ様でした．いつもカンファレンスではわかりやすい発表をされているので，丁寧な準備をされていると感心します．どの科に進んでもらっても必要な高齢者の診かたを学んでもらえたと思います．今後も充実した実習を送れるよう願っています．,115
14_016,f001,feedback,ai,"臨床実習記録をしっかりと記載しており、特に重要な学びや今後の課題を具体的に挙げている点は非常に良いですね。ただし、いくつか改善できる点がありますので、以下のフィードバックを参考にしてください。

まず、毎日の記録を欠かさず行うことが重要です。1月17日分の記録がありませんので、できるだけ毎日記録をつけるように心がけてください。次に、学んだことを具体的なケースやエピソードと結びつけて記載すると、より理解が深まります。例えば、「CTでの構造物の見え方」を学んだときには、具体的にどのような症例でどの部分を見ていたかを書けると良いでしょう。

最後に、今後の課題についても具体的な目標とアクションプランを明確にすることで、次のステップが取りやすくなります。例えば、「胸腔の解剖を学ぶ」とした場合には、「解剖図を見ながら、主要な構造物を30分間復習する」などの具体的な方法を記載すると良いでしょう。これからも頑張ってください！",411
14_016,f001,feedback,supervisor,1月15日の症例は胸腺癌ではなく胸腺腫ではないかと思います。胸膜播種を伴う胸腺癌の場合は通常、volume reduction手術、胸膜肺全摘のような高侵襲処置は適応になりません。胸腺癌と胸腺腫（境界のような組織型もあります）では治療方針が大きく違いますの確認をしましょう。化学療法はCAPではなくCAMP (Cisplatin+Adriamycin ＋MethylPrednisolone）療法ですね。縦隔の手術は大血管の解剖学習のいい機会と思いますので画像を再確認するのがよいと思います。,246
14_017,f020,feedback,ai,あなたの臨床実習記録は詳細で、一貫して毎日記入されている点が素晴らしいです。以下の点を改善するとさらに良くなると思います。1) 患者リストについて、同じ患者が続く場合でも症例の進展や変化についても記載すると、実習の状況がより明確になります。例えば、「乳児・女・低出生体重児・体重増加あり」などの情報を追加してください。2) 今後の課題は、より具体的に書くと役立ちます。現在の記述は少し抽象的なので、「スライド修正」と記載する場合、具体的にどの点を修正するのかを明記すると良いです。例えば、「画像の解像度を上げる」や「フォントサイズを大きくする」などです。今後もこの調子で頑張ってください！,294
14_017,f020,feedback,supervisor,各症例に応じて、その病態や治療について詳しく学んでいたと思います。また、症例発表の準備に際しては、きちんと成書を読み込んで、ポイントに沿ってしっかりまとめることが出来ていました。小児科はもちろん、他の科の実習に行った際も、今回のように病態を踏まえながら検査や治療の意義や特徴をしっかり学んでいってもらえればと思います。,159
15_018,f001,feedback,ai,"あなたの臨床実習記録は非常に良く、特に詳細な患者情報や学んだ内容が具体的で役に立ちます。以下に2つのフィードバックを提供します：

1. **毎日の記録を維持すること**: 1週間を通じて毎日記録を続けている点は素晴らしいです。この習慣を維持し続けることで、自分の学びを一層確かなものにできます。また、記録をする際には各日の学びや課題の進捗についても詳細に記述すると良いでしょう。

2. **今後の課題の具体化**: 今後の課題については、さらに具体的に記述することで達成しやすくなります。例えば、「処置・手技を迅速かつ的確に行えるようにする」という目標に対して、「特定の処置を毎日少なくとも3回練習する」や「指導医に定期的なフィードバックを求める」といった具体的なアクションプランを加えると良いでしょう。

これからもモチベーションを高く保ち、実習記録を続けてください。あなたの取り組みは成果を生むはずです。",406
15_018,f001,feedback,supervisor,"担当の患者さんは多くの医療を必要とされています。ひとつずつ挙げて確認し把握をするようにしていきましょう。
また、すでに多職種が関わっていますが、退院に向けた準備では特に入院中および退院後含めて多職種とのかかわりが広がりますので、患者さんと患者さんご家族を中心に据えてそれらを理解していきましょう。",148
15_019,f011,feedback,ai,"あなたの臨床実習記録にはいくつかの良い点があります。毎日異なる患者や実習内容に言及し、学んだことを記載しています。それは非常に素晴らしいです。一方で、いくつかの改善点もあります。

まず、一部の日付に記録が欠けているので、毎日記録をつけることを心掛けてください。また、実習内容や学んだこと、今後の課題について詳細かつ具体的に記載することが重要です。たとえば、「異染性白質ジストロフィーについて学んだ」という記載がありますが、具体的に何を学んだのか（症状や治療法、診断方法など）を詳しく書いてみましょう。同様に、今後の課題も具体的にします。例えば「発表準備開始」ではなく「特定のトピックや患者について発表準備を行う」と書くと良いです。

最後に改善点として、患者の状態や治療経過についても簡単に触れることで、より豊かな学びが記録されるでしょう。あなたの今後の成長を期待しています。",389
15_019,f011,feedback,supervisor,担当患者に関して、毎日回診し急性期から慢性期まで経過を見ていただくことで、疾患の治療や評価のみならず、退院に向けての取り組みや流れまで、幅広く体験していただけたのではないかと思います。自主的に、Sarnat分類やTompsonスコア、海外文献をもとに児の重症度や予後を予測していただいた点も良かったと思います。小児の治療は家族の協力が不可欠ですので、患者家族との接触する機会がもっと取れるとより良かったと思います（この点はそのような場を設けることができなかった我々の不手際でもありますが）。今回の実習で学んだことを、単なる知識として終わらせることなく、貴重な経験として医師になった後にも役立ててもらえると嬉しいです。また、症例発表でのスライド・発表は、内容・時間配分ともに非常に良かったと思います。今後の学会発表などに役立ててください。,368
15_020,f016,feedback,ai,素晴らしい記録です！毎日しっかりと実習記録を取っており、各日付の活動内容や学びを書き出している点が非常に評価できます。以下の点に注目して、さらに良い記録を作成できるようにしましょう。 1. 詳細さを向上させるために、学んだことや今後の課題についてもう少し具体的に記載すると良いでしょう。例えば、1月22日の「ゲフリールの工程」について、どのような工程が含まれていたのか具体的に書き加えると、より深く理解できます。 2. 学んだことに関して、客観的な情報だけでなく、どのようにそれを実践できるか、自分自身の理解の深まりや疑問点も記載すると、学びがより明確になります。例えば、「胸腔鏡カメラの使い方」について、自分の操作のどの部分が難しかったかや、どのように改善できるかを書いてみると良いです。 引き続き、積極的に学び、具体的な事項に焦点を当てて記録を残すことで、実習の有益性が高まります！応援しています。,401
15_020,f016,feedback,supervisor,細かく記載してくれてありがとうございます。頑張ってください！,30
15_021,f003,feedback,ai,まず、毎日の記録がしっかりと行われている点は非常に良いです。経験したことや学んだことを詳細に記述する努力が見られます。さらに改善できるポイントをいくつか提案します。一つ目は学んだことの部分です。例えば、「低血糖の治療は50%ブドウ糖注射液20mL以上の静脈注射」という記述には、適応基準や何故その治療法が選ばれるのかといった背景情報を追加すると更に具体性が増します。二つ目は、今後の課題をもう少し具体的かつ実行可能にすることです。例えば、「心不全の治療」ではなく、「心不全の最新の治療ガイドラインを読み、次回の患者カンファレンスで発表」といった具体的な行動計画にすることで、行動を明確にします。引き続き、継続した具体的な学習と実践を大切にしてください。,326
15_021,f003,feedback,supervisor,実習お疲れ様です．common diseaseも多いので，国試にもでる重要事項を診療しながら振り返る機会になっていると思います．火曜日の発表も楽しみにしています．,81
15_022,f011,feedback,ai,以下のような点が上手にできていることを強調しておきます。まず、毎日の記録がしっかりと行われていること。そして学んだことが具体的であり、実習で得た知識を明確に表現していることは非常に良い点です。 しかし、改善すべき点もいくつかあります。まず「学んだこと」にもう少し具体性を加えることで、将来的にその知識をどう活かすかが明確になるでしょう。例えば、『ゲフリールの工程』については、具体的にどのような手順だったのか、どのような点が難しかったかなどを記載すると良いです。次に、今後の課題についても具体性を持たせると良いでしょう。たとえば、『断端再発と炎症性結節について』という課題に対して、『具体的にどの資料を参照するか』や『どのような方法で学ぶか』を明記すると、学習計画が立てやすくなるでしょう。引き続き、この調子で記録を続け、より具体的な記述を心がけてください。,379
15_022,f011,feedback,supervisor,"よく頑張りました。
呼吸器外科がどういう科かわかってもらえたかと思います。
さらに、今後、肺移植という医療もA大学でできるようになります。
興味があれば一緒にやりませんか？
呼吸器外科を候補の一つに挙げておいていただけると嬉しいです。
それでは。",123
15_023,f026,feedback,ai,"1. 毎日記録をつけていること、特に患者の詳細な情報や実習内容を具体的に書いている点は非常に素晴らしいです。ただし、患者リストや実習内容についてもう少し追加の詳細を書くとさらに良くなります。例えば、患者の具体的な症例や治療プロセスのステップを追記することで、学んだ知識がより深く記録されます。

2. 学んだことの部分では、理解できた内容を詳細かつ具体的に記述している点が良いですが、さらに具体的なエピソードや例を挙げると記録として充実します。例えば、「誤嚥性肺炎について学んだ」とだけではなく、具体的な症例や使ったツール、観察した結果などを追加するとなお良いでしょう。

3. 今後の目標についても具体性を増すと効果的です。「朝カンファ時のプレゼンの方法」とありますが、実際にどのような資料を準備する予定なのか、どのようなポイントに気をつけたいのかなども記述すると、フィードバックを受けやすくなります。例として「次回の朝カンファでは、患者の過去の病歴と今後の治療計画をまとめた資料を作成し、主要な5つのポイントに絞ってプレゼンテーションする」といった具体的な計画を立てることが推奨されます。",496
15_023,f026,feedback,supervisor,嚥下評価や認知症外来に同席いただき大変勉強になったと思います．今後、ミニレクチャーでフォローしますが、実際を知っているのと知っていないのとでは大違いなので、貴重な体験であったと思います．引き続き頑張ってください．,106
15_024,f015,feedback,ai,"素晴らしい仕事ですね！記録を毎日欠かさず継続することで自身の進捗を確実に把握できています。実習事項では具体的な活動内容を詳細に記載しており、自分の関与や観察内容がとても明確です。以下に改善点と提案を2点示します。

1. 学んだことの詳細記載: 学んだことについてもう少し深掘りしましょう。たとえば、「胸腔鏡カメラの使い方」では具体的にどのように使うのが重要なのか、何が難しかったのかなどを詳細に記載するとより効果的です。次のように記載するのはどうでしょう：「胸腔鏡カメラの使い方として、特にカメラのアングル調整が難しく、術野全体を均等に照らすのに苦労しました。」

2. 課題の具体性強化: 今後の課題についても具体性を持たせることで達成しやすくなります。例えば、「運針、糸結びの練習」を次のように具体的に記載してみてください：「毎日30分の運針の練習を行い、1週間以内に5分以内で運針を完了できるようにする。また糸結びについては、目視確認と手の感覚を鍛えて効率良く行えるよう練習する。」

今後も継続的に記録を詳細に書くことで、学習効果をさらに高めていきましょう。",484
15_024,f015,feedback,supervisor,切除断端部の再発、肉芽腫の鑑別は術後に時々遭遇する病状です。先日お渡しした文献をきっかけに理解を深めてもらうとよいと思います。また抄読会については短い時間でよく理解をして発表できたと思います。お疲れ様でした。,104
15_025,f010,feedback,ai,1. 毎日記録をつけていることは素晴らしいです。さらに向上するために、実習内容や学んだことをより具体的に記載してください。例えば、「BLSについて」と記すだけでなく、具体的な手順や重要ポイントを記載することで、より深い理解と記録の再利用が可能です。2. 今後の課題についても具体的にすることで、次回の目標設定や復習が効率的になります。例えば、「心電図が少しだけ読めるようになったような」と書くところを、「具体的な心電図の波形や異常所見を理解するために、参考書を用いて〇〇部分を重点的に学びたい」と記載するのはいかがでしょうか。引き続き頑張ってください！,276
15_025,f010,feedback,supervisor,救急や循環器内科に関して貴重な経験が積めていることが感じられます。この調子で続けてください。BLSについてどのような点が貴重な経験だと感じたのかや、心電図についてどのような所見が読めるようになったと感じたのかなど、具体的に書いておくと良い記録になると思います。次の振り返りに生かしてください。,146
15_026,f018,feedback,ai,素晴らしい仕事をしています！記録が各日詳細に記載されており、忙しい実習の中でもしっかりと時間を取る姿勢は立派です。いくつかの具体的なフィードバックを提供します。1つ目は、学んだことや今後の課題について、もう少し具体的な事例や自分の考察を加えるとさらに良いです。たとえば、1月22日の“ゲフリールの工程”について、「工程のどの部分が難しかったか」、「どの部分で特に自分が注意したか」などの詳細を書くことです。2つ目は、患者リストについてです。患者の診療情報が詳細に書かれているのは良いのですが、どのようなことに注意を払ったかや、自分なりの診断の考えをもう少し書いてみると学びが深まります。記録全体としては非常に良い出来であり、少しの改善で更に充実したものになるでしょう。頑張ってください！,343
15_026,f018,feedback,supervisor,担当、見学症例から自主的に学習することができていてよかったと思います。実習では一部しか見ることができなかったと思いますが呼吸器外科学、呼吸器外科診療に興味をもってもらえれば幸いです。,91
15_027,f020,feedback,ai,"記録のフォーマットに従って、毎日の記録をしっかりと行えている点は素晴らしいです。実習事項や学んだことも具体的に書かれており、特に技術的な細かい気づきや学びが詳細に記述されている部分は非常に優れています。次の点を改善するとさらに良い記録になるでしょう。

1. **患者リストの詳細記入**：診断名や症状だけでなく、患者の経過や現在の治療状態についても詳しく記述すると、より一貫性のある情報が提供できます。例を挙げると「6歳男児：B-ALL再発、現在血球数nadir、抗がん剤療法開始3日目」など。

2. **学んだことの掘り下げ**：学んだことが非常に具体的に書かれていますが、その学びがどのように日常業務に役立つか、具体的な応用方法を記述するとさらに良いです。例えば「骨髄採取の技術を向上させるため、次回はどの点に注意すべきか」や「化学療法の副作用について患者にどのような説明をするか」など。

これらのポイントに注意して記録を続けていけば、さらに充実した臨床実習記録が作成できるでしょう。引き続き頑張ってください。",460
15_027,f020,feedback,supervisor,"実習を通して、小児がんの診断、治療、長期にわたる影響、などを勉強していってください。
特殊な領域ですが、患者・患者家族との関わり方についても貴重な経験ができると思います。",85
15_028,f011,feedback,ai,"1週間の実習記録お疲れ様でした。全体的に良く記録できていますが、いくつかの改善ポイントもあります。

まず、毎日記録をしっかりと続けていることは素晴らしいです。この習慣は実習を通じて得た学びや経験を深める助けとなります。

具体例に基づいた学びも良くできており、特に患者の反応や変化をきちんと観察して記録することができています。しかし、更に詳細で具体的な点を書き加えることで、今後振り返る際の参考にしやすくなるでしょう。例えば、『担当患者が以前より話してくれるようになった』という記述には、どのような内容やトピックで話ができるようになったのかを具体的に書くと良いでしょう。

また、『今後の課題』の部分をもう少し具体的に書くことをお勧めします。例えば、『診察で学んだことをレポートにまとめる』という課題については、『レポートでは具体的にどの点を深掘りして考察するか、どの文献を参照するか』などの詳細を記述することができます。これにより、課題が実行可能で明確になります。

引き続き、詳細かつ具体的な観察と記録を心がけてください。あなたの成長を楽しみにしています。",481
15_028,f011,feedback,supervisor,有難うございました。その時々でしっかり吸収していってもらっているようで、何よりです。頑張ってもらっていると思います。もう少しですが、よろしくお願い致します。,78
15_029,f020,feedback,ai,"今回の記録は全体的に良く書かれており、特に患者の病状や治療の進行についての情報が詳細で分かりやすいです。以下の点について改善を検討してください：1. 記録の継続：1月9日から1月12日の4日間記録が続いていますが、毎日記録することを徹底しましょう。1月13日の記録がないことが気になります。2. 学んだことの詳細化：例えば、1月10日の """"身体診察について学ぶことができた"""" という記述は抽象的です。具体的なポイントや学んだ技術、知識についてもう少し詳細に記載してください。例えば、""""身体診察で特に関節液貯留の触診の方法を学びました"""" などです。3. 今後の課題について：課題の具体性と実行計画を記載すると良いです。例えば、""""プレゼンテーションの仕方を勉強していきたい"""" という記述を改めて、""""来週のカンファレンスでプレゼンを担当する予定なので、事前に指導医に練習を見てもらい、フィードバックを受けることで改善を図ります"""" などと書くと、具体的に何をすべきかが明確になります。引き続き頑張ってください。",459
15_029,f020,feedback,supervisor,関節痛の鑑別診断について学んだということでよかったです。診察のどんなところに苦労したか、についても記載すると振り返りになります。毎日に記録を続けてください,77
15_030,f010,feedback,ai,記載されている実習内容は非常に具体的であり、どの手術を見学したのかが明確です。しかし、臨床実習記録を毎日行うことが求められている点を改善する必要があります。記録の欠如は大きな課題となるため、日々の実習後に即座に記録を残す習慣をつけることをお勧めします。例えば、日記帳やメモアプリを活用し、短いメモをその場で取ることで後から記録をまとめることが容易になります。また、見学した手術や実習内容について学んだことや感想をもう少し詳細に書き添えると、将来的に振り返りやすくなります。例えば、『手術中に使用された器具や手技の名称、その背景にある理論』なども記載すると更に良くなります。今後の目標や改善点に対しても、自分で設定しやすくなるでしょう。毎日の記録を通じて、実習の振り返りと学びの整理を行い、充実した実習体験を積み重ねてください。,363
15_030,f010,feedback,supervisor,頑張ってくれています。さらに積極的にいろいろな質問をしてください。,33
15_031,f009,feedback,ai,"毎日記録を取っている点をまず褒めたいと思います。具体的なフィードバックとして、以下の点に注意するとさらに良くなるでしょう。

1. 各日の実習記録がやや簡潔すぎるため、もう少し詳細に記述してください。例えば、具体的な診察内容やカルテ記載における工夫、篠島診療所での医療体制について、何が印象に残ったかなどを具体的に書くと良いでしょう。

2. 学んだことについては、具体的な症例や新たに得た知識について詳細に記述しましょう。例えば、「救急の症例」について具体的にどのようなことを学んだのか書くと理解が深まります。

3. 今後の課題についても、具体的な行動計画を立てると良いでしょう。例えば、「アセスメントを頑張る」とある場合は、どのような点を強化したいか、どのように学んでいくかについても触れると実践しやすくなります。

引き続き、努力を続けてください。あなたの積極的な姿勢を応援しています！",397
15_031,f009,feedback,supervisor,患者診察、カルテ記載などしっかりできています。研修医など他のスタッフとも意思疎通しながら自習できていました。,54
15_032,f027,feedback,ai,記録の詳細に関しては非常によくできています。特に患者の症状や所見、学んだことについて詳細かつ具体的に書かれており、よく理解していることが伝わります。ここからさらに次の点を改善するとより良くなるでしょう：1. 毎日の記録をまとめるために、すべての日をカバーするよう心がけましょう。臨床実習中に忙しいこともあるかと思いますが、毎日の振り返りを行うことで学びを定着させられます。2. 今後の課題について、具体的な計画を立てる助けとして、達成目標や具体的なアクションステップを設定してみてください。例：「カンファレンスでのプレゼンの技術を向上させるため、次回までに2つの文献を読み、その内容をまとめる」。このようにすると、自分自身の進捗が具体的に測定しやすくなります。全体的には素晴らしい記録ができているので、この調子で頑張ってください！,365
15_032,f027,feedback,supervisor,症例の経過と治療を具体的に書けていて良いです。横紋筋融解症についてどのようなことを学んだのか、もう少し詳しく書けると良いですね。毎日の記録を続けて下さい,76
15_033,f040,feedback,ai,まず、毎日記録を欠かさず行うことが大切です。特に5月9日の日記が空白となっているので、実習日ごとに記入する習慣をつけましょう。次に、各日付の記録内容が具体的ではない点が気になります。例えば、「病棟回診の見学」だけでなく、回診中にどのような症例を見たのか、指導医からどのような指導を受けたのか、具体的に記載すると良いでしょう。また、学んだことや今後の課題についても記載がありませんが、これらも実習経験を深めるためには重要です。例えば、「悪性胸腺腫についての講義では、診断に使用する主要な画像検査とその特徴を学んだ。今後はこれらの特徴を日々の診療で意識できるようにする」などのように具体的に記載しましょう。どうぞ継続的に頑張ってください。,317
15_033,f040,feedback,supervisor,これからも頑張ってください！,14
15_034,f029,feedback,ai,記録を始めていることが素晴らしいですね、特に患者さんの病歴や治療内容を具体的に記載している点が良いと思います。いくつか改善点を挙げるとすれば、まず実習内容をもう少し具体的に書くと良いでしょう。例えば、朝カンファレンスや回診でどのようなことを学んだか、具体的な患者さんとの関わり方について詳しく記述することで、自身の振り返りが深まります。また、学んだことについても具体的なポイントをもう少し詳細に述べると良いかと思います。CGA（包括的高齢者評価）の意義を学んだと記載していますが、具体的にどのような意義があると感じたのか、どういう点が重要だったのかを書いてみてください。例えば、『CGAの意義について理解が深まり、高齢者患者の包括的な生活背景や身体状況を考慮する重要性を感じました』といった具体例を挙げると良いでしょう。これからも頑張ってください。,374
15_034,f029,feedback,supervisor,適切なアセスメントだと思います。採血などの手技も積極的に挑戦していただければと思います。,44
16_035,f025,feedback,ai,"素晴らしい仕事をしました！毎日記録をつけ、患者リストや実習事項を具体的に記載している点が非常に良いです。この取り組みがあなたの学びを深める助けになります。

1. **記録の詳細化**: 学んだことや実習事項について、さらに具体的な詳細を記載すると良いでしょう。たとえば、「腹腔鏡でどの臓器・血管が見えるのか」について具体的な臓器・血管の名前を挙げるなどです。こうすることで、後で見返した際に記憶が鮮明になります。

2. **今後の課題の具体性**: 今後の課題について、もう少し具体的に設定することをお勧めします。例えば、「埋没縫合・結紮の方法を復習する」という課題の際には、どの講義資料や参考書を使用するか、どの期間内に、どれくらいの時間をかけて取り組むかを記載すると良いです。

今後もこの調子で記録を続け、学びの質を高めていってください。応援しています！",382
16_035,f025,feedback,supervisor,"とても意欲的に取り組んでいただきこちらも刺激的でした。
手術手技をもっと教えられるとよかったと反省していますが、これからの楽しみと思っていただけるとよいと思います。
手術はとても魅力的な世界なので、ぜひこれからも積極的に取り組んでください。
４週間お疲れ様でした。",132
16_036,f027,feedback,ai,"以下は、あなたの臨床実習記録についてのフィードバックです。

まず、毎日の記録を欠かさず行えていることが素晴らしいです。患者リストや実習内容も詳細に記載されており、自分の学んだことをしっかりと整理できている点が高く評価できます。

1. 記録の詳細度をもう少し具体的にしましょう。たとえば、神経診察の具体的な手技（例えばバビンスキー反射の確認方法など）や同意書の取り方がどう難しかったかを示すと、今後の学習にも役立ちます。

2. 学んだことに関連する具体的なケースやエピソードを追加すると、記録がさらに豊かになります。例えば、「MG疑い患者の診察では、腱反射が正常範囲だったが、QMGスコアには大きな変化があり、その結果免疫グロブリン療法の適用可能性を議論した」などの具体的な詳細を加えてみてください。

これからも頑張ってくださいね！",369
16_036,f027,feedback,supervisor,ALS患者の上位運動ニューロン徴候は、医師の診察技術によるところが大きく、彼らの命運を握っていると言っても過言ではないと思います。神経内科医がどのようにハンマーを使っているかを是非、目で見て技術を盗んでください。,106
16_037,f007,feedback,ai,病歴聴取や症状について詳細に記載されていて素晴らしいですね。特に職業やストレス要因について触れている点は患者理解に役立つでしょう。一方で、実習内容についてはもう少し詳細に記述するとさらに良くなります。例えば、『午前の初診外来で担当した具体的なケースや学んだ具体的なポイント』『午後の課題で取り組んだ詳細な内容』を追加すると、どのような経験を積んだかがより明確になります。また、『今後の課題』としては具体的な目標設定を行うと更に効果的です。例えば、次回までに心窩部痛の鑑別診断についての文献を2本読むなど、具体的で測定可能な目標にできます。全体として非常に良いスタートが切れているので、この調子で頑張ってくださいね！,307
16_037,f007,feedback,supervisor,"お疲れさまです。訂正しておきます。
配車サービスの女性の主訴は動悸でしたね。心窩部痛の患者にホルター心電図は適応になりません。",63
16_038,f013,feedback,ai,記録の最初の日からしっかりと記録を残しており、とても素晴らしいスタートです。しかし、いくつか改善点があります。まず、経験したことや学んだことが具体的でないため、具体的な状況や学んだ内容を詳しく書くことで今後の参考になります。例えば、『無菌室での注意事項』をもっと具体的に、『無菌室での手洗い手順や防護具の着脱方法を学んだ』といった詳細を書くと良いです。また、患者リストに関しても、具体的な病状や治療内容、観察事項などを追加すると今後の学習に役立つでしょう。一週間分の記録が見られないため、毎日記録を欠かさず行うことも大切です。これからも頑張ってください！,277
16_038,f013,feedback,supervisor,日々の診察、考察、カルテ記載を継続して進めていきましょう。,29
16_039,f043,feedback,ai,"素晴らしい実習記録ですね。以下の点に感謝し、いくつか改善の提案をします。

まず、毎日の記録がある日についてはしっかりと詳細に書かれている点が非常に良いです。特に学んだことの詳細や具体例が明確に記されています。

改善点としてはまず、1月10日の記録には患者リストと今後の課題が含まれていないため、次回は漏れがないようにしましょう。

また、学んだことをもう少し具体的に記録することを心がけてください。例えば、エクソンのskippingの具体的なプロセスや臨床的な意義についてもう少し詳しく書くと、自分の学習がより深まります。これを通して、自分の理解を深めるために他の学んだことも適用してください。”

この調子で頑張ってください。日々の記録を続け、さらに詳細に書けるようにすることで、未来の診療に役立つ経験を蓄積できます。",362
16_039,f043,feedback,supervisor,脊髄の高位診断は、整形外科を除いては神経内科しかできない特殊な技術です。習熟することによって脳、脊髄、末梢神経の障害を体系的に理解する事が出来ますので、是非頑張ってください。,87
16_040,f023,feedback,ai,"臨床実習記録はよく整っており、毎日しっかりと記録されている点が非常に素晴らしいです。これからさらに改善するためのヒントをいくつか提供します。

1. より詳細な記述を心がけましょう。例えば、学んだことや経験したことについて具体的な状況や感想、気づきを書くことで、後で復習しやすくなります。例として、どの手技が特に難しかったか、どの部分で新たな理解が得られたかなどを記載してみてください。

2. 今後の課題について、もう一歩具体的に記述するとさらなる改善が期待できます。例えば、「糸結びを30秒以内に20回できるよう訓練する」という目標の達成方法（練習の頻度、方法など）も書くと効果的です。

全体的に、毎日記録をしっかりと行い、学んだ内容もしっかりと書けていることがとても良いです。引き続きこの調子で頑張ってください。",360
16_040,f023,feedback,supervisor,"毎日課題を見つけて学習できていおり素晴らしいと思います。
縫合も練習重ねれば上達しますし、また機会もあると思いますので反復練習すると良いと思います",73
16_041,f001,feedback,ai,"一週間分の実習記録、お疲れ様でした！あなたが経験したことや学んだことを記録する努力は評価に値します。以下にいくつかのフィードバックを提供します：

1. 今後の課題をもう少し具体的に書くと良いです。例えば、「スライドの修正」や「スライド作り」という記述だけでなく、どの部分を改善する必要があるのか具体的に示すことで、より実行可能な目標になります。例えば「スライドの図表を追加する」「患者のデータを見直す」「プレゼンテーションの流れを整理する」など。

2. 学んだことの部分は詳細で具体的であることが重要です。自身の知識の確認や新たに学んだことを具体的な事例や数字を使って記載すると、将来的に参照しやすくなります。例えば、「HbA1cの患者ごとの目標値について再確認できた」といった内容は、「60代女性の術前血糖管理において、HbA1cの目標値は7.0％以下であると再確認した」といった具合に、もう少し詳しく書くと理解が深まります。

総じて、あなたの記録はよくできています。これからも具体性を意識して、成長につなげていってください。",467
16_041,f001,feedback,supervisor,発表お疲れさまでした。試験勉強で忙しい中多くの文献を読んできちんと内容を理解されていたので驚きました。とても落ち着いて発表できていました。引き続き頑張ってください。,82
16_042,f006,feedback,ai,"お疲れさまです！実習記録の毎日の記入がしっかり行われており、学んだことや今後の課題も具体的に記載されている点は非常に素晴らしいです。特に、解剖学的知識や実際の手術見学を通じて学んだ内容が明確に書かれている点も高く評価できます。以下、いくつかの改善点を提案します。

1. 各実習日ごとのまとめとして、学んだことが具体的に書かれていますが、何か特に印象に残ったことや新たな発見についても詳細に述べると更に良い記録になります。例えば、「〇〇の手術中に特に印象に残った部分」や「〇〇という手技の困難さ」といった具体例を挙げると良いでしょう。

2. 今後の課題についても具体的な目標設定を行うと、更に明確になります。たとえば、「SMAとIMAの構造を理解する」の具体的な方法として、「関連図を用いて自習する」といった具体的なアクションプランを記載すると良いでしょう。

このような形で自分の学びを具体化することで、今後の成長が一層期待できます。頑張ってください！",428
16_042,f006,feedback,supervisor,胃・膵臓の周囲の構造は複雑ですね。がんばって覚えましょう。,29
16_043,f001,feedback,ai,"素晴らしい実習記録ですね！毎日の記録をきちんと続けている点や、学んだことをきちんと反映させている点は大変評価できます。以下にいくつか改善点を提案します。

1. **経験したことと学んだことの詳細さを高める**：特に「学んだこと」の箇所で、具体的なエピソードや理解した点をもう少し詳細に記述するよう努力しましょう。例えば、「カルテ記載については理解できてきた」とした箇所では、どの部分が特に理解できたのか、そのためにどのような工夫をしたのかを書き添えると、より具体的な記録になります。

2. **今後の課題を具体的に**：今後の課題の部分で「頑張りたいです」と書かれている箇所がありますが、具体的な行動計画や目標を設定するとさらに良いです。例として、「毎日1つ新しい身体診察の方法を習得する」や「カルテ記載では翌日の朝振り返りを行う」などの具体的なステップを設定することで、目標達成が明確になります。

引き続き頑張ってください！記録の充実は確実に医療現場での経験を深める一助となりますよ。",446
16_043,f001,feedback,supervisor,膠原病や生活習慣病を中心に、貴重な経験が積めているのだろうと感じます。この調子で続けてください。医師以外の専門職の地域医療への関わり方について、どのような理解が深まったのか興味があります。実習報告会など、機会がありましたらお教えください。,119
16_044,f022,feedback,ai,記録がしっかりできている点は素晴らしいです。特に学んだことを具体的に書いているところは良いです。しかし、もう少し詳細な記録を残すと更に効果的です。1. 【患者リスト】：患者の年齢や背景の情報をもう少し詳しく書くことで、患者の全体像を理解しやすくなります。例として『Oさん、70歳、男性、ストマ閉鎖』のように書いてみましょう。2. 【学んだこと】：クーパーについて学んだ具体的な内容、例えば「クーパーの刃の角度や切断する際の注意点」なども記載すると理解が深まります。3. 【今後の課題】：具体的な行動計画、例えば「次回は手洗いの手順を確認し、消毒の方法を学ぶ」、など具体的な目標を設定することで次に何をすべきかが明確になります。引き続き頑張ってください。,326
16_044,f022,feedback,supervisor,手術室にどんどん顔を出しましょう,16
16_045,f011,feedback,ai,"一週間の臨床実習記録、お疲れ様でした。各日の活動内容や学びについて良く記されていますが、以下のフィードバックを参考に、さらに記録を改善しましょう。

1. **詳細と具体性の向上**: 記載された学びや実習内容に関して、もう少し具体的な詳細を加えると良いでしょう。例えば、『その他糖尿病治療、偽痛風の診断治療、敗血症など』の記述について、それぞれどのような治療法や診断方法を学んだのかを具体的に記載してみてください。

2. **毎日の一貫性**: 3日目と4日目の記録に患者リストがありません。全てのセクションが毎日一貫して記録されていることを確認しましょう。これは実習先での一貫した学びと記録の習慣をつけるために重要です。
例: 午前の症例や午後の実習で担当した患者についても記載を追加する。

3. **今後の課題の具体性**: 今後の課題が「知識をつける」に偏っています。具体的な目標を設定することで、より効率的な学びが期待できます。例えば、『今後の課題』としたら「糖尿病管理に関する最新の治療ガイドラインを読み込み、具体的な症例に適用する方法を学ぶ」など、具体的なアクションと目標を設定してみてください。

高いモチベーションを持って実習に取り組んでいることが感じられます。この調子で詳細な記録と具体的な目標設定を心がけ、実習を通してさらに成長してください。",584
16_045,f011,feedback,supervisor,"一週間の流れが大体理解できたでしょうか。来週は１名患者を担当してもらおうかと思います。
徐々に医学的知識を増やしていきましょう。
D",66
16_046,f017,feedback,ai,あなたの臨床実習記録について、いくつかのフィードバックを提供します。まず、毎日記録を行っていることは素晴らしい習慣ですし、実習を通じて学んだ医学的事項を詳細に記録している点も評価します。それでは、さらに改善できる点についていくつかアドバイスします。まず、実習内容が具体的であるとより良いです。例えば『午前 D先生につき病棟実習』の部分について、どのような活動を具体的に行ったのか（例：診察、治療手順の観察、患者の看護など）を記載すると良いです。また、今後の課題についても具体的にすることをお勧めします。『医学知識をつける』や『知識をつける』は漠然としているため、具体的な方法を明示しましょう。例として『1日1つの疾患について詳しく学び、まとめる』や『症例発表スライドを週末までに完成させる』などです。これにより、自分の課題が明確になり、実行しやすくなります。,379
16_046,f017,feedback,supervisor,"自主的にわからないことは調べながら取り組まれていました。
手技にも積極的に取り組まれていました。
病棟スタッフとも良好な関係を築けていました。
",72
16_047,f022,feedback,ai,"まず、毎日の臨床実習記録を続ける努力をしている点は非常に素晴らしいです。しかし、1月11日と12日には患者リストの記載が抜けています。日々の実習記録には全ての必要な情報を網羅することが重要です。具体例を挙げると、患者リストを簡潔にでも記載することで、後で振り返った際にどの患者について学んだかが一目瞭然になります。
次に、学んだことや今後の課題に少し漠然とした表現が見られます。具体的な知識や技術の習得目標を立てることで、今後の学習や実習がより効率的になります。例えば、「具体的な薬剤の名前や使用方法を覚える」「各疾患のCT所見の特徴を理解する」といった具体的で明確な目標を立てると良いでしょう。
最後に、患者への説明が工夫されている点は非常に良い学びです。引き続き、患者やご家族に分かりやすい説明を心がけてください。全体として、実習で得た知識を具体的かつ詳細に記録し、次回に生かせる形で進めていくことを意識すると、より有益な実習経験が得られるでしょう。",427
16_047,f022,feedback,supervisor,"担当した患者さんがどういった方なのか、しっかりと記載されていて、学んだことがよく分かります。
これからも、この調子で頑張ってください。",67
16_048,f033,feedback,ai,"まず、毎日記録を続け、日々の実習内容を詳細に書いている点は素晴らしいです。次に改善点ですが、以下の具体的なアドバイスを提供します。

1. 患者リストについて：症状や診断については具体的で良いですが、年齢や性別に加えて、病歴や経過についても簡潔に記載してみると更に良いです。例えば、「52歳女性、強皮症、7年前診断、間質性肺炎を合併」などと記すと、後から振り返る際に役立ちます。

2. 学んだことの具体性：学んだことについてももう少し具体的なエピソードや体験を含めて記録すると良いです。例えば、「強皮症について学んだ」を「強皮症の診断基準と治療法について学び、実際に患者さんの皮膚症状を観察した」と記すと、学びが整理しやすくなります。これによって知識の定着が図れます。

引き続きこの調子で進めてください。実習で得た知識と経験を積極的に活かし、日々の成長を楽しんでください。",388
16_048,f033,feedback,supervisor,カルテ記載、プロブレムリストの作成などできています。,26
16_049,f013,feedback,ai,"臨床実習記録の内容についていくつかフィードバックさせていただきます。

1. 毎日記録を欠かさず続けている点は非常に立派です。ただし、特に2024年01月11日と2024年01月12日において、患者リストが未記入です。毎日の患者リストをしっかり記録することで、一日の実習内容との関連性が明確になり、より詳細な考察ができるようになります。

2. 学んだことについては、具体的な医学的知識とその応用に重点を置いて記載されている点が良いです。しかし、「其他」などの表現を避け、具体的な事例や経験を記入することで深掘りができます。例えば、『糖尿病治療について具体的にどのような治療法が適用されたのか』、『偽痛風の診断でどのような検査や問診が重要だったか』など、詳細に言及するとよいでしょう。

3. 今後の課題に関して、「医学知識をつける」という抽象的な目標ではなく、具体的な行動計画を立ててみてください。例えば、『毎日1時間テキストを読む』、『週に一度症例をまとめて発表練習をする』など、実行可能なアクションプランを設定すると、目標達成に向けて具体的に取り組むことができます。

全体として、非常に熱心に取り組んでおり、実習内容を理解しようとする姿勢が伝わってきます。引き続き努力を続けてください。",547
16_049,f013,feedback,supervisor,まずは実習に慣れていただき、その後知識をつけて実りのある実習になるよう頑張ってください。,44
16_050,f030,feedback,ai,ここでの記録に関していくつかの点を強調してフィードバックします。まず、毎日記録を行っている点が大変素晴らしいです。コンスタントに実習内容や学んだことを記録する習慣は、実習の学びを深めるのに非常に役立ちます。改善点としては、学んだことや実習内容をもう少し具体的に詳細を書けるとさらに良いです。例えば、「血小板減少の鑑別」だけでなく、具体的な鑑別項目やそれぞれの特徴なども書き加えると良いでしょう。また、今後の課題も明確に具体化することで、自身の進捗をより管理しやすくなります。例えば、「糸結びを30秒で20回」が達成できた場合の次の目標なども考えてみると良いです。引き続き努力を続け、日々の学びを深めていってください。,308
16_050,f030,feedback,supervisor,"引き続き頑張ってください。
婦人科になったらコラボしましょう。",31
16_051,f032,feedback,ai,素晴らしい記録を続けていることについてまずはお礼を言います。実習の詳細や学びをしっかりと書き留めている点が非常に良いです。以下の点について少し提案があります。 1. 毎日記録を忘れずに行うことを意識しましょう。1月11日と12日は【患者リスト】が抜けているようです。これを補うことで、患者の状態や進行度を一貫して把握できるようになります。 2. 学んだことについて、具体的な例やエピソードを付け加えるとさらに良いでしょう。例: 「中学生にもわかるように説明する際、実際にどういった表現を使ったか」、または「セルジンガー法をどのように理解したか」などを挙げると、記述が具体的になります。 3. 今後の課題についても具体性を持たせてみてください。例えば、「次回の病棟実習では患者確認を積極的に行う」や「〇〇病について調べてプレゼンテーションを準備する」など、明確なアクションプランを立てると自己成長に繋がります。 記録の管理と具体性を高めることで、より充実した学びを得ることができるでしょう。引き続き頑張ってください！,457
16_051,f032,feedback,supervisor,労作時の呼吸困難を主訴に来院された患者様をみた場合、COPDは鑑別として挙げられること、肺気腫の胸部CT画像、間質性肺炎の原因や胸部CT画像（特に肺線維症）、CO2ナルコーシスを疑う際の血ガス分析についてきちんと学習してください。,115
17_052,f029,feedback,ai,お疲れ様でした！一週間の記録から、非常に充実した実習を行ったことが伺えます。以下のフィードバックは、より具体的で有用な記録を残すためのものです。まず、学んだことの記述については、もう少し具体的なエピソードや新たに学んだ医学的な知識、技術についても触れると良いでしょう。例として、訪問診察時のケースや具体的な対応、認知症サポートチームでの役割分担や患者の反応などが挙げられます。次に、今後の課題や目標の設定では、具体的なアクションプランを記載すると良いです。例えば、『カルテ記載をより迅速かつ正確に行うために、何を重点的に練習するか』や、『訪問診察で特に注意するポイントをメモする』などの具体的な内容が役立ちます。これからも頑張ってください！,320
17_052,f029,feedback,supervisor,"積極的に患者さんの診察、カルテ記載、プレゼンテーションできました。
",34
17_053,f013,feedback,ai,素晴らしい仕事をしています！毎日きちんと記録をつけており、それぞれの経験をしっかりと振り返っている点が特に素晴らしいです。また、学んだことや今後の課題についても具体的に記載しているのが良いですね。1) 記録がない日もあるので、可能であれば毎日の実習や学びを欠かさず記録するように心掛けてください。これは習慣化することで今後の学びの積み重ねに大いに役立ちます。2) 学んだことをもう少し詳しく書いてみてください。例えば、真皮縫合の手技で学んだ具体的なポイントやコツについても触れてみると、後で見返したときに非常に有益です。詳細に書くことで記憶も定着しやすくなります。引き続き頑張ってくださいね！,296
17_053,f013,feedback,supervisor,大腸手術の尿管損傷はいつでも気をつけている合併症です。,27
17_054,f011,feedback,ai,"この一週間の臨床実習記録は非常に詳細で、あなたが患者さんの状態や診療の流れをよく把握していることが伺えます。以下にいくつかの具体的なフィードバックを提供します。

1. 記録の一貫性を保つため、毎日必ず記録を付けるよう心がけてください。例えば、日記の形式で簡単でも良いので、その日の振り返りを書く習慣をつけましょう。

2. 今後の課題については、より具体的かつ実行可能な目標を設定しましょう。例えば「知識をつける」というのは漠然としていますので、「次回までにCOPDの治療ガイドラインを読み直す」「MMSEの評価方法を再確認する」といった具体的な目標を立てると良いでしょう。

あなたの実習への積極的な姿勢と、患者さんに対する丁寧な対応は素晴らしいです。引き続き頑張ってください。",341
17_054,f011,feedback,supervisor,担当患者さんからいろいろ聞いて、カルテ作成してください。,28
17_055,f008,feedback,ai,臨床実習記録を詳細に記載している点は素晴らしいです。以下の点に注意して記録を改善してみてください。1. 毎日の記録が他のページにも連続して続いているか確認し、できるだけ日々の詳細を継続的に記入する習慣をつけてください。2. 患者のリストに関しては、症状や経過だけでなく、治療内容やその効果についても具体的に書くと良いです。たとえば、「皮疹に対して抗ヒスタミン薬を投与した結果、2日後に改善が見られた」のように具体的に治療の結果を追記してください。3. 学んだことや今後の課題についても、どの点が理解できたか、どの部分がまだ理解が不十分なのかを具体的に記述すると良いでしょう。「移植後の有害事象に対する患者の反応、捉え方」という記述を、「移植後の皮疹や浮腫に対してどのような治療が有効で、それがどのように患者に影響を及ぼしたかを学んだ」と具体的にすることで、振り返りやすくなります。これからも臨床実習を通して多くのことを学び、記録に反映していってください。,427
17_055,f008,feedback,supervisor,記録を記載しましょう。,11
17_056,f011,feedback,ai,"1. 記録の頻度を維持し、毎日記録を付けている点は素晴らしいです。引き続きこの習慣を続けてください。一方で、一部の日の【患者リスト】が欠けていることに注意しましょう。毎回具体的な患者リストを含めることで、学んだ内容がより鮮明になります。例えば、「患者の詳細情報」や「観察や検査結果」を追加することで、実習をより深く反省できます。

2. 学んだことに関して、具体的な情報を記載している点は大変良いです。ただし、具体的なケースや具体例と結びつけるとより理解が深まります。例えば、「コロナの重症度分類」について学んだ場合、「実際にどのような症例でその分類が使われたか」や「治療方針にどう影響したか」を書き加えると良いでしょう。

3. 今後の課題についてですが、「知識を増やす」や「知識をつける」といった書き方は広範すぎるため、具体的にどの分野の知識を増やしたいのか、どの具体的な方法で知識を増やす予定なのかを明記すると、目標が明確になり取り組みやすくなります。例えば、「COPDの病態生理をより詳細に学びたい。そのために週に1回関連論文を読む」といった具体的な目標設定がおすすめです。",491
17_056,f011,feedback,supervisor,認知症やCOPD合併の感染症など、コモンディジーズに関する貴重な経験が積めていると感じます。この調子で頑張ってください。1/15の病棟見学でお世話になったB先生がC先生ならば、私もA大学総合診療科で大変お世話になりました。,111
17_057,f027,feedback,ai,"1. 毎日の記録はきちんと行われているので、それは非常に良いことです。ただし、具体的な内容が不足していることが多いので、自習や教授面談の内容についてもう少し具体的に記載すると良いでしょう。例えば、どんな内容を学んだか、どんな質問をしたか、どのようなフィードバックをもらったかなどを書き加えることをお勧めします。

2. 学んだことの項目では、具体的な内容や新たな発見を詳細に記述することが重要です。例えば、1月30日の「論文内容（スライド参照）」の部分で、具体的な論文のタイトルや研究の主なポイント、あなたが特に気になった点などを記載すると、後で見返したときにより有益です。

3. 今後の課題については、毎回具体的かつ実行可能な目標を設定すると、更に改善できます。1月31日や2月2日の記録では課題が記載されていません。例えば、「専門書を1冊読む」「次回のディスカッションで特定の病気について質問する」などの目標を設定すると良いでしょう。",420
17_057,f027,feedback,supervisor,積極的に参加してもらい有難うございました。今回経験してもらったことが何らか役に立っていけば幸いです。お疲れ様でした。,58
17_058,f023,feedback,ai,"よくやっている点を挙げますと、実習内容を毎日詳細に記録し、学んだことや今後の課題も具体的に書けているので素晴らしいです。以下の点を改善できるとさらに良いですね。

1. 患者リスト: 各日の患者リストに統一感を持たせると良いでしょう。例えば、患者の年齢、主訴、診断、検査結果などを一貫した形式で書くと見やすくなります。例えば、86歳男性、COPD、微熱など。

2. 学んだこと: 学んだことをさらに具体的に書くといいでしょう。ただ単に「コロナの重症度分類」ではなく、具体的にどのような重症度分類があるのか、何に注目すべきかなど詳しく書くと良いです。

3. 今後の課題: 「知識をつける」や「知識を増やす」などの課題は漠然としているので、具体的に「COPDに関する文献を2本読む」、「次回までに心肺機能試験の手技を確認する」などと設定すると改善につながるでしょう。これからも頑張ってください！",397
17_058,f023,feedback,supervisor,"心肺負荷試験については他の施設ではなかなか見学できないと思います。なるべく客観的な形でリハビリを行うことができ、患者様にとって有益です。COPD患者の身体活動性の向上や運動耐容能の維持については、先日説明した吸入治療だけでなく、身体リハビリの継続も大切ですので、覚えておいてください。
また、結核に対する対応（CT画像、喀痰検査、治療内容・期間・副作用）や非結核性抗酸菌症についてよく勉強しておいてください。その他、膿胸と肺化膿症との違い、膿胸はどの場所に胸水が溜まるかなど、解剖についても勉強してください。わからないことがあればいつでも聞いてください。では今週も頑張ってください。",291
17_059,f005,feedback,ai,"1. 毎日の記録がきちんとできているのは素晴らしいです。特に、患者リストにおいて詳細な病歴や進行状況を記載している点は非常に良いです。ただし、日付ごとに簡単な要約（例えば治療の目的や特記事項）を加えると、より包括的な記録となります。

2. 実習内容の記述は具体的で明確ですが、更に改善するためには、各検査やカンファレンスで得た具体的な知見をもう少し詳しく書くと良いでしょう。例えば、カルテ記述の際にどのような課題があったかや、カンファレンスでのディスカッション内容なども記載すると、一層の学びが深まります。

3. 学んだことや今後の課題もはっきりと書いてありますが、さらに具体的なアクションプランを立てると良いでしょう。例えば「生活歴の聴取」については、「次回の診察で患者の生活パターンや食事内容を詳しく聞き取り、サルコペニアのリスク評価を行う」といった具体的なステップを設定することで、より実行可能性が高まります。",410
17_059,f005,feedback,supervisor,おつかれさまでした。昨日の発表は、発表態度も質疑応答もよくできていました。この実習がGさんの将来にとって前向きな効果をもたらすことを願っています。,73
17_060,f010,feedback,ai,まず、毎日実習記録をしっかりと残していることが非常に素晴らしいです。また、実習内容や学んだことについても具体的に記載しており、日々の学びがしっかりと反映されている点も良いです。いくつか改善点を提案します。1. 学んだことについてさらに具体的なエピソードや詳細を加えると良いです。具体的な診療や検査の過程を含めることで、記録がより実践的で理解が深まります。例えば、どのように意識障害の鑑別を行ったか、フレイルとは具体的にどのような症状や診察所見をもって判断したかなどを記述すると良いです。2. 今後の課題については、具体的で測定可能な目標を設定すると、自身の成長がより実感しやすくなります。例えば「間質性肺炎の原因疾患について文献を3本読む」や「ステロイドの使用方法について指導医に質問する」など、具体的なアクションを記述することで、課題が実践的かつ達成可能になります。これらを実践することで、今後の記録がさらに充実し、自身の成長にもつながるでしょう。頑張ってください！,434
17_060,f010,feedback,supervisor,月曜日、木曜日午前の初診外来はほぼ発熱外来になっており、それはそれでよい経験だと思います。いろいろな経験ができるように、実習時間割が組んでありますが、今日で2週間になりますので、希望があれがお知らせください。,104
17_061,f011,feedback,ai,素晴らしい実習記録を続けていますね。以下の点について少し改善が見られると、更に良くなると思います。1つ目は毎日の実習記録を欠かさずに書くことです。2月13日と15日には詳細が不足しており、どのような学びがあったのか、具体的に書くと良いでしょう。例えば、「カンファレンスで議論された症例や回診時に観察した主な所見」などです。2つ目は今後の課題を具体的に設定することです。2月14日の「レポートを書きます」というのは少し抽象的で、具体的なテーマや期限を示すと良いでしょう。例えば「ALSの病態についてレポートを1週間以内に書き上げる」といった具合です。引き続き頑張ってください！,287
17_061,f011,feedback,supervisor,前頭葉徴候をしっかり学ぶことができましたね。認知症やその他の理由でコミュニケーションが取りにくい場合、どのように神経学的所見を取れば良いか、考えてみてください。脊髄炎の方は、症状から病変部位を推測することができたでしょうか。腱反射や感覚障害についてもしっかり診察できると良いですね。,141
17_062,f011,feedback,ai,素晴らしい仕事をしています！毎日しっかりと記録を取っている点、とても感心しました。まず、実習内容と学んだことを具体的に記載し、詳細を持たせることができています。これは大変重要なことです。しかし、「学んだこと」と「今後の課題」をもう少し具体的にすることで、もっと効果的な学習ができると思います。例えば、「知識を増やす」という課題をもう少し細かく分けて、「呼吸器疾患の診断基準を詳しく学ぶ」や「肺機能検査の結果の解釈を練習する」といった具体的な目標にすると良いでしょう。また、カルテをまとめる際にはどのような点に注意しているかも記載すると、記録がさらに豊かになります。これからもこの調子で頑張ってください！,301
17_062,f011,feedback,supervisor,4階病棟は、高齢者の慢性期の入院病棟で、大学病院では経験しない患者さんが多いと思います。急性期治療を終えた後の患者さんがどのような経過を辿るのか、高齢者の全身管理や医療システムも含めて経験していただければと思います。,108
17_063,f039,feedback,ai,"記録を毎日しっかり行っている点は素晴らしいです！担当患者の簡潔なリストと一日の活動内容が明確に記載されているのも評価できます。以下の点を改善するとさらに良くなるでしょう。

1. 具体性を増す：学んだことに関する詳細を書き加えてください。例えば、シックデイの対応において新たに学んだ具体的な知識や治療方法、またはその適用例などを記載することで、後から見返した際にも役立ちます。また、担当患者の進捗や具体的な問題点についても詳しく書くと良いです。

2. 今後の課題の具体化：現在の課題は一般的すぎるので、目標を具体的に設定しましょう。例えば、『糖尿病のインスリン管理について詳細に理解する』や、『次回までにシックデイの対処法を完璧に理解する』など、具体的なタスクを設定することが重要です。このようにすることで、日々の実習での達成感が増し、学習の焦点も明確になります。

これからも頑張ってくださいね！",400
17_063,f039,feedback,supervisor,発表が簡潔にまとまっていてわかりやすかったです。来週も頑張ってください。,36
17_064,f007,feedback,ai,"まず、毎日しっかりと臨床実習記録を書いている点は素晴らしいです。一貫して具体的な実習内容と学んだことを記載していることも評価できます。ただし、いくつか改善点があるので確認してください。

1. 記録の詳細さについて：実習内容として記載している事項は具体的ですが、学んだことや今後の課題の詳細が不足している場合があります。例えば、胸腔ドレーンの留置の意義について具体的にどのような点を学んだかをもう少し詳しく記載すると良いでしょう。どのように血糖測定を行うのか、その手順や注意点も記載すると理解が深まります。

2. 今後の課題の具体性：今後の課題は具体的で実行可能なものにしましょう。例えば「担当患者の病歴理解」という場合、具体的にどのような方法で病歴を深く理解するつもりなのか、例えば「患者のカルテを詳細にレビューし、担当医に質問する」といった具体策を記載すると良いです。もしくは「カルテ記載について学んだことを翌日実際に適用してみる」といったように、学んだことをどのように次に活かすかを具体化することで実行可能性が高まります。

引き続き頑張ってください！",480
17_064,f007,feedback,supervisor,今週は検査が多かったですね。小児の検査を安全におこなうには成人にはない準備などが必要です。そうして得られた結果を発熱時の血液検査や脳波含めて一つひとつ一緒に確認していきましょう。回診の際には検査のねらいを回診医と話ができるといいと思います。課題にあげていただいている乳児てんかん性スパズム症候群の治療にも踏み込んでいければと思います。,167
17_065,f031,feedback,ai,臨床実習記録を毎日欠かさず行っている点は非常に素晴らしいです。また、各患者の症例を記述し、学んだことを具体的に記載している点も評価できます。ここでいくつかの改善案を提供します。まず、具体的な実習内容をもう少し詳しく書くことを心がけてみてください。どのように診察やカンファレンスが進行したのか、具体的な手順や観察内容を詳細に書くことで、後で再確認する際にも非常に役立ちます。次に、今後の課題をもう少し具体化することも考えてみてください。例えば、「患者の退院後のフォローアッププランを提案する」や「特定の症例について文献レビューを行う」など、具体的なアクションプランに落とし込むと実習の目的が明確になります。引き続き、細部にわたって学びを深め、実習の質を高めていくことを期待しています。,341
17_065,f031,feedback,supervisor,お疲れ様でした。基本的に丁寧に取り組んでもらったと思います。ただ、もう少し病棟の患者さんに接触してもらえると良かったとも思います。いろんなポイントを観察してピックアップする力はとてもある方だと見受けますので、そこは今後にもぜひ活かしていって下さい。今後のご活躍を期待しております。,140
17_067,f011,feedback,ai,"毎日記録を欠かさずに書いている点は素晴らしいです。実習事項や患者情報の記録がしっかりできています。以下の点に改良の余地がありますので、次回の記録にお役立てください。

1. 学んだことをより具体的かつ詳細に記載すると、記録がさらに有意義になります。例えば、3月25日のアスピリン減量について「なぜ200mgから100mgに減量するのか」や「減量時の注意点」などを含めると、学びが深まります。

2. 今後の課題設定についても、もう少し具体的にすると改善点が明確になります。例えば、3月28日の「今日の先生の診察を参考にして今日よりはうまくやろう」とありますが、「どの部分（問診の具体的な質問の仕方など）をどのように改善したいのか」を明示すると、次の実習に活かしやすくなります。

引き続き、実習を楽しんで頑張ってください。",361
17_067,f011,feedback,supervisor,実習お疲れ様です．カンファレンスでは問題点を整理してわかりやすくプレゼンテーションできていると思います．研修医になるとなかなか基礎は学べないのでこの機会にたくさん経験してください．,90
17_068,f041,feedback,ai,"まず、あなたの毎日の記録が非常に詳細で、特に実習内容と学んだことについての記述が具体的で良い点を強調したいと思います。以下の点を改善すると、さらに実習記録が充実しますよ。

1. 毎日の課題をもっと具体的に書いてみましょう。例えば「担当患者の病歴理解」という課題に対して、具体的なアクションステップを示すと良いです。「患者の病歴を理解するために、次回の回診前に疾患の基本的な知識を復習し、質問リストを作成する」と書くと、一歩踏み込んだ取り組みが見えます。

2. 学んだことの記述ももう少し詳細にしましょう。例えば「胸腔ドレーン留置の意義」だけでなく、「胸腔ドレーン留置の手順や合併症リスクについて学んだ」といった具体的な情報を追加すると、今後の復習に役立つ記録になります。

これらの点を意識して次回から取り組んでみてください。あなたの努力と成長を期待しています！",383
17_068,f041,feedback,supervisor,NICUで学んだことをきちんと振り返ってくださり、ありがとうございます。NICUではたくさんの処置や検査がありますが、今回は患者さんの病態に応じた検査（造影検査）や処置（ドレーン）でしたね。ベッドサイドでのレクチャーに加え、患者さんの病気をもう一度理解してから検査や処置を復習すると、さらに気づきが多くなると思います。担当患者さんの病歴はもちろん、その日の検査や処置にあたった患者さんの病気についてもぜひ教科書で振り返ってみてください。,218
18_069,f011,feedback,ai,記録を毎日欠かさずつけることは重要です。例えば5月13日や17日に実習がなかった理由を記載することで、実習をしっかりと反省・復習していることを示せます。患者リストについては、患者の年齢、病歴、症状の詳細を記載すると診療理解が深まります。5月15日の記録に関しては、遺伝子カウンセリングで学んだ具体的な内容（例えば、どのような遺伝子疾患について話したか、どのような家族歴を確認したか）を書き加えるとより詳細な理解が示されます。また、発表準備についても具体的な目標や取り組み方を書いてください。例えば、『次回までに関連文献を3つ読み、カウンセリングの方法をシミュレーションする』などが良いです。引き続き頑張ってください！,308
18_069,f011,feedback,supervisor,"実習および発表、お疲れ様でした。
これから、試験等大変だと思いますが、頑張って下さい。",43
18_070,f040,feedback,ai,"素晴らしい実習記録ですね！いくつか改善点を示します。

1. 記録が毎日できている点は非常に良いです。ただ、実習において経験した具体的な内容や患者とのやり取り、それに対する自身の考えや感じたことをもう少し詳細に書くと良いでしょう。例えば、「午前中の病棟実習では患者Aさんのバイタルサインを確認し、異常がないかをD先生と確認しました」など、具体的なエピソードを盛り込みましょう。

2. 学んだことは幅広い知識を吸収している点が見受けられますが、どのように学んだか、具体的なケースについても言及するとさらに良いです。「横紋筋融解については、患者Bさんの症例を通じて学びました」「抗生剤の選定に関しては、肺炎を患った患者Cさんの治療過程で学びました」と具体的に書くと良いでしょう。

この調子で頑張ってください！さらに充実した記録になるよう、少しずつ改善を続けましょう。",383
18_070,f040,feedback,supervisor,"真面目に実習されていたと思います。これからも頑張って下さい。
",31
18_071,f007,feedback,ai,"まず、記録が２日間分しか提出されていない点が気になります。臨床実習においては、毎日の学びを記録することが重要です。毎日記録を付ける習慣をつけましょう。次に書いた内容についても改善点があります。実習事項の記述は具体性に欠けています。「フィードバック」や「レポート作成」ではなく、具体的な議論内容や手技について記載すると良いでしょう。例えば、『担当患者との診療後にフィジカルエグザミネーションや薬の効果について議論』などと記述すると良いでしょう。また、学んだことと今後の課題については、抽象的な情報を具体的な内容にしてみてください。例えば、SCA6,31について、自身の理解を言葉に具体化するために、「SCA6,31は小脳運動機能を主に障害し、他のシステムに影響を与えない」と記述したり、レビー小体型認知症の反射亢進に関しても具体的な機序や臨床症状の例を挙げると良いでしょう。",386
18_071,f007,feedback,supervisor,パーキンソン病の症例を多く見るチャンスがあったので、診察も大分慣れてきていると思います。不随意運動には症状によって名称が異なりますので、レポート症例の不随意運動がジスキネジアなのか、ジストニアなのか、あるいは他の不随意運動なのかを区別して起債するようにしましょう。また、ジスキネジアはL-DOPAの内服タイミングとどう相関があるかによって生じている理由が異なるので、ジスキネジアの場合は時間帯も問診するようにしてください。,211
18_072,f020,feedback,ai,"まず、毎日の記録が途切れることなくしっかりと続けられている点は非常に良いです。これにより、日々の学びと成長を振り返りやすくなりますし、実習の効果を最大限に引き出すことができます。

ただし、特定日（例えば2024年1月9日と10日）の記録に記載が不足しています。例えば、1月9日の記録では実習内容と今後の課題が非常に簡単にまとめられています。具体的にその日の活動や初日のオリエンテーションで得た情報をもっと詳細に記入すると良いでしょう。また、今後の課題も具体的な行動目標を立てると、次回の実習で何を意識すべきかが明確になります。

例えば『1ヶ月間頑張ります』ではなく、『次の1週間で3つの新しい手技を学び、それぞれに対して少なくとも1回のフィードバックをもらう』など、具体的な目標にしてみてください。

1月11日や12日の記録では、学んだことが非常に詳細で素晴らしいです。この調子で、他の日でも同じくらいの詳細さを持って記入すると、更に良い記録になります。",430
18_072,f020,feedback,supervisor,甲状腺未分化がんは急速に増大し、時に患者を窒息死させます。未分化がんはとても恐ろしいです。,45
18_073,f014,feedback,ai,"素晴らしいことに、あなたは様々な手術を見学し、経験を積んでいるようです。以下の点に気を付けると、記録がさらに充実します。 

1. できるだけ毎日記録することが重要です。たとえば、4月2日や4日、6日の記録がありません。毎日の記録が求められていますので、忘れずに行うようにしてください。 

2. 実習内容には具体的な活動や体験を書き加えるとさらに良いです。たとえば、特定の手技を観察した感想や挑んだ実践的なタスクなどを詳しく記述すると、後から読み返したときに学びがさらに深まります。 

3. 学んだことや今後の課題を具体的に記載しましょう。たとえば、「両側肺切除の手技と術後管理について理解が深まった」とか、「今後は解剖学的構造の復習が必要」といった形で、学びや課題を記すと次のステップが明確になります。日々の進歩を実感でき、計画的に学習を進める助けになります。",383
18_073,f014,feedback,supervisor,少しずつ、実習したことを記載ください。何か見たい事ややりたいことがあれば、スタッフに伝えてくださいね。,51
18_074,f008,feedback,ai,医学生として、臨床実習に対する積極的な姿勢が素晴らしいです。実習内容や学んだこと、今後の課題をしっかりと記録している点も評価できます。しかし、いくつか改善点があります。第一に、毎日の記録の一貫性について。1月9日と1月12日に「今後の課題」が抜けている点が気になります。毎日の記録を徹底することで、自身の成長や課題がより明確になります。次に、経験したことや学んだことをより詳細に具体的に書くことが大切です。例えば、「甲状腺手術」だけでなく、どのような手技や注意点があったのか具体的に記述すると良いでしょう。最後に、今後の課題についても具体的な目標を設定してください。例えば、「ガウンの着方がスムーズでなかった」という課題に対して「翌日までに手順を練習し、次回実践する」といった具体的かつ短期的な目標を設定すると効果的です。共に頑張りましょう。,371
18_074,f008,feedback,supervisor,甲状腺未分化癌は急速に増大し、時に患者を窒息死させる恐ろしい病気です。,35
18_075,f021,feedback,ai,"この1週間の記録は非常に丁寧で、毎日の患者リストや実習内容がしっかりと記載されています。以下の点を改善すると、さらに充実した記録ができると思います。

1. 患者の症状や状態の記録について、もう少し具体的な情報を追加すると良いでしょう。例えば、倦怠感やめまいの評価に関して、主観的なスケールを使うことも考えられます（例えば、0-10の尺度で患者に評価してもらうなど）。

2. 「学んだこと」に関しては、とても具体的で良いですが、もう一歩進んでそれが臨床にどう役立つか、あるいは担当患者のケアにどう応用できるかも併せて記載すると、より実践的な理解が深まります。例えば、「MDSの予後分類を学んだので、今後担当する可能性のあるMDS患者の予後予測に役立てたい」といった具体的な応用例です。

3. 今後の課題については、記述が具体的であることが良い点です。ただし、実際にその課題をどのように達成するつもりかも少し触れると、目標がより明確になります。例えば、「マントル細胞リンパ腫の症状について、最新の文献を2〜3本調べてまとめる」という具合に具体的なアクションプランを記載すると良いでしょう。",495
18_075,f021,feedback,supervisor,CAR-T後の神経毒性の客観的な評価方法としてICEスコアというものがあるので神経症状が出現している際にはモニタリングを行ってみてください。,70
18_076,f001,feedback,ai,"素晴らしい記録を毎日続けて書いていますね！これにより、経験をしっかりと振り返ることができ、学びを深めることができます。以下の点をさらに向上させましょう：
1. 学んだことをより具体的に書くために、例えば直腸がん手術の具体的な手技や、免疫チェックポイント阻害剤が有効な場合についてもっと詳細に記載しましょう。これにより、将来の復習や理解が深まります。
2. 今後の課題については、具体的な行動計画を立てましょう。例えば「大腸内視鏡の見方について参考書を復習する」や「術式の選択について関連論文を読む」など、具体的なステップを明示すると実行しやすくなります。
今後も頑張って下さい！改善点を意識しながら実習を続けて、さらなる成長を期待しています。",321
18_076,f001,feedback,supervisor,"直腸がんのHartmann手術の選択について
・LAR症候群のリスクを考えた時に、頻便になると生活に支障が出る場合
特に介護が必要な高齢の方の場合、ストマにしてしまった方が返ってお世話しやすかったりもします。病気だけではなく、患者や世話する人のことも考慮に入れて選択します。",137
18_077,f018,feedback,ai,記録をつけることができており、詳細な医療用語も使えている点は素晴らしいです。ただし、いくつかの改善点があります。まず、患者リストについてもう少し詳細な情報（年齢、性別、既往歴など）を記載するとよいです。次に、学んだことや今後の課題も具体的に書くとよいです。例えば、腹腔鏡手術のどの部分が難しかったか、どんな復習をする予定かなどを詳しく書いてみてください。これは、後から読み返すときにも非常に役立ちますよ。,202
18_077,f018,feedback,supervisor,よく出来ています。,9
18_078,f034,feedback,ai,実習記録を毎日しっかりと記入していて素晴らしいですね。経験したことや学んだことも豊富に記録されています。次の点について改善を試みてください：1. 日々の学びや今後の課題を具体的に記述することで、振り返りがしやすくなります。例えば、『カルテ記載の具体性を高める』のではなく、『診察所見を逐一詳細に記録し、診断の根拠となる情報を明確にする』といった具体的なアクションプランを書くと良いでしょう。2. 診察や往診で得た具体的なエピソードを追加してください。例えば、「ATLの患者さんの血圧が高い理由を探るためにこういったアプローチを行った」など具体的な事例があると、次回以降その経験が活かしやすくなります。これからも頑張ってください！,314
18_078,f034,feedback,supervisor,カルテの記載方法について、習得する良い機会ですね。,25
18_079,f009,feedback,ai,"まず、毎日の記録がしっかりと行われている点は非常に素晴らしいです。実習中の経験や学んだことをしっかりと書き留める習慣は、今後の成長にもつながります。そして、実習内容についても具体的に記録されているところも良いですね。例えば、ルンバールやカイザー立会いなど、特定の医療行為について詳細に記載されている点は非常に良いです。

一方で、もう少し詳しい情報をつけ加えることでさらに良い記録になると思います。例えば、学んだことについては、具体的な事例や学んだ内容の詳細をもう少し書き加えると、自分自身の理解度の確認にもなります。「ルンバールの適応」などについては、具体的な適応症例や手技の具体的なポイントも記載してみましょう。

また、今後の課題についてももう少し具体的なアクションプランを立てると効果的です。例えば、「プレゼンを端的にわかりやすく伝えられるよう、日々の先生方の申し送りなどを注意深く聞く」という課題については、「毎日一つの症例に対して10分間のプレゼンを行う」や「プレゼンの練習を週に2回行う」など、さらに具体的な目標設定をしてみるといいでしょう。これにより、達成度の測定が可能になり、実際の成長を実感しやすくなります。",514
18_079,f009,feedback,supervisor,"今週もいろいろな学びと振り返りを共有いただき、ありがとうございます。
髄液検査は成人・小児問わず非常に重要な検査、手技ですので、しっかり復習いただければと思います。
また、NICUでの主要な検査は、内科・小児科と重なる部分が比較的多いです。
一つ一つ、教科書で見直してもらうと、大人と子ども・新生児で共通のもの、あるいは違いがあるものが見えてくると思います。
そしてプレゼンテーションを的確に行うには、病歴や病態の理解が重要になってきます。NICUは朝夕の申し送りなど、プレゼンテーションを目にする機会が比較的多い病棟です。それぞれの先生がどのようなプレゼンテーションをしているのか、ぜひ注目してみてください。",305
18_080,f010,feedback,ai,"以下の点で非常に良くできています：毎日記録を欠かさず行っている点、患者の状態を詳細に書いている点、そして学んだことや今後の課題も具体的に記述している点です。

いくつかの改善点を提案します。まず、さらに具体的に記述することでさらに学びを深めることができます。例えば、患者の症状やその影響についてもう少し深掘りして書くことが考えられます。具体的な例として、57歳男性のマントル細胞リンパ腫の患者について「手足の痺れについては具体的にどの時間帯に強く出るのか、どのような状況で増強するか」など詳細を書くと良いでしょう。

次に、実習内容についても詳細に記述する習慣をつけると更に良いです。学生回診の内容や、午後のレポートチェックがどのように行われたのか、具体的な手順や指摘事項などを記載することで、振り返りがより実践的になります。

最後に、今後の課題について具体的なアクションプランをつけ加えてみてください。「論文を読む」や「調べる」だけでなく、どの論文を読むのか、どのリソースを使って調べるのかなど、次のステップを明確にすることで実践に繋がりやすくなります。",479
18_080,f010,feedback,supervisor,マントル細胞リンパ腫の自家移植適応例と非適応での標準治療の違いについても勉強してみてください。,47
18_081,f022,feedback,ai,あなたの記録は全体として非常に詳細で、具体的な患者情報や学んだことがきちんと記述されているため、とても優れています。以下の点について考慮すると、さらに良くなると思います。まず、一部の日に患者リストの記入がありません。毎日の記録を一貫して行うことで、学習の一貫性が保たれ、後から自己評価もしやすくなります。次に、学んだことのリストは具体的で素晴らしいですが、さらに改善するためには、具体的な臨床場面でどのように学んだかも記述すると、理解が深まります。例えば、『新生児黄疸の鑑別疾患』について学んだことを記録する際に、具体的な患者ケースを挙げ、その症状や検査結果からどのように診断に至ったかを書くと良いでしょう。最後に、今後の課題はもう少し具体的にすると実践しやすくなります。例えば、『患児の状態をアップデートする』だけでなく、『患児の呼吸状態や栄養管理に関する具体的な指標を把握する』といった具体的な行動目標を設定すると良いでしょう。全体として非常に良くできており、少しの改善でもっと素晴らしい記録になると思います。頑張ってください！,466
18_081,f022,feedback,supervisor,"自主的にいろいろと勉強できていて素晴らしいと思います。今週で小児科のポリクリ2はおしまいですが、留学先でも頑張ってください。
将来的な進路や就職先選びに迷う時には気軽に相談いただければと思います。",98
18_082,f010,feedback,ai,1週間分の臨床実習記録を毎日しっかりつけている点は素晴らしいです。また、具体的な患者リストと経験したことを記載していることも非常に役立ちます。しかし、いくつかの改善点もあります。まず、学んだことについてもう少し詳細に書くことで、次回の復習時に役立ちます。例えば、カルテ記載に関する具体的学び（例：どのようなフォーマットや記載方法を学んだか）を記載するといいでしょう。また、今後の課題についても「身体診察を頑張る」のような漠然とした目標ではなく、「身体診察で心音の異常を識別する練習をする」など、具体的な目標を設定すると更に効果的です。これにより、日々の臨床実習の中での成長が確認しやすくなります。,298
18_082,f010,feedback,supervisor,カルテ記載、プレゼン共に上手になっています。訪問看護など医師以外の職種との連携についても学べて良かったと思います。,57
18_083,f001,feedback,ai,1. 記録が毎日しっかりと記入されている点は非常に優れています。実習内容をさらに詳しく具体的に記載すると、後で見返したときに役立ちます。どのようなカンファレンスに参加したのか、どのような診察を行ったのかを具体的に書くと良いでしょう。例えば「胸部の聴診」ではどのような所見があったか、「カンファ」ではどのような議論があったかなどです。\n\n2. 学んだことも大変役立つ内容ですが、もう少し具体的な詳細を加えるとさらに効果的です。例えば「動脈炎について学んだ」の代わりに、「動脈炎の診断基準や治療方法について学んだ」というふうに書きましょう。また、レントゲンの読み方についても、具体的なポイント（例えば、肺野と骨格をどう見るかなど）を加えてみてください。\n\n3. 今後の課題も具体的で非常に良いですが、これも詳細に書くとより効果的です。例えば「病棟カンファでのプレゼンを行う際にどのようなポイントに気をつけるべきか」「大動脈炎でない場合にはどのような他の疾患を鑑別診断に含めるか」など。これにより、次に行動に移すときの具体的なステップが明確になります。,477
18_083,f001,feedback,supervisor,問題意識を持ちながら実習に取り組めていると思います。,26
18_084,f040,feedback,ai,1. 記録が毎日しっかりと行われていることにまずは拍手を送ります。この調子で継続していきましょう。また、実習や学びを非常に詳細に記載されていて、非常によくできています。2. 改善点として『学んだこと』については、具体例を挙げるとさらに有効です。例えば、『動脈圧ラインの固定時に脈波を確認しながら』という記載の後に、具体的にどう行ったか、注意点、困難だった点などを記すと学びが深まります。3. 『今後の課題』について、具体的な目標や方法を記載すると実行しやすくなります。例えば、『心エコーに関してもっと理解を深めるために、具体的な文献や教材を探して学習する』という風に、具体的な行動を記載してみてください。このアプローチにより、日々の学びの質と効果がさらに向上します。引き続き、頑張ってください！,347
18_084,f040,feedback,supervisor,"今週は、NICUの基本的な手技について見学・勉強してもらえたと思います。
今週は重症な肺高血圧症の患者さんの出生もあり、その管理についても勉強してもらえたと思います。
肺高血圧の管理戦略は色々とありますが、今いる患者さんには色んな薬剤を使用しているので、
それぞれどのような機序なのか、どのような目的で使用しているかを勉強すると理解が深まると思います。
留学生と英語で積極的にコミュニケーションをとっていて、英語力にも感心しました。",216
19_085,f015,feedback,ai,お疲れ様です。記録を続けている点は素晴らしいですが、以下の点を改善するとさらに良くなります。まず、学んだことを記録してください。どのような治療が行われ、患者さんの経過や反応がどうだったか、それを学んだこととして具体的に記載すると良いでしょう。例えば、『ステロイドパルス療法が発熱と関節痛の緩和にどのように寄与するかを学んだ』という具合です。また、実習事項についても具体的なアクティビティや得られた知見を書くとより充実した記録になります。例えば、『回診で担当医が行った診察内容や指示、カンファレンスでの議論内容』などです。さらに、毎日今後の課題を記載し、それに向けた具体的なアクションプランを設けると、日々の成長が確認しやすくなります。実習期間中の学びを最大限に活かすために、これらの点に留意してみてください。,354
19_085,f015,feedback,supervisor,まじめに実習できていると思います。患者の病状の理解を進めるという目的意識を持って、日々患者の情報収集に取り組んでください。,61
19_086,f027,feedback,ai,"あなたの臨床実習記録は詳細かつよくまとまっており、特に患者の状態について具体的に書かれている点は素晴らしいです。しかし、以下の点でさらに改善ができます。

1. 毎日の記録の継続: 1週間分の記録として提示されているが、2日分しかありません。できるだけ毎日欠かさず記録するよう心がけてください。毎日の記録を行うことで、自分の成長や課題を客観的に把握することができ、学びをより深めることができます。

2. 学んだことの詳細化: 学んだことに関してもう少し具体例を挙げると、理解が深まります。例えば、「ABCDEアプローチを使った具体的なケース」のような形で記入すると、将来的に自分が参照する際に役立ちます。

3. 今後の課題の具体化: 今後の課題についても具体的な行動計画を立てるとさらに良いです。「処置を適切かつ迅速にできるようになる」ためには、何をどのように練習するか具体的に書いてみてください。例えば、「具体的な手技を週3回練習する」など、具体的な目標を設定すると達成しやすいです。

この調子で引き続き努力を続けてください。あなたの献身的な学習態度は非常に立派だと思います。",492
19_086,f027,feedback,supervisor,今週は骨髄検査を経験しました。これまでの経験が、今後の研修に活かされればと思います。また、発表スライドもだいぶ仕上がってきたように感じます。最終週も、前向きに取り組み、学びを積み重ねていってください。,100
19_087,f032,feedback,ai,まず、実習記録を行うことを継続できていてとても素晴らしいです。しかし、1週間の中で記録が完全でない日があるため、毎日の記録を徹底するように心がけてください。また、内容については、具体的で詳細な記述があるとさらに良いです。たとえば、患者リストの症状や治療経過をもう少し詳細に記載し、実習事項ではどのように血糖値測定を行ったのか、どのように指導を受けたのかを具体的に書くと良いでしょう。最後に、学んだことをもう一歩踏み込んで具体的に記述してください。例えば、『成人Still病のステロイドの減量については、急激な減量がリスクになるため、徐々に減量することが重要だと学んだ。具体的には1日X mgずつ減量する方法が推奨されている』という風に記載すると理解の深さが伝わります。引き続き頑張ってください！,347
19_087,f032,feedback,supervisor,学んだこと、活動したことを具体的に記録するようにしてください。それがご自身の成長と今後の課題をメタ認知することになります。,61
19_088,f005,feedback,ai,"素晴らしいですね！毎日の記録がしっかりとつけられている点、そして学んだことを具体的に記載している点は大変良いです。ただし以下の点を改善するとさらに良くなるでしょう。

1. 実習内容をもう少し詳細に記述すると、更に実習での学びを振り返る際に役立ちます。例えば、""""自己学習""""だけでなく、具体的に何を学習したのかを明記すると良いです。

2. 今後の課題についても具体的なアクションプランを追加すると更に効果的になります。例えば、""""脳の解剖を復習する""""だけでなく、使用する教材や学習時間を決めるといいでしょう。具体的な例として、""""毎日30分ずつ授業の復習とMRIの解析を実行する"""" といった目標設定が考えられます。

引き続き頑張ってください。この調子で学びを深めていきましょう。",344
19_088,f005,feedback,supervisor,一週目からたくさんの疾患に触れることができましたね。パーキンソン病の方を診察する時は、パーキンソン症候群で見られる症状と比較しながら診察してみてください。また患者さんは経過の長い方だと思いますので、これまで従来の薬を使用してきた経過についても問診でよく聞いてみてください。,136
19_089,f007,feedback,ai,"素晴らしい記録を続けていますね。毎日患者リストと実習内容を記録している点はとても優れています。いくつかの具体的なフィードバックを提供します。

1. **経験についての詳細記述**: 特定の実習活動や手技（例: PTやAPTTの測定方法）について、更に具体的な詳細を書いてみましょう。例えば、どのような手順で測定したのか、どのような点が難しかったのかなどを書き加えると、自分の経験をより深く理解する助けになります。

2. **学んだことの具体化**: 学んだ内容についても、もう少し具体的に書くと良いでしょう。たとえば、ICEスコアについて、基礎的な定義や適用方法、臨床での役立ち方などを書き加えると、自分の知識の定着がより確実になります。

引き続き頑張ってください！記録の改善が難しいと感じたら遠慮せずに相談してくださいね。",365
19_089,f007,feedback,supervisor,"【今後の課題】には、「注意」するために、実習上どのようにしたらよいかを考えて記載してください。
次週は最終週ですので、全体をまとめられるように（疑問の解決など含め）取り組みましょう。",91
19_090,f027,feedback,ai,実習記録を毎日つけていることは非常に素晴らしいです。いくつかの点を改善することで、さらに効果的な記録になります。まず、各項目についてもう少し具体的に書くと良いでしょう。例えば、カテーテルの仕方や心エコーのやり方について、どのような手順や技術を学んだのか具体的に記述してください。そうすることで、自分自身の理解が深まります。次に、今後の課題も具体的に書くと良いです。例えば、『今後、心電図の解析について重点的に勉強し、不明点は指導医に質問する』など、具体的な行動計画を立ててみてください。これにより、実際の行動に結びつけやすくなります。引き続き、この調子で記録を続け、実習を最大限に活かせるよう頑張ってくださいね！,306
19_090,f027,feedback,supervisor,実習頑張ってくださいね！,12
19_091,f007,feedback,ai,連日記録を行っている点は非常に素晴らしいです。詳細かつ具体的な記載がさらに求められます。例えば、学んだことに関してもう少し具体的な内容を記載しましょう。単に「イエスカルタ輸注が思ったより短かった」ではなく、その背景や理由、薬剤の特性なども書き添えると良いです。また、今後の課題については、「CRSの経過に注意」といった抽象的な表現ではなく、具体的なアクションプランを記載してください。例えば、「次回の回診ではCRSの症状評価を詳細に行い、その対応策を考える」などです。こうすることで、自身の学びと課題がより明確になり、成長の助けとなります。引き続き頑張ってください。,283
19_091,f007,feedback,supervisor,サイトカイン放出症候群によりどのような症状が出てくるか、またそのGrade別の対処法についても学んでいきましょう。,57
19_092,f002,feedback,ai,"1. 本日の記録は短く、もう少し具体的な詳細を追加することが有益です。例えば、回診や手術見学で具体的にどのような観察をしたか、どのような質問をしたかを書き加えると良いでしょう。
2. 学んだことについても具体性を追加してください。「皮膚消毒について」のみではなく、どのような手順で行ったか、どのような注意点があったかなどの具体的な知識を書き加えてみましょう。これにより、後から振り返った際に復習しやすくなります。
3. 今後の課題に関しても具体性を持たせるとよいです。例えば、「手技について復習する」に、「皮膚消毒の手技を、手順書を使って再確認する」など、具体的で実行可能なアクションプランを立てましょう。",303
19_092,f002,feedback,supervisor,"僕と一緒にいる時間は少なかったですが、そのなかでも積極性を感じました。事前学習もしているように思えたので好感です。
患者もそのような方に見てもらえて嬉しいと思います。そのスタイルは変えずに頑張ってください。",103
19_093,f016,feedback,ai,"臨床実習記録の詳細化と一貫性のある記録が非常に重要です。毎日の記録について、いくつかのポイントで改善が見られますが、さらに詳細を記載することで学びを深めることができます。

1. 毎日の記録の徹底：今回の記録では、1月23日と1月26日に実習内容を書いていますが、他の日の記載がありません。毎日の実習内容を記録することで、実習全体の流れを理解しやすくなり、学びを深めることができます。

2. 内容の詳細化：実習事項や学んだことについて、もう少し具体的な内容を記載するとよいでしょう。例えば、1月23日の「1ヶ月検診でどういったところに注目するか」の項目については、「1ヶ月検診では体重、身長、頭囲、発達の評価などを具体的に確認することが重要」と詳細に書くと理解が深まります。

全体として、細かい部分に焦点を当てて記載することで、後から見直した際に理解が深まる記録が作成できますので、引き続き頑張ってください！",406
19_093,f016,feedback,supervisor,今週も正常新生児に通ずる項目から、集中治療ならではのことまで、しっかり学んでいて良かったと思います。1ヵ月健診は赤ちゃんに異常がないかきちんと評価することとともに、家族の心配や不安を受け止める場所でもあります。医学的な面のみならず、どのように医師が説明していたかなどももう一度振り返ってもらえるとよいと思います。また、気管挿管は成人と小児、新生児で共通するところも多いです。どの科に進んでも、気管挿管は大切な手技の一つですので、ぜひ復習してもらうとよいと思います。そして残りのNICUでの実習を通じて、NICUでの呼吸管理や栄養管理をしっかり学んでいただければと思います。,286
19_094,f029,feedback,ai,"素晴らしい取り組みです！日々の学びをしっかりと記録していて、特に患者さんのリストを詳細に記入している点は非常に良いです。以下の点に注意してください。

1. 実習内容をもう少し具体的に書くと良いでしょう。「回診を行いました」という記述は情報としてもう少し具体的にしてください。例えば、どのような検査や診察を行ったのか、特に注意深く観察した点は何かなどを記載することで、自分の実践を振り返りやすくなります。

2. 学んだことについても具体例を持ち込むとより良いです。「縫合不全の経過」について学んだ内容を具体的に記載してください。例えば、「術後5日目に発生した縫合不全の症状とその対応」「治療の進行状況」などを詳しく書くと、自分の理解を深める助けになります。

元気を出してください！この調子で細かい点に気をつけて記録を続けてください。",368
19_094,f029,feedback,supervisor,実習お疲れさまでした。,11
19_095,f024,feedback,ai,"1. 記録が不完全な日があるようですが、一貫して毎日の記録を行うことが重要です。忙しい時も簡単なメモを取り、後で詳細に書き直す方法を試してみてください。それにより、自分の成長や学びの進捗を正確に把握できます。

2. 記録の中で具体的な患者情報や診療内容があるのは素晴らしいですが、更に掘り下げて詳細に記載すると良いです。例えば、具体的な患者の状態や使用した機器・薬剤についての詳細を記載することで、後で見直した時の学習効果が高まります。

3. 今後の課題に具体的な行動計画を加えると、更に実践的な記録になります。例えば、'呼吸管理と栄養管理について自分なりに考察する'だけでなく、'次回の実習で指導医に具体的な症例について質問する'や'関連する文献を3本読む'など具体的な行動に結びつけると良いでしょう。",354
19_095,f024,feedback,supervisor,各症例に応じて、その病態や治療について詳しく学んでいたと思います。また、症例発表の準備に際しては、きちんと成書を読み込んで、ポイントに沿ってしっかりまとめることが出来ていました。小児科はもちろん、他の科の実習に行った際も、今回のように病態を踏まえながら検査や治療の意義や特徴をしっかり学んでいってもらえればと思います。,159
19_096,f009,feedback,ai,臨床実習の最初の日として、とてもよくまとめられています。患者リストや担当する患者の情報が具体的に記載されており、実習内容も明確で詳細な報告が書かれています。この調子で続けていきましょう。学んだことについても具体的で、重要なポイントをしっかり理解しているのが分かります。今後の課題として、もう少し具体的にどの点に注意すべきかを記載すると良いでしょう。例えば、統合失調症の患者さんとの面談では、特定の症状や行動にどう対応するべきか、摂食障害の患者さんにはどういうコミュニケーションが有効かなどを記載すると理解が深まります。これからも毎日しっかりと記録を続け、具体的な改善点や目標を挙げることを心掛けてください。,303
19_096,f009,feedback,supervisor,問題ありません,7
19_097,f012,feedback,ai,"あなたの臨床実習記録に対していくつかのフィードバックを提供します。

まず、毎日の記録が継続されている点が非常に良いです。特に、患者の病歴や症状を詳細に記載している部分は、後で振り返るときに役立ちます。例えば、1月16日の記録で、位置覚や痛覚、振動覚の軽度低下を観察したことを詳細に書いている点は素晴らしいです。

しかし、実習内容と学んだことについては、もう少し具体的に書くと良いでしょう。学んだことについて、どのような背景でその知識が生まれたのか、具体的な例や状況を追加するとさらに良くなります。例えば、『筋疾患では問診が重要』という学びに対して、どの瞬間でその学びが具体化されたのかを記載してみてください。

今後の課題も、具体的な行動に落とし込んで書くと実行しやすくなります。『末梢神経障害を細かく鑑別するために必要な検査を把握する』という課題に対して、具体的にはどの資料を読むのか、誰に相談するのか、どんな学習方法を取るのかを書き加えると良いです。全体的に見て、記録が非常に丁寧で良好ですが、もう少し具体的かつ行動指向的に書くことで、さらに有益な学びが得られるでしょう。頑張ってください！",499
19_097,f012,feedback,supervisor,問診を取りながら、自分の中で鑑別診断を考えて、それを肯定するないし否定する症状や経過があるかをさらに深めて聞いてみてください。外来で見ていただいたように、自然に改善経過がある場合は進行性の疾患を除外することができるので、経過を聞き出すのは重要です。末梢神経障害でも、ギランバレー症候群の軽症例は1－2週間で進行した後に自然に改善する例があります。多発性硬化症もそうですが、自己免疫系の疾患は自然寛解する場合がありますので、頚椎症などに加えて鑑別にあげるとよいです。今日担当症例を増やしましたが、他にも見てみたい疾患があれば是非教えてください。,271
19_098,f010,feedback,ai,実習記録を毎日書くことが重要です。特に1月23日や24日は記録がありませんでしたので、その日の実習内容や学びを記載するように心掛けてください。日々の経験や学びを詳細に記録することで、自身の成長を実感しやすくなります。また、学んだことに関して、具体的な臨床例や患者さんの状況と結びつけるとより理解が深まるでしょう。例えば、『学んだこと』としてパーキンソニズムの鑑別について詳しく、どのようなポイントで診断を進めるのか、使用する診断基準を記載するとより具体的になります。最後に、今後の課題についても具体的な行動計画を立てると良いでしょう。例えば、『レビー小体型認知症の病態生理について関連文献を三つ読み、考察をまとめる』といった具体的な行動を記載すると、学習が進めやすくなります。引き続き頑張ってください！,351
19_098,f010,feedback,supervisor,4週間で多くの患者さんを診ていただきました。脳神経内科の診療には診察が重要ですが、それを体得いただけたかと思います。患者さんを診察する態度も熱心で大変すばらしかったです。どの診療科においても患者さんを診察することは基本であり重要なスキルです。是非これからもその姿勢で学びを続けてください。多くの症例、また難しい症例に当たるたびに、実力もついてくると思います。,179
19_099,f002,feedback,ai,"素晴らしい内容で、毎日記録を詳細に行っていることがまず評価できます。ここでいくつかのフィードバックを提供したいと思います。

1. 一部の説明がやや専門用語を使いすぎている点に注意をしてみてください。例えば、'PHクライシス'や'PVE'など、簡単で具体的な説明を補足として加えるとさらに理解が深まります。また、他の人が読む際にも理解しやすくなります。

2. 今後の課題については、もう少し具体的な行動計画を立てると良いです。例えば、『カルテをスムーズに書けるようにする』という課題に対して、『カルテ記入の時間を計り、毎日5分短縮する目標を設定する』といった具体的な方法を考えてみてください。

総じて、とても真剣に取り組んでいる姿勢が伝わり、また具体的な学びがしっかりと書かれている点が非常に良いです。この調子で引き続き頑張ってください。",371
19_099,f002,feedback,supervisor,4週間の血液・腫瘍グループのローテートを通じて、様々な患者に出会い、検査手技や症例発表についても積極的によく頑張っていたと思います。,66
19_100,f029,feedback,ai,まず、記録を毎日きちんとつけることが重要です。この日は順調に記録ができているので、その調子で続けてください。経験したこと（実習内容）の記載はありますが、具体的なエピソードや感じたこと、学んだことの詳細についてさらに詳しく記載するとより良いでしょう。例えば、 '静脈採血の手技' だけでなく、採血の過程で苦労した点や成功した点、教わったポイントなどを詳細に記載すると、後で見返した時に役立ちます。最後に、 '動脈採血の手技をする' という今後の課題も具体性を持たせると良いです。例えば、 '具体的な動脈に対する採血を練習する機会を増やす' や '先輩や指導医にフィードバックをもらう' など具体的な行動計画を記載することで、より実現可能な目標になります。,326
19_100,f029,feedback,supervisor,実習お疲れ様です。採血は働き始めたら何度も行いますが、基礎的なことをゆっくり学べる機会は少ないので、ポリクリのうちにできるだけ経験できるとよいと思います。,77
20_101,f033,feedback,ai,とても良いスタートを切っていますね！以下の点に注意して記録をさらに充実させましょう：まず、毎日記録を欠かさずに行うことが大切です。継続的な記録はあなたの学びを深める手助けとなります。次に、実習内容についてもう少し具体的な詳細を書くと、後々振り返りやすくなります。例えば、カンファレンスでどのような議論がなされたか、採血練習の中で何が成功し何が難しかったのかを具体的に記録してみてください。最後に、学んだことや今後の課題についても細かく記述することで、自分の成長を実感しやすくなります。例えば、動脈採血の手技について具体的なテクニックや注意点を記載することで、次回の実習時に役立つメモになります。この調子で続けてください！,310
20_101,f033,feedback,supervisor,カンファレンスでの発表は臨床に即した実践的な内容で私たちも勉強になりました。今後も一例一例丁寧に考える習慣を心がけてください。,63
20_102,f030,feedback,ai,"素晴らしい一週間の実習記録です。毎日記録することができないときもありますが、日々の記録が欠かせないので、全ての日付をカバーすることを目指してください。

1. 記録の詳細について: 実習事項や学んだことが具体的で良いのですが、さらに詳細に書くことで振り返りが容易になります。例えば、「乳癌部分切除オペの手技」の部分では、具体的にどの手技を学んだのか、どのような課題があったのか、どのように解決したのかを記載すると良いでしょう。

2. 今後の課題について: 課題の明確さは重要ですが、より具体的なアクションプランを示すとさらに良くなります。例えば、「縫合手技の修練」では、「1日5回の縫合練習を実施」「ビデオ教材を週1本確認」といった具体的な行動を設定すると、達成しやすくなります。

引き続き、学びと記録を兼ね備えた実習を続けてください。応援しています。",378
20_102,f030,feedback,supervisor,ついに最終週になりましたね。あともうひと踏ん張りです！,27
20_103,f029,feedback,ai,まず、記録を毎日欠かさず行うことが重要です。次に、実習内容や学んだことをより詳細かつ具体的に記載することが必要です。例えば、乳腺カンファレンスや甲状腺左葉切除の見学で具体的にどのような手技や内容があったのか、一つひとつ詳しく書いてみてください。また、学んだことについても具体的な内容を記述すると良いでしょう。例えば、乳腺術後治療では具体的な治療法やその効果、甲状腺術後合併症については具体的な合併症の種類や予防法などを詳しく書くと理解が深まりますよ。,225
20_103,f029,feedback,supervisor,手術所見をイラストで描いてもらいました。今後も続けましょう。,30
20_104,f028,feedback,ai,"あなたは実習記録を詳細に書く努力をしていますね。特に患者リストでは、症状や治療経過を具体的に記述している点が良いです。この調子で続けてください。以下の改善点を提案します。

1. 毎日記録を続けることを心がけましょう。1月17日と18日の記録が抜けています。実習がない日でも、その日の学びや感じたことを書き残すと良いでしょう。

2. 学んだことと今後の課題について、もう少し具体的に書くと良いです。例えば、腱反射を評価するコツについて具体的な手法やポイントなどを記載すると、後で見返した時に役立ちます。今後の課題についても「レポート作成に向けてこれまでの経過をまとめる」だけではなく、どのようなステップで進めるか、具体的なアクションプランを追加すると良いでしょう。

引き続き頑張ってください！今回のフィードバックを参考に、次回の記録をさらに充実させていきましょう。",384
20_104,f028,feedback,supervisor,いずれも臨床診断上、難しい症例とは思いますが引き続き頑張って下さい。,34
20_105,f007,feedback,ai,あなたが外科ユニットで参加された手術の記録に集中している点は素晴らしいです。ただし、実習記録においては毎日の記録が求められますので、欠かさず記録するよう心がけましょう。また、実習内容だけでなく、学んだことや感じたことを詳細に記載することも重要です。例えば、手術の具体的な手技や新しく学んだ解剖学的知識、また考えるべきことや改善点についても書き加えると良いですね。今後の目標を明確にし、次の実習にどのように活かすかを考えることも大切です。これにより、毎日の実習記録がより具体的で有益なものになります。,249
20_105,f007,feedback,supervisor,患者の診察、処置への参加など大変助けていただきました。実技についても少しずつ上達してきていると思います。これからもたゆまぬ努力を期待しております。がんばってください。,83
20_107,f017,feedback,ai,"1. 毎日記録を続けている点は素晴らしいです。また、学んだことに関しても具体的で重要なポイントを押さえています。ただし、一部の日は学んだことや今後の課題が記載されていないので、毎日の記録を徹底しましょう。例えば、2月21日は「学んだこと」が欠けています。毎日学びを振り返り、具体的に記録する習慣をつけると良いです。

2. 今後の課題に関して、具体的で実行可能な目標を設定することが重要です。例えば「体液貯留を改善してから退院させてあげたい」といった目標には、具体的にどのようなアプローチをとるかを追加してください。「利尿薬の投与調整や食事管理、定期的なバイタルサインのチェックを行い、体液管理を徹底する」など具体的な方策を書くと良いです。

3. 採血の課題についてですが、「ずれているところを刺してしまう」とのことでしたね。次回の実習では指導教官に具体的なフィードバックを求め、練習を積み重ねることが大切です。また、指導教官の手技を観察し、自身の手技と比較することで改善点を見つけることができます。実際に「指導教官に見本を見せてもらい、その後に自分で実践し、その結果についてアドバイスを受ける」といった具体的な方法を試してみてください。",520
20_107,f017,feedback,supervisor,実習お疲れ様です．採血も経験でき，充実しているように思います．手技は数をこなしていくうちでできるようになりますが，研修医になってからだと手順をゆっくり振り返ることも少なくなるので，今の機会にぜひ習得しておいてください．,109
20_108,f009,feedback,ai,"素晴らしい一週間の実習記録です。毎日しっかりと記録を続け、学んだことを詳細に書いている点を commendable です。以下に、さらに実習記録を改善するための具体的なフィードバックを提供します。

1. 毎日の学びだけでなく、今後の課題も記載してください。たとえば、「今後の課題」欄には、「神経学的所見の取り方を再確認する」、「症例プレゼンテーションのスキルを向上させる」といった具体的な目標を書いてみましょう。これにより、自己成長のための方向性を明確にできます。

2. 実習内容について、さらに詳細に書くことができます。たとえば、1月24日のレポート作成について、「具体的にどのような情報をレポートにまとめたのか」、「どのような方法で情報を収集したのか」といった詳細を追加することで、具体的な経験と学びがさらに明確になります。

引き続き頑張ってください。少しの工夫で記録がさらに充実し、学びが深まります。",406
20_108,f009,feedback,supervisor,自律神経障害の検査の現場を見学できたことは貴重と思われます。検査異常と、診察所見との対比も学習すると検査の意義が深まると思われます。また神経学的所見についてですが、教授や教官の所見と、自身の所見の相違についても検討されると良いと思います。患者さんにはなるべく負担のかからないように適切な態勢を取っていただくことが所見を取る上で重要な点の一つとなります。,176
20_109,f004,feedback,ai,"1. まず毎日記録を行うことは重要ですので、他の日の記録が欠けている場合は注意して継続的に記録を行うようにしましょう。特に忙しい実習の日でも、記録を怠らないことが大切です。

2. 実習内容についてもう少し具体的な内容を書くと良いでしょう。例えば、病棟回診で具体的にどのような患者さんにどのような処置や観察を行ったのか、けいれん講義で学んだ具体的な内容やポイントを記載すると、記録が更に価値あるものとなります。

3. 学んだことも具体的に記載できていますが、さらに具体的な技術や知識のポイントを盛り込むと良いです。例えば、「けいれんが来たときに準備するものが何なのか」、「症例発表のスライドの構成で参考になった具体的な点は何であったのか」を詳細に含めるようにしてみましょう。",338
20_109,f004,feedback,supervisor,"疑問を持つ、自分なりに調べ、考える、そしてわからないことを質問する。
一連の流れができていました。ぜひ小児科に戻ってきてくださいね。",66
20_110,f030,feedback,ai,"以下の点についてのフィードバックを提供します。

1. よくできている点：毎日記録を欠かさず詳細に記載している点は非常に良いです。また、学んだことについても具体的な事実や知識を明記している点が優れています。この調子で、今後も続けてください。

2. 改善点：学んだことの記載において、実際の症例や見学した手技の詳細なプロセスをもう少し詳しく書くと、将来の復習に役立ちます。また、今後の課題についても、具体的な目標や次に取り組むべき具体的なアクションを明示するとよいでしょう。

例えば、'反復神経刺激検査について詳しく学ばなければいけない' という課題に対して、'次のカンファレンスまでに反復神経刺激検査の論文を2本読む' など、具体的なアクションプランを立てることが有益です。今後も頑張ってください！",351
20_110,f030,feedback,supervisor,"最終週は抄読会や症例発表会の準備があり大変だったと思います。
末梢神経検査や退院カンファレンスなどはやや機会が少なく、今回の実習を活かしていただければと思います。
この後も1例1例、1機会1機会に対して気を抜くことなく勉強していっていただければと思います。",128
20_111,f007,feedback,ai,まず、記録を毎日欠かさず行えていることは非常に素晴らしいです！続けてください。また、具体的な手術の経験や患者との対応について詳細に書かれており、経験したことをよく振り返ることができている点も良いですね。改善点としては、2024年02月02日の記録には患者リストが欠けていますので、記載を忘れないようにしましょう。また、学んだことや今後の課題についてももう少し具体的に記載すると良いです。例えば『腋窩解剖に関する理解を深めるために具体的な書籍やリソースを参照する』や『症例発表で検討する論文を探す際の具体的な方法やアプローチ』などが考えられます。引き続き、詳細で具体的な記録を心がけてください。,296
20_111,f007,feedback,supervisor,手術では助手として積極的に術者を助けようとする姿勢がみられました。相手の意図を汲み取り思いやって助ける姿勢は手術に限らず、患者さんへの向き合い方やチーム医療にとってとても大切です。基本の気持ちを忘れずに、これからも実習を、そして医師としてがんばってください。,129
20_112,f021,feedback,ai,1. 記録が毎日行われていないようです。毎日の記録を欠かさず行うことで、振り返りや自己評価がしやすくなります。具体的な実習内容や学んだことを毎日記録するように心がけてください。 2. 実習事項について、具体的な活動内容をもっと詳細に記述すると良いでしょう。例えば、回診でどのような患者とどのようなコミュニケーションを取ったか、具体的な診察内容や学んだことなども記載すると学びの振り返りに役立ちます。 3. 学んだことについても、もう少し具体的に書くと良いです。例えば、「糖尿病の教育入院では、自己血糖測定の指導が行われており、患者自身が管理に積極的に参加することが重要である」といった具体例を挙げると理解が深まります。,309
20_112,f021,feedback,supervisor,短い期間の実習でしたが、お疲れ様でした。ルンド大学への短期留学のお話は、とても楽しく聞かせていただきました。これからも頑張って下さい。,67
20_113,f023,feedback,ai,まず、毎日の記録を欠かさず行うことが重要です。体調不良や理由がある場合も、その旨を記録することで、自分のペースや体調管理を見直すきっかけになりますね。次に、患者の経過について、詳細かつ具体的な記録ができていますが、さらに患者一人ひとりの変化や治療に対する反応も含めると良いでしょう。例えば、「インスリン投与後に血糖値はどのように変化したか」「治療への患者の反応はどうだったか」などです。最後に、今後の課題が具体的であると評価しやすくなります。例えば、「特定の疾患についての知識を深める」「特定の検査結果の見方を学ぶ」など、具体的な目標を設定し、それを達成するための計画を立てると良いでしょう。これらを意識して、次回の記録に反映させてみてくださいね。,324
20_113,f023,feedback,supervisor,病歴をわかりやすくまとめています。症例発表会で提示する際には、薬剤名は一般名で統一するとよいでしょう。各症例の検査結果の解釈や治療方針について学習していってください。,83
20_114,f016,feedback,ai,"実習記録を確認しました。まず、実習記録を毎日行うことは非常に重要です。2024年4月2日から4月6日までの間、実習記録がない日は2024年4月3日だけのようでしたが、継続的に毎日の記録を心がけてください。以下の具体的なフィードバックを提供します：

1. 患者リストには、もう少し詳細な疾患背景や治療歴などの補足情報を加えるとよいでしょう。たとえば、「40代女性、乳癌、左乳房全摘＋センチネルリンパ節生検、Stage II」などと記載することで、より具体的な理解が深まりやすくなります。

2. 学んだことの記載は非常に重要です。具体的で実践的な知識が記載されているのは良い点ですが、更に具体的な例や詳細なメカニズムの説明も含めると理解が深まるでしょう。例えば、「cvカテーテル抜去の際、仰臥位で行う理由として、座位では空気塞栓のリスクが高まるため。また、具体的な空気塞栓のメカニズムやその対処法についても学ぶこと。」と記載することをおすすめします。

3. 今後の課題については、「特になし」とするのではなく、小さな目標や関心ごとでも良いので記載するようにしましょう。たとえば、「今日のカンファレンスで理解しきれなかった点をもう一度確認する」「次回の手術見学では術前の準備について詳しく学ぶ」など、次のステップを明確にすると学びが続けやすくなります。

良い実習記録を続けていくための土台はしっかりできていますので、この調子でさらに詳細で具体的な記録を心がけてくださいね。",637
20_114,f016,feedback,supervisor,"2024年04月02日
【患者リスト】
40代女性　乳癌　左乳房全摘＋センチネルリンパ節生検
【実習事項】
カンファレンス
薬剤説明会
【学んだこと】
cvカテーテル抜去の際は座位ではなく仰臥位で行うことで空気塞栓のリスクを減少させる。
→CVカテーテル抜去の際には、空気が投下するような絆創膏ではなく、フィルムで抜去部を覆うことも重要です。

2024年04月04日
【患者リスト】
30代男性　非機能性褐色細胞腫　腹腔鏡下右副腎摘出術
【実習事項】
手術
【学んだこと】
非機能性の場合でも副腎を摘出するということ。
→非機能性でも摘出する基準は何かを調べてみて下さい。自分が患者になった場合を想定して、どのように説明されたら納得しますか？
それから、この患者さんは非機能性褐色細胞腫ではなく、骨髄脂肪腫ではありませんか？
【今後の課題】
特になし",376
20_115,f027,feedback,ai,実習記録への取り組み、お疲れさまでした。以下にフィードバックを提供します。まず、実習内容の詳細が具体的で良かった点として挙げられます。例えば、患者リストに具体的な診断名が記載されており、実習内容も午前・午後の活動に区分けされています。しかし、学んだことについては、あまり具体的ではなく、その結果から何を学んだかを示すとより良いです。例えば、『脊髄液の出るスピードは思っていたより遅かった。そのため、針を刺した際の手技の細かい調整が必要であることを実感した。』と記載することで、より学びが具体的に伝わります。今後の課題も具体的に記述することで、自分の成長に繋がります。例えば『熱型のフォローを行い、適切な対応や治療法について学びたい』と書くと良いでしょう。,327
20_115,f027,feedback,supervisor,患者さんとのコミュニケーションをよくとれていたと思います。今後の実習でも積極的に学習を継続してください。,52
20_116,f006,feedback,ai,"素晴らしい仕事です。あなたが毎日詳細で具体的な記録を続けていることは非常に良い兆候です。いくつかの改善点についてフィードバックを提供します。

1. 学んだことをもう少し具体的に書くと良いでしょう。例えば、「責任インスリンの考え方を踏まえた患者のインスリン調整について学んだ」とありますが、具体的にどのような調整を学び、それがどのように患者に影響するのかを書くとさらに良くなります。

2. 今後の課題も具体的に設定しましょう。例えば、「血液検査の結果を待って、インスリン分泌能を評価する」が良いですが、具体的に何を評価するのか、どのように次のステップに進むのかも書き加えるとさらに理解が深まります。

全体として非常に良い仕事をしているので、この調子で頑張ってください！",336
20_116,f006,feedback,supervisor,"実習記録拝見しました。今回は比較的よくある2型糖尿病の方ですね。これはこれでよい経験になると思いますから、試験勉強を優先しつつ、この患者さんの勉強もすすめてください。
スライドはとてもよくできており、J先生のサポートはあったとしても本質的には岩田先生のものですから、あとは落ち着いて堂々と発表すればよいと思います。質問を受けたら焦らず、よく考えて、自分の知識からなにか返事をするといいと思います。
須賀英隆",203
21_117,f007,feedback,ai,記録をしっかり行っている点、そのたびに新しい理解を得ている点は素晴らしいです。ここからいくつか改善の提案をさせていただきます。まず、特定の日に何も書かれていない部分があります（例えば2月6日午後の実習事項）。情報を記載するか、記載が難しい場合はその理由を明示するとよいでしょう。また、学んだことを具体的に書いている日もある一方、少し曖昧な日もあるようです（例えば2月7日の「心房細動」について）。具体的にどのような知識や技術を身につけたのか（例えば、心房細動の診断や治療の流れ、特定の薬剤について学んだことなど）を書きましょう。さらに、「今後の課題」についても具体性を持たせると良いです。同じ課題が繰り返されているので（例えば2月9日の「クリニカルスケール」と「心不全の治療」）、どの部分を強化したいのか、あるいはどの具体的な手順や方法を学ぶ予定なのかを記載するとさらに良くなります。ご自身の成長が明確に見える記録を続けてください。頑張ってください！,425
21_117,f007,feedback,supervisor,実習お疲れ様です．一般的な評価ツールでも，認知症を有する患者さんには難しいものがあります．目のまえの患者さんに適応できるか見極められるようにしてください．,77
21_118,f011,feedback,ai,"臨床実習記録を継続的につけている点は素晴らしいです。以下の点についてフィードバックを行います。

1. **具体性を増す**：実習内容や学んだことをより具体的に記述すると、自分の理解度や改善点が明確になります。例えば、「回診」ではなく「回診中に特定の患者の病態を理解するために行ったことやその結果」を書くと良いです。

2. **明確な学びの記述**：学んだことを書く際には、具体的な知識や技能について記載すると良いでしょう。「症例紹介の発表の仕方」ではなく「具体的にどのようなポイントに注意を払うべきか」を書くと、自身が得た知識を再確認できます。

3. **課題の具体化**：今後の課題については、具体的なアクションプランを盛り込むと目標達成がしやすくなります。例えば「病態の理解度を上げる」ためには「関連する文献を週に3本読む」や「毎日指導医に疑問点を質問する」などです。

全体的に、実習記録は非常に有益ですが、より具体的な情報を追加すると更に良くなると思います。今後も頑張ってください。",448
21_118,f011,feedback,supervisor,"心カテ、救急外来でも意欲的に参加していました。
心電図読影も成長が見られました。
内科会では受け持ち症例の発表をしてもらいましたが、多彩な質問があり、プレゼンの仕方や病態把握などにレベルアップが必要だと感じたと思います。2/1の発表会では成果が出ていました。
",130
21_119,f026,feedback,ai,"あなたの記録にはポジティブな要素が多く、特に毎日しっかりと記録が取れている点は素晴らしいです。また、学んだことを振り返り具体的に書こうとしている点も良いですね。同時に、少し改善するとさらに良くなる点もあります。

1. 実習事項や学んだことをもう少し具体的に書くと良いでしょう。例えば、「ICのやり方」という記述を「IC（インフォームドコンセント）では、どのように患者に説明し、どのような質問に答えるか学んだ」といった具体的な内容にすることで、後で見返すときに役立ちます。また、スライド作成についても、どの点が特に役に立ったかや学んだテクニックについても詳しく書いても良いでしょう。

2. 各日の「今後の課題」ももう少し具体的に設定してみてください。例えば「スライドを修正する」ではなく、「スライドのデザインを改善し、より分かりやすくする」や「カルテ記載、プレゼンを頑張る」ではなく、「カルテの記載方法を復習し、効率的に書けるよう工夫する」など具体的で実行可能な目標にすることで、自分の成長に繋がります。これらの改善によって、あなたの記録がさらに有意義で参考になるものになるでしょう。引き続き頑張ってください！",506
21_119,f026,feedback,supervisor,"プレゼン、診察などしっかりできています。他の職種の仕事について理解が深まったかと思います。
",46
21_120,f004,feedback,ai,"まず、2月5日の記録について、よく記録されている部分と改善すべき点があります。
1. 今日実行した具体的な医療行為（例：患者の問診、診察手順など）をもっと詳細に記録すると良いでしょう。例えば、「心電図の取り方」や「病歴聴取の具体的な質問内容」などを記述してください。
2. 学んだことについては、具体的な事例や知識を含めて記載することで、後から振り返りやすくなります。例えば、「心窩部痛の鑑別として、消化器病変、心疾患、精神的要因の可能性を考慮することが重要である」といった具体的な学びを追加してください。
全体的に記載は良好ですが、日々の記録をもっと具体的にすることで、将来の振り返りや勉強に役立つものになります。その調子で、他の日の記録も詳細に記載していきましょう。今後の成長を楽しみにしています。",351
21_120,f004,feedback,supervisor,収縮期雑音の鑑別を、実際の患者さんの聴診と心エコー結果から鑑別を考えて頂きました。胸腹部大動脈瘤の保存的な管理についてガイドラインを調べ、適切な管理ができているか考察して頂きました。診療録の記載も適切でした。,104
21_121,f014,feedback,ai,"1. 良い点として、患者リストに病名や治療内容が具体的に記載されているので、自分が関わった症例について振り返りやすいです。ただし、実習事項や学んだことについても、もう少し具体的に記述するとよいでしょう。例えば「臍帯動脈について」ではなく「臍帯動脈の機能や病変の影響について学んだ」といった具合に。その方が後で復習する際に役立ちます。
2. 課題に関しても、今後の学習計画や具体的な取り組み方法を記載すると効果的です。たとえば「エクモの適応について学ぶ」だけでなく、「エクモの適応について文献を調べ、理解度を確認するためにプレゼンを準備する」など、具体性を持たせるとよいでしょう。それにより、何をどう学ぶべきかが明確になります。
3. 記録が休みの日も含めて毎日行われており、習慣として定着しているのは非常に良いことです。これを継続し、さらに記録内容を詳細かつ具体的にすることで、実習の成果を最大化できます。",403
21_121,f014,feedback,supervisor,担当患者に関して、毎日回診し急性期から慢性期まで経過を見ていただくことで、疾患の治療や評価のみならず、退院に向けての取り組みや流れまで、幅広く体験していただけたのではないかと思います。自主的に、Sarnat分類やTompsonスコア、海外文献をもとに児の重症度や予後を予測していただいた点も良かったと思います。小児の治療は家族の協力が不可欠ですので、患者家族との接触する機会がもっと取れるとより良かったと思います（この点はそのような場を設けることができなかった我々の不手際でもありますが）。今回の実習で学んだことを、単なる知識として終わらせることなく、貴重な経験として医師になった後にも役立ててもらえると嬉しいです。また、症例発表でのスライド・発表は、内容・時間配分ともに非常に良かったと思います。今後の学会発表などに役立ててください。,368
21_122,f035,feedback,ai,"臨床実習記録においては、一貫して詳細な情報を提供していることがうかがえます。以下の点を改善することで、さらに記録の質を向上させることができます。

1. **連続性を持たせる:** 記録が2日にわたっている点は良いですが、毎日の記載が求められているため、毎日欠かさず記録を行うよう心がけてください。特に土日を跨ぐ際にも、週末の間に学んだことや読んだ文献の内容を記録することで学びを深めることができます。

2. **具体的な観察内容と学び:** 患者の症例については非常に詳細に記述されていますが、特に学んだことに関しては具体的なエピソードや学んだポイントを明確に記述することが求められます。例えば、「貧血の分類については特に鉄欠乏性貧血と巨赤芽球性貧血の違いを学んだ」など、具体例を挙げると記録がより充実します。

総じて、記録の質は高いですが、さらに細かい部分まで記述することと、連続的な記録を保持することで一層の学びが期待されます。頑張ってください。",428
21_122,f035,feedback,supervisor,CAR-T後の毒性のgradingとgrade別のマネジメントにASTCTコンセンサスガイドがあるので学習して下さい。,59
21_123,f027,feedback,ai,非常に良い点として、特定の日付の実習内容や学んだこと、今後の課題について具体的に記載されている点が挙げられます。しかし、いくつか改善点もあります。1つ目として、毎日の記録をより一貫してつけることが重要です。例えば、実習があったすべての日について記録を残すことで、より全体の実習の振り返りがしやすくなります。2つ目として、患者リストにはもう少し詳しい情報を記載することが推奨されます。例えば、年齢や具体的な症状、治療の概要などを追加すると、後で見直した際に役立ちます。3つ目として、学んだことや今後の課題に具体的な行動計画を含めると、次のステップが明確になります。例えば、'小児の回診では親にいかに信頼されるか'については、具体的にどのようなアプローチを試してみたいかを記載すると良いでしょう。全体的には良く書けており、引き続き改善を続けながら学びを深めてください。,382
21_123,f027,feedback,supervisor,診察やディスカッションに積極的に参加してくださっています。これからもどんどん質問してください。,47
21_124,f017,feedback,ai,"あなたの臨床実習記録は非常に詳細で、多くの具体的な経験と学びが記載されていることを評価します。ただし、改善点もいくつかあります。

1. 記録の日付が毎日入力されていないようです。連続して記録を取ることで、自身の学びをより深く理解しやすくなりますし、振り返りもしやすくなります。毎日の記録を心掛けてみてください。

2. 学んだことや今後の課題がもう少し具体的であると、あなた自身の成長がさらに促進されます。例えば、「バビンスキー反射の取り方の復習」という記載には、具体的な手法や注意点を詳述するとよいでしょう。同様に、今後の課題として「生活歴の聴取」とありますが、具体的な質問内容やポイントを明確にすることで、次回の実習にすぐに役立ちます。

あなたの熱心な姿勢は素晴らしいです。これからも一層努力し、具体性と詳細さを意識して記録を続けてください。きっと多くのことを学び取り、成長できるでしょう。",399
21_124,f017,feedback,supervisor,おつかれさまでした。この実習が先生にとって前向きな効果をもたらすことを願っています。昨日の発表は、発表態度も質疑応答もよくできていました。,69
21_125,f020,feedback,ai,毎日記録を続けている点は非常に良いです。また、患者リストの記載が詳細で具体的なのも素晴らしいです。改善点としては、学んだことと今後の課題についてもっと具体的な内容を記載するとさらに良くなります。例えば、学んだことにおいて「肝芽腫はどのように診断し治療するのか」についても触れると理解が深まります。今後の課題についても、「どのようにして血液疾患の病態を把握し、区別するのか」を具体的に記載すると実行に移しやすくなります。引き続き頑張ってください！,222
21_125,f020,feedback,supervisor,患児の状態や症状を把握し、日々の回診を取り組まれている様子がうかがえます。実習を通じて、観察力や患児とのコミュニケーション能力も身につけることができると思います。医学的な知識だけでなく、どうやって患児やその家族とコミュニケーションをとるか、また説明しているかについても振り返ってみましょう。,145
21_126,f035,feedback,ai,"素晴らしい取り組みを続けていることに感謝します。以下のフィードバックを参考にさらに改善を図りましょう。

1. 毎日記録をしっかり続けていることに感心しました。ただし、2024年2月22日の記載では24歳男性の患者情報が抜けているようです。患者リストは毎日全ての患者について更新しましょう。また、実習内容に関する具体的な時間や場所、どういう対応が行われたかを詳細に記載するとより良いです。

2. 学んだことは具体的な症例や観察内容だけでなく、それが臨床実践にどのように役立つか、自分の成長にどのように寄与しているかも掘り下げて記載するとさらに理解が深まります。例えば、どんな質問が子供にとって答えやすいかを具体的に書いたり、特定の対応が患者にどのように影響を与えたかを明確に示すと良いでしょう。

総じて、きちんと記録を取る姿勢は素晴らしいです。今後も同じ調子で、さらに詳細に記録を続けてください。",400
21_126,f035,feedback,supervisor,初診の診察の様子をよく観察されており、必要な研修をしていただけたと思います。,38
21_127,f004,feedback,ai,まず、毎日の記録を欠かさずつけている点はとても素晴らしいです。これにより自分の学びの進展をしっかりと確認できます。次に、経験した内容や学んだことについて具体的な記述がある点も良いです。特に新生児の挿管手順の違いや一酸化窒素吸入療法について具体的に言及していることは、理解の深さを示しています。改善のために、おすすめしたい点が2つあります。1つ目は「学んだこと」に具体的な事例や自身の感じたことを加えることです。例：「新生児の挿管手順を学んだ際、成人とどう異なるか具体的な手技を比べてみてどのように感じたか」。2つ目は「今後の課題」を明確に記載することです。例えば、点滴の計算や新生児の診察に関して、どの部分で自信が持てないか、あるいはさらに学びたい部分を具体的に挙げると良いでしょう。,342
21_127,f004,feedback,supervisor,"担当してもらっている早産児の経過をしっかりと評価できています。
今週は重症児の出生もありましたのでいろいろと勉強になることが多かったと思います。留学生とも積極的にコミュニケーションを取っており感心しました。
少し慣れてきたかと思いますので、来週は担当している早産児について、「早産児特有の合併症」、「多胎児特有の注意点」といったことを勉強できると良いと思います。
来週（2/14）には重症の先天性肺気道奇形（CPAM：Congenital Pulmonary Airway Malformation）の出生が予定されています。週明けに少し疾患について予習しておいてもらうと理解がしやすいと思います。",299
21_128,f019,feedback,ai,1. 記録を毎日欠かさず行うようにしましょう。フィードバックが1日分しかないため、他の日についても記録を残すことが大切です。実習内容、学んだこと、今後の課題を詳細に記載することで、自己評価と成長の確認がしやすくなります。例えば、各患者の状態や背景についての具体的な記述があるとよいでしょう。 2. 今後の課題として具体的な目標設定を行うともっと良いです。例えば、「次回の面談では患者の主訴とそれに対するアプローチ方法について事前に準備する」「看護師との情報共有のあり方を自分なりに考える」など、具体的で実行可能な目標を設定しましょう。 3. 細かいポイントとして、実習内容や学んだことをもっと詳細に書くと良いです。例えば、リエゾンカンファレンスで学んだ具体的な内容や、移植カンファレンスで取り上げられた症例について触れると、理解の深さがより明確になります。記録することで、後々役立つ情報となります。,399
21_128,f019,feedback,supervisor,診察に陪席し学ぶべきことを学んでもらいました。,23
21_129,f015,feedback,ai,"臨床実習記録を詳しく記入していること、とても素晴らしいです！以下の点を参考にして、さらに充実させていきましょう。

1. **記録の継続性**: 毎日記録をつけることが重要です。今回2月6日のみの記録でしたので、他の日の出来事や学びも継続して記録する習慣をつけましょう。

2. **学んだことの具体性**: 学んだことについてさらに具体性を持たせると良いでしょう。例えば、病棟内のスタッフ間の情報共有について、どのような方法やツール（例：電子カルテ、定期会議など）が使われているのか、具体的に記述することで、後から振り返りやすくなります。

3. **今後の課題の明確化**: 今後の課題では、もう少し具体的なアクションプランを立てると良いです。例えば、「患者Aさんには落ち着いた声で話すよう心がける」、「患者Bさんには食事に関するアドバイスを積極的に行う」など、具体的な行動目標を書いてみてください。

全体的にしっかりとした記録ができているので、これからも継続して努力を続けてください！",446
21_129,f015,feedback,supervisor,診察に陪席し学ぶべきことを学んでもらえたと思います。,26
21_130,f027,feedback,ai,"臨床実習の記録をしっかりと続けていることが素晴らしいですし、毎日新しい学びを得ている点が良いですね。以下の点を意識するとさらに記録が充実するでしょう。

1. 学んだことの具体化: 学んだことをもう少し詳細に書きましょう。例えば、『見学中にコードブルーでCPRをしているところに遭遇した』では、どのような対応が行われたのか、何が特に印象的だったかを具体的に書くと良いでしょう。また、『担当患者の経過が良好』という記述は具体的にどう良好だったのか（例: 症状の変化、患者の反応）を記載するとさらに深まります。

2. 今後の課題の具体化: 今後の課題をもう少し具体的に書くとよいです。例えば、『新たに担当となった患者の行った検査、その結果について学ぶ』とありますが、どの検査なのか、どのような結果を期待しているのか、といった具体的な点も記載すると、次にどのように行動すべきかがより明確になります。その上で、次のステップに向けた具体的な計画も立てやすくなります。

今後とも頑張ってください。これからも新しい経験や学びを楽しみにしています。",468
21_130,f027,feedback,supervisor,"前向きに取り組んでもらっているようで何よりです。
今週後半の実習内容を、02/17(土)一杯までに小笠原までメールでお知らせ下さい（k-ogasawara@med.nagoya-u.ac.jp）。
引き続き、よろしくお願い致します。",116
21_131,f024,feedback,ai,"素晴らしい臨床実習記録です！毎日きちんと記録を行い、実習事項も詳細に書かれているため、学習した内容や経験がよくわかります。いくつかの改善点を提案します。

まず、【学んだこと】についてはもう少し具体例を交えるとさらに良いです。例えば、「緩和ケアで具体的な対処法や使用した薬剤について」や「どのようなコミュニケーションが有効だったか」などの具体例を追加すると、後で振り返った時に役立ちます。

次に、【今後の課題】に関しても具体的なアクションプランを加えるとさらに効果的です。例えば、「リエゾンカンファで〇〇の症例について質問する」や「面談時に必ず〇〇について確認する」といった具体的な目標を立てると良いでしょう。

引き続きこの調子で取り組んでください。訪問病床数や具体的な会話の内容など、記録に追加できる具体例を増やすとより詳細で有益な記録が作れます。頑張ってください！",386
21_131,f024,feedback,supervisor,問題ありません,7
21_132,f001,feedback,ai,一週間の実習記録を確認しました。記録がしっかり取れている点は評価できますが、いくつかの点でより詳細かつ具体的な記録が必要です。1つ目は、学んだ内容を具体的に記載することです。例えば、『ホフマン反射』について学んだことについて、その意義や臨床での活用方法、実際にどのように反応を確認したかを書いてみてください。2つ目は、毎日の記録の充実です。例えば、02月07日の記録では患者リストと神経診察の内容に関する情報が不足しています。何を観察しどのように診察を行ったのか、また患者の状態はどのようであったかなど具体的に記載しましょう。3つ目は、今後の目標も具体的に設定することです。今週の実習を振り返り、自分がさらに学ぶべき点や改善すべき点を書き出し、それを目標として設定してみてください。これによって、自分の成長を客観的に確認できるようになります。これからも頑張ってください！,385
21_132,f001,feedback,supervisor,トレムナー反射とホフマン反射は混同してしまいがちなので、しっかり学習できて良かったですね。どんな疾患で陽性になるでしょうか。健常者でも病的反射がみられることがあるので注意が必要です。他にも病的反射がいくつかあるので確認してみてください。神経学的検査は最初は流れに沿って丁寧に、慣れてきたら問診の中で診るべきポイントを確認して効率的にかつ見逃しがないように行えると良いです。,186
22_133,f002,feedback,ai,素晴らしい実習記録を残しています。いくつかの改善点をご提案します。まず、毎日の記録に関して、できるだけ毎日記入するよう心がけてください。正確な記録は後で振り返る際に非常に役立ちます。また、実習内容をもう少し具体的に記載すると良いでしょう。どんな手順を見学したのか、特に印象に残ったポイント、医師やスタッフとどんなやり取りをしたかなどを追加してください。例えば、'右肺癌に対するRATS右肺S3区域切除術・中葉切除術・下葉部分切除術を見学し、特にS3区域切除の難しさと効果を学んだ。術後の管理についても知識を得た'といった具体的な記述があるとよいでしょう。次に学んだことや今後の課題も書く習慣をつけましょう。これにより、あなたの成長が見える化され、次の目標設定がしやすくなります。,339
22_133,f002,feedback,supervisor,呼吸器外科学、呼吸器外科診療への理解が深まってきていると思います。気軽にスタッフに質問をしたりして、学習を継続していってください。,65
22_134,f031,feedback,ai,"まず、1週間を通じて毎日の臨床実習記録をきちんと続けていることは素晴らしいです。以下のフィードバックを参考に、さらに実習記録を充実させましょう。

1. 各項目をもう少し詳細かつ具体的に記述するとよいです。例えば、""""学んだこと""""に関して、単にMMSEを覚えたのではなく、MMSEのどの部分が難しかったのか、またどのように理解したのかも含めるようにするとよいでしょう。同様に、採血や点滴の難しさについても、具体的な困難点やその解決策などを記述するとさらに教育的な記録になります。

2. 今後の課題についても具体性を持たせましょう。例えば「カンファレンスで的確に情報をつまんで説明することが難しい」と感じている場合、その原因や改善策についても考えてみると良いでしょう。例えば、「事前にカルテをしっかり読み込み、要点をメモする」「カンファレンスでの発言の機会を少しずつ増やしてみる」などの具体的な対策を加えると、より実行可能な目標となります。

引き続き、しっかりと記録をつけ、経験や学びを深めていくことを期待しています。",461
22_134,f031,feedback,supervisor,実習お疲れ様です．これから担当症例が増えると思いますので，入院時記録やMMSEなどを復習しておいて下さい．,53
22_135,f024,feedback,ai,"実習記録に関して、とても良い点がいくつかあります。まず、毎日欠かさず記録を行っていることは素晴らしいです。また、経験したことや学んだことを具体的に記載している点も評価できます。ただ、さらに良くするためにいくつかのポイントを提案します。

1. 実習内容の詳細さを向上させる：午前や午後の各活動についてもう少し詳細に記載することで、後から振り返ったときの理解がより深まります。例えば、講義の具体的な内容や議論された主要なポイントなども併せて書いてみてください。

2. 学んだことや今後の課題の具体性をさらに向上：学んだことは十分に具体的ですが、それを実際にどのように活用するかについても書くとより良いです。今後の課題については具体的な行動計画やタイムラインを記載すると、達成が容易になるでしょう。

引き続きこの調子で記録を継続してください。具体例として、",378
22_135,f024,feedback,supervisor,たくさんの症例を丁寧に診察できていますね。パーキンソン病の方がなぜ転倒してしまったか、原因と予防法について考察してみてください。ALSの方とCIDPの方で筋萎縮の場所はどのように異なるでしょうか。また経過に違いはあるでしょうか。疾患間で比較してみてください。,129
22_136,f030,feedback,ai,"あなたの記録は非常に詳細で、どのような経験をしたか、何を学んだかが具体的に表現されています。また、毎日の記録がしっかりと行われている点も素晴らしいです。この点は引き続き続けてください。一方で、改善点もいくつかあります。例えば、今後の課題についてはもう少し具体的なアクションプランを設定することをお勧めします。たとえば、「NPPV, IPPVの適用について調べる」ではなく、「文献リサーチを行い、具体的な適用事例を3つ見つけてまとめる」といった形が望ましいです。また、学んだことも、どのように実際の診療に応用するかをもう少し具体的に記述すると、今後の実習に役立つでしょう。「どのような神経が障害されているかを学んだ」だけでなく、「次回の診察でその知識を使い、具体的な検査方法を試してみる」といった形です。これらの点を踏まえて、次回からの記録をもう少し具体的に書いてみてください。全体的には非常に良くできていますので、その調子で頑張ってください。",421
22_136,f030,feedback,supervisor,一つ一つの症例を深く調べられていますね。腱反射についてはまた練習してみてください。ALSの方で気管切開を行い人工呼吸器の装着を行うかどうか、患者さんと家族に説明ししっかり考えてもらうのはとても大切なことです。今回の症例の方はALSと診断されたときにはすでに認知機能低下が進行しており、ご本人の意見を伺うことができませんでした。そのような場合はどのように決めていけば良いでしょうか。,190
22_137,f002,feedback,ai,"あなたの臨床実習記録は非常に詳細で、日々の実習内容や学びが具体的に記されている点がとても良いです。特にルート取りや呼吸音に関する注意点など、実践的な学びがしっかり書かれているのは素晴らしいです。いくつかのフィードバックを提供します：

1. **患者リストの詳細化**: 患者の状態や経過についてもう少し具体的な情報を記載することで、記録がさらに充実します。例えば、「イオン化Ca高く、低リンが懸念」とある場合、具体的な数値やそれが患者の臨床状態にどう影響しているかを追加すると良いでしょう。

2. **学んだことの内省**: 学んだことの中で疑問に思った点や理解が深まらなかった部分についても言及し、それを今後どう解決するかを考えることで、より深い学びにつながります。例えば、「看護師さんが泣き止ませた理由についてさらに調べ、次の機会に自分で試してみる」など。

3. **今後の課題の具体化**: 今後の課題は具体的かつ達成可能なものにすると、実際に取り組む際の指針になります。例えば、「明日こそは採血の見学につく」では具体的にいつ、誰にお願いするのか、どのような手順で実施するのかを考えておくと良いでしょう。

これからも実習での学びを大切にし、日々の経験を記録とともに深めていってください。応援しています！",558
22_137,f002,feedback,supervisor,"今週も積極的にスタッフに質問し勉強している姿が見られました。
超音波検査はNICUではよく行う検査です。検査しているところに近づいていって、その度に一緒に見て、正常画像をたくさん見ておくと、異常がより理解しやすくなるかと思います。
担当症例の勉強も頑張ってください。
会議室に置いていただいた手作りのお菓子、ありがとうございました。おいしくいただきました。",178
22_138,f002,feedback,ai,毎日の記録について、いくつかの点を改善するとさらに良くなるでしょう。まず、記録がない日がある場合は、何があったのか簡単に記録してください。例えば、「午前中は講義のため、臨床実習はお休み」などと記載するだけでも意味があります。次に、学んだことや実習内容について、もう少し具体的に書いてください。例えば、「ALLで中枢神経浸潤がある場合の症状や治療の詳細」や、「回診中の具体的な観察ポイント」などです。また、今後の課題も具体的かつ詳細に書くと良いでしょう。「発熱性好中球減少症の経過観察に加え、具体的な観察方法や必要な知識（例えば、血液検査のポイント）」などを記載すると良いです。これからも実習頑張ってください！,304
22_138,f002,feedback,supervisor,"中枢神経浸潤に対する治療について調べてみましょう。
マントル細胞リンパ腫の患者さんは、前回化学療法時に発熱性好中球減少症を合併しています。予防として行っていることを確認してみてください。",93
22_139,f031,feedback,ai,あなたの臨床実習記録は非常に詳細で、日々の実習で学んだことや患者の経過についてよく記載されています。この調子で続けてください！いくつかのポイントについてさらに改善すると良いでしょう: 1. 毎日の記録を確実に続けることが重要です。2月16日の記録には「今後の課題」が記載されていないので、この項目も忘れずに記載しましょう。2. 学んだことをもう少し具体的に記載することができます。例えば、「グルコン酸カルシウムの静脈注射」の具体的な投与方法や量について触れるとより理解が深まります。3. 具体的なフィードバックを記載すると、今後の学びに繋がります。例えば、「利尿薬（アジルバとサムスカ）についてもっと詳しく研究します」などです。これからも頑張ってください！,328
22_139,f031,feedback,supervisor,朝のカンファレンスではプロブレムごとにわかりやすくまとめられています。特に数値も具体的にあげられているのでわかりやすいです。引き続き頑張ってください。,75
22_140,f011,feedback,ai,お疲れ様です。1週間の臨床実習記録の確認が完了しました。まず面談について記録されていますが、実習の内容や学んだことをもう少し具体的に書くことで自分の成長を把握しやすくなります。例えば、どのようなケースの面談だったのか、患者さんとのコミュニケーションで気をつけた点や感じた課題について具体的に記載すると良いでしょう。また、毎日記録をつけることで自分の成長や振り返りがしやすくなりますので、欠かさず行ってください。,205
22_140,f011,feedback,supervisor,この実習コメントは、高橋が2/14（水）に訪問実習指導した際に、和田君が高橋と一緒に確認しながらテストメールとして送ってくださったものです。先週中に和田君が記録をしようと試みた際「実習期間外です」と表示がでて送信できなかった事象があったとのことでの対応です。コメントができることが分かりましたので、和田君におかれましては、記録の再開をお願いいたします。,176
22_141,f042,feedback,ai,"あなたの臨床実習記録を確認しました。以下の点を考慮してみてください。

1. 記録の充実度: 各日の記録が全体的に簡素にまとめられています。例えば、具体的にどのような内容の講義や診察が行われたのか、何を学んだのか、どのようなポイントが印象に残ったのかをもう少し具体的に書いてみてください。たとえば、パーキンソン講義の日には、症状として見られる具体例や治療法についての新たな知見を記述することで、記録がより充実します。

2. 学んだことの記入: 各日の実習から学んだことをしっかりと振り返り、記録してください。学んだことは、自分の理解を確認し、次回実習へのフィードバックとしても役立ちます。たとえば、「F先生との診察を通じて、入院患者の病歴の聞き方や診断のアプローチについて具体的な方法を学んだ」と記述すると良いでしょう。

3. 今後の課題の明確化: 今後の課題として、具体的なスキルや知識の向上目標を設定しましょう。例えば、「次回は認知症の患者さんとのコミュニケーションスキルを向上させる」、または「脊髄炎の治療プロトコルを詳しく学ぶ」といった課題設定が考えられます。これにより、実習がより有意義で体系的になります。

実習内容が多岐に渡る中で、新しい知見を得たり、具体的な経験を積んでいることは素晴らしいです。今後も意識して詳細な記録を心がけてください。",580
22_141,f042,feedback,supervisor,認知症については新薬についても学習したでしょうか。神経内科は診断するのが難しい疾患や、治療法がまだ開発されていない疾患もありますが、研究が非常に盛んでこの数年でも新たな治療法が生まれた疾患が複数あります。学んだこと、今後の課題も記載してください。,123
22_142,f026,feedback,ai,良くできている点として、毎日の詳細な記録をつけることができており、自分の経験を具体的に記述している点があります。特に、学んだことについて具体的なケースや手技に基づいた反省点と改善点を明示していることは非常に良いです。また、今後の課題についても具体的で実行可能な目標が設定されている点も評価できます。以下の2つのフィードバックを参考にしてください： 1. 毎日記録をつけること自体は素晴らしいのですが、記録が欠けている日があります。例えば、2月20日と2月22日の記録が欠如しています。毎日の記録を継続的に行うことで、自分の学びの進捗や課題をより一層把握しやすくなります。大変な時もあるでしょうが、毎日の記録をできるだけ欠かさないように心掛けましょう。 2. 経験や学びを記述する際に、もう少し具体的なデータや数値を使用するとより良いです。例えば、『動く保育器の中で患者の横から手を入れてマスクを密着させるのが予想以上に難しかった』の部分で、具体的な事例やその時の状況、どの程度の時間がかかったのかなどを追加すると、より具体性が増し、後で振り返りやすくなります。これにより、自身の成長を具体的に確認できるでしょう。今後もこの調子で学びを深めながら、細部にまで気を配った具体的な記録を続けてください。,548
22_142,f026,feedback,supervisor,"今週もお疲れ様でした。heel cut採血やマスク換気の手技等、NICUでの手技を経験してもらえてよかったです。
どちらもコツがあり、採血では溶血させないように、足が黒くならないように採血する方法、マスク換気では漏れないように効率的に換気する方法を残りの期間にさらに経験・勉強してもらえるとよいかと思います。
発表スライドも、アウトラインはよいので、作り込みを頑張ってください。",189
22_143,f002,feedback,ai,"臨床実習の記録を毎日詳細にまとめてくださり、お疲れ様でした。以下のポイントに関してフィードバックを提供いたします。

1. **記録の継続性と一貫性**: 基本的に毎日の記録がしっかりと行われており、学んだことや課題を詳細に記載している点は素晴らしいです。これにより、自己評価と復習がしやすくなっています。

2. **具体的な学びと対応方法の記載**: 実際に経験した具体的な症例や技術についての学びが詳細に書かれている点も非常に良いです。特にエコーの技術や頻脈の対応法についての理解が深まりましたね。今後も関連する手技や症例に対して詳細なフィードバックを記録することをお勧めします。

3. **今後の課題の明確化**: 今後の課題について具体的で実行可能な内容が記載されていますが、さらに具体性を持たせると良いです。例えば、「エコー手技中の先生方の手元をよく見てどう当てているかを確認する」とある場合、「3回以上観察し、メモを取る」などの具体的な目標を設定すると、更に達成しやすくなります。

全体として、非常に充実した記録となっており、自分自身の成長を実感できる内容です。今後も引き続き、具体的で実行可能な目標を設定しながら、記録していってください。",529
22_143,f002,feedback,supervisor,"４週間お疲れ様でした。
最後まで積極的に実習されていました。
症例発表もしっかりできていました。
また是非、小児科医として戻ってきてくださいね。",72
22_144,f007,feedback,ai,"初めに、毎日の記録を継続的に行えている点は素晴らしいです。また、学んだことを具体的に記載している点も良いですね。ただし、以下の点を改善できるとさらに良くなると思います。

1. 実習内容の詳細について：実習日の内容がもう少し詳細に書けると更に良いです。例えば、「カンファレンス」や「回診」とありますが、どのような内容が議論されたか、参加して感じたことや学んだことも併せて書くと良いでしょう。

2. 今後の課題の明確化：「今後の課題」が全ての日に記載されていません。学んだことを次の日にどのように応用するかや、さらに深めたい点を明確にすることが重要です。例えば、「MMSEの解釈についてさらに詳しく勉強する」、「大腿動脈からの採血技術を向上させるために、先輩医師に指導を依頼する」など具体的に書けると良いです。

引き続き努力し、実習から多くのことを学んでください。応援しています！",391
22_144,f007,feedback,supervisor,実習お疲れ様です．様々な理由で転院を要する患者さんが多いですので，どのように決まっていくか知ってもらえる機会があったことは貴重な体験だと思います．来週の発表もお願いいたします．,88
22_145,f029,feedback,ai,まず、毎日記録をすることが重要です。記録がない日がありますので、これからは毎日欠かさず記録してください。また、実習事項については詳細かつ具体的に書くように心がけましょう。例えば、「午前 回診」だけでなく、回診中にどのようなケースを見たのか、どのような処置が行われたのかなど具体的に記載することで、将来的に自分の学びを振り返りやすくなります。学んだことについては、今回のように具体的に書かれていて良いです。今後の課題についても、一つの実習が終了しても次のステップに進むための目標を設定することが大切です。例えば、「次回の実習では新生児ケアに注力する」など、具体的な目標を立てると良いでしょう。,295
22_145,f029,feedback,supervisor,興味のある分野とはいえ休日の研究会へ参加する積極性は素晴らしいと思います。頑張ってください,45
22_146,f039,feedback,ai,以下の点についてフィードバックを提供します。まず、毎日詳細な実習記録を続けていることは素晴らしいです。非常に良い継続力を持っていますね。改善点としては、特に各日に学んだことと今後の課題について、もう少し具体的に記述することをお勧めします。例えば、学んだことに関しては、その背景や具体的な事例、学んだ際の状況なども記載するとより詳しくなります。また、今後の課題に対しては、どのように改善するかの具体的な行動計画を含めると良いでしょう。例えば、体液貯留を改善するための具体的な方法や、再発リスクファクターの調査手段などを書き加えると良いです。次回の採血練習で試す具体的なテクニックやアプローチも記録してみてください。これにより、単に理論だけでなく実践での改善点も明確になります。引き続き頑張ってください。,350
22_146,f039,feedback,supervisor,実習お疲れ様でした．わかりやすい発表で，丁寧に勉強してもらえたと思います．どの科に進んでもらっても必要な高齢者の診かたを学んでもらえたと思います．今後も充実した実習を送れるよう願っています．,95
22_147,f007,feedback,ai,1. 臨床実習記録はできるだけ毎日記入するように心がけましょう。一部の日付で記録が抜けているため、毎日の実習内容を逐一記録することが大切です。例えば、日付や患者の基本情報、実習内容、学んだこと、今後の課題を毎日書き留めることを意識してください。 2. 実習内容と学んだことについて、さらに具体的に詳細を記載してください。例えば、『カンファレンスで議論された具体的な内容』や『回診で観察した具体的な症状や治療方針』などを詳細に書くことで、後から振り返りやすくなります。また、学んだことについては、具体的な経験や知識を細かく説明すると良いでしょう。例えば、MMSEの解釈については、具体的な患者さんの例や結果の数値も記載するとさらに良いです。 3. 今後の課題についても毎日記載するようにしましょう。『今後さらに取り組みたい項目』や『次回の実習で試してみたいこと』など、具体的な目標を設定してください。例えば、『次回のカンファレンスでは自分から質問をしてみる』や『採血の技術を向上させるために練習を続ける』といった目標を設定することで、実習の充実度がさらに増します。,481
22_147,f007,feedback,supervisor,実習ありがとうございました．日々のプレゼンテーションは大変わかりやすくできていました．外来や手技も経験されたので有意義な実習であったと思います．最後まで実習頑張ってください．,87
22_148,f022,feedback,ai,"実習記録をしっかりと続けている点は素晴らしいです。以下の点を改良するとさらに良くなるでしょう。

1. 患者リストに関して、診断名だけでなく、診療で気づいた症状や治療の具体的な内容を書くと、後の復習に役立ちます。例：『乳児　男　熱傷；症状：II度熱傷、治療：湿潤療法と痛みの管理』。

2. 学んだことに関して、特に印象に残ったり、新しく学んだ具体的な知識や技術を追加してください。例：『小児の救急外来での対応；特に、熱傷の初期治療法と鎮痛のアプローチを学びました。具体的には、熱傷面積の計算法や最適な鎮痛薬の選択について理解しました』。

引き続き、記録を詳細に書くことで、後の振り返りがより効果的になります。実習頑張ってください！",317
22_148,f022,feedback,supervisor,スライドよくできていました。それだけでなく、発表の流れについてもよく考えることができていました。,48
23_149,f011,feedback,ai,"素晴らしい仕事でした！毎日の記録をしっかりと続けていることは非常に重要です。学んだことや経験したことを具体的に記載している点も良いですね。以下、いくつかのフィードバックを提供します。

1. 学んだことがどのように次の実習に役立つかを詳しく書くとさらに具体的になります。例えば「低ナトリウム血症の鑑別、検査項目を学んだ」とありますが、具体的にどのような検査を行い結果をどのように解釈するのかを書いてみてください。

2. 今後の課題はもう少し具体的なアクションプランを含めると良いでしょう。例えば「担当患者の低ナトリウム血症について検査、治療など考察を進めていきたい」と書かれていますが、「次回の回診で具体的な治療メニューを提案する」や「低ナトリウム血症関連文献を5本読む」など、具体的で実行可能な目標を設定しましょう。

引き続き記録を継続し、自分の成長を振り返ることでさらに学びを深めることができるでしょう。頑張ってください！",415
23_149,f011,feedback,supervisor,実習お疲れ様です．手技も行って頂いて貴重な経験であると思います．研修医になると基本をゆっくり学ぶ機会も少ないと思いますので，多くの症例を経験してください．,77
23_150,f004,feedback,ai,1. 週の全体を通して、毎日詳細な記録を心掛けるとより充実した学びにつながります。特に3月25日や27日といった日付の記載が不十分な日は、完了した全ての活動や観察内容を具体的に記入するようにしましょう。例えば、「見学しました」ではなく、「新生児科でのエコー観察を行い、異常の具体的な所見について学んだ」と具体化して記載することをお勧めします。 2. 学んだことや今後の課題をもっと具体的に記載することも重要です。例えば、「HIEの画像初見について学んだ」だけでなく、具体的な所見や診断プロセスについて具体例を挙げて記載することで、後に復習する際に役立ちます。同様に、今後の課題も「呼吸管理について」だけでなく、「新生児患者の一例を用いてCPAPの適応と管理法について深く理解する」と具体化すると良いでしょう。総じて、あなたの努力は顕著であり、詳細な観察と記載を加えることでさらに実習からの学びを深めることができます。,408
23_150,f004,feedback,supervisor,"日常診療・回診について、大変熱心に取り組んでいただけていると思います。担当患者（HIE）さんは、当初と比べ全身状態は改善していますが、神経学的予後不良が予想されます。今後は、退院する（おうちに帰る）ための長期的課題と言った点についても目を向けていただけると良いと思います。
また、実習記録では、実習を通して学んだこと、課題・目標なども記載していただけると良いと思います。",185
23_151,f007,feedback,ai,実習記録をしっかりと行っている点は素晴らしいです。しかし、いくつかの点で更に詳細な記録を心がけるとより充実した学びにつながります。まず、毎日の記録を欠かさず行うことが大切です。例えば、どのような回診や手術に参加したのか、どの手技を学んだのかなど具体的に記載してください。学んだことについても、術後の診察で具体的にどのようなポイントを学んだのかを書きましょう。例えば、「術後の傷の確認方法」や「膵癌手術後の主要な合併症とその管理方法」などです。また、今後の課題についてもより具体的にしてください。例えば、「術後のバイタルの異常値の原因を考えるために、生理学と病理学の復習を行う」「次回の回診時に指導医に質問して理解を深める」などの具体的なアクションプランを立てると良いでしょう。これにより、実習記録が自己学習と次の実習への準備につながります。応援しています！,378
23_151,f007,feedback,supervisor,頑張りましょう。,8
23_152,f017,feedback,ai,"まず、毎日の記録を丁寧に行っていることは素晴らしいです。日々の経験を詳細かつ具体的に記述することで、学びが深まります。以下の点を改善すると、さらに実習記録が充実します。

1. 実習内容についてもう少し具体的に書くと良いでしょう。例えば、どのような神経診察の技術を見学・実施したのか、具体的な技法やその結果などを記述すると理解が深まります。

2. 学んだことについても、もう少し詳細を記載すると良いです。例えば、反射検査でどのような所見が出たのか、またそれが何を示しているのかなどを具体的に記載すると良い学びの振り返りとなります。

これらを意識して記録することで、より具体的で実践的な学びの記録になります。頑張ってください！",314
23_152,f017,feedback,supervisor,運動ニューロン疾患の診察の方法を学べたのですね．腱反射やBabinski徴候などは微妙な力の入り具合や肢位などの影響で所見が変化することがありますので，繰り返し診察することも重要です．また，精査入院の患者さん，特にALS疑いの患者さんは大きな不安を抱えておられることも多いです．何が不安か，何で困っているかを機会を見つけて伺ってみてください．,171
23_153,f007,feedback,ai,よく観察し、実習内容を詳細に記述していますね。このままのペースで続けていくことが大切です。いくつかの点で改善するとさらに良くなると思います。まず、毎日の記録を欠かさないことが重要です。例えば、26日から29日までの間に記録が途切れていますので、次回からはその日ごとの学びや課題も記載すると効果的です。また、学んだことや今後の課題をさらに具体的にすると良いでしょう。例えば、'プレゼンの際に検査結果もまとめる'の具体的な方法（例: スライドの構成や使う言葉) や、'場の設定に配慮する'に関して具体的な行動アイテム（例: 部屋のレイアウトや患者の目線を考える) などを追加すると効果的です。引き続き実習を楽しんで頑張ってください。,314
23_153,f007,feedback,supervisor,実習お疲れ様です．手技も含めて幅広く経験していただいると思います．研修医になるとなかなか基礎は学べないのでこの機会にたくさん経験してください．,71
23_154,f022,feedback,ai,まず、毎日の記録を欠かさず行うことは非常に重要です。1週間分の記録のうち、3日分が欠けているため、全ての日に記録をつけるよう努力してみましょう。次に、各日の実習内容について、もう少し具体的な情報を書き加えると良いでしょう。例えば、特に印象に残った手技や学んだ具体的な技術についても記載すると振り返りに役立ちます。また、学んだことや今後の課題も加えると良いですね。例えば、'今回の手術で何を学んだか'、'次回の実習で特に注意したい点'などを書いてみてください。これにより、自分の成長を実感しやすくなります。引き続き頑張ってください！,265
23_154,f022,feedback,supervisor,馬蹄肺、両側肺分画症は稀で貴重な経験になったと思います。典型的な肺癌症例も学習していくとよいと思います。,52
23_155,f007,feedback,ai,"素晴らしいですね、毎日の記録を続ける姿勢は非常に重要ですし、その姿勢は非常に評価できます。以下の点について改善のアドバイスを提供します。

1. 記録の詳細を増やすことで、将来的に見直す際に役立ちます。例えば、『回診させていただいた』とありますが、患者さんの具体的な症状や治療計画、回診中に感じた点などを追加すると良いでしょう。また、講義内容についても簡単なまとめや重要点を書き加えるとさらに良いです。

2. 学んだことの具体性を高めると良いです。『SCDの診察や鑑別について学ぶことができた』だけでなく、具体的にどのような診察方法や鑑別ポイントを学んだのか、またその知識が今後どのように役立つかを記載すると良いでしょう。例えば、『SCDの診察で重要なポイントは○○であり、これにより△△を鑑別できることを学んだ』といった具合です。

これからも頑張ってください。自分の成長を実感するために、記録をより具体的にすることを意識すると実習がさらに有意義なものになります。",434
23_155,f007,feedback,supervisor,"患者さんとの接し方や困りごとを聞いた際の対応で迷うことは、医学生としては自然なことです。医師になってからは、もっと悩むことも多いはずです。
先生方やコメディカルがどのように患者さんとコミュニケーションを取っているか、よく見てみてください。また、医療コミュニケーションを学ぶための良書も多いですので、書籍から学ぶのもよいかもしれません。",167
23_157,f022,feedback,ai,まず、毎日記録をつけることが重要です。記録がある日は具体的な情報が含まれており、好ましいスタートです。特に「患者リスト」については詳細に書かれていますが、「実習内容」についても少し詳細に記述すると良いでしょう。例：診察でどのようなことを観察し、どのような質問を受けましたか。また、「学んだこと」や「今後の課題」についてもより具体的に書くことができます。例：「栄養の増やし方」ではなく、「ミルクの追加方法とその量、頻度について学んだ」など。また、発表準備について具体的にどの分野において発表を行う予定なのかを記載すると、後から見返すときに役立つと思います。全体的には良いスタートですので、次回以降はもう少し詳細に記述してみてください。,316
23_157,f022,feedback,supervisor,試験などで忙しく、途中で連休も入り、あまり良い環境ではなかったと思いますが、その中でも出来ることを行っていたと思います。ただ、淡々と行っていた様子であり、もう少し、疾患や患者さんに興味をもって、ディスカッションができるとよりよかったと思います。,122
23_158,f039,feedback,ai,素晴らしい臨床実習記録の基盤を作成していますが、いくつか改善点があります。まず、毎日記録を続けることが重要ですので、欠けている日の記録も忘れずに記入しましょう。次に、実習事項に関しては詳細かつ具体的な説明を加えると良いでしょう。たとえば、手術の具体的な手順、担当した役割や観察したポイントを記載してください。また、学んだことや今後の課題も重要です。手術の際に学んだ技術や新しい知識、改めて確認したいことや今後の目標を具体的に書きましょう。これにより、実習の理解度が深まり、次のステップに進むための道標となります。がんばってください！,266
23_158,f039,feedback,supervisor,手術では閉創につきあってくれてありがとうございました。上手にできていたとおもいます。これからも実践する機会がいつくるかもしれないので、日々練習しておいてください。,81
23_159,f012,feedback,ai,実習記録を毎日きちんと記入している点は非常に良いです。また、学んだことについての具体的な知識を毎回記載している点も大変優れています。ただし、いくつか改善点が考えられます。まず、患者リストに関しては、もう少し詳細な情報（たとえば、糖尿病のタイプや既往歴、使用している薬剤など）を記載するといいでしょう。これにより、症例の背景がより明確になり、理解が深まります。次に、今後の課題についてですが、具体的で実行可能な目標を設定することをおすすめします。たとえば、「スライドの修正」や「スライド作り」という項目は具体性に欠けるので、「血糖管理のケーススタディに関するスライドを2枚追加する」など、もっと細かく書くと良いでしょう。これにより、具体的な行動計画が立てやすくなります。引き続き頑張ってください！,347
23_159,f012,feedback,supervisor,毎日回診し、適切なカルテ記載ができています。また卒試が続く中でも、論文を自分で読んで理解した上でスライド作成をすることができています。この調子で引き続き頑張ってください。,85
23_160,f014,feedback,ai,"1. 毎日記録ができていないことが気になります。臨床実習記録は日々の学びを記録する大切なツールですので、欠かさず記録するよう心掛けてください。特に忙しい日は簡潔でも良いので、その日の経験や気付きを記録しましょう。

2. 実習内容は詳細で具体的に記載できていますが、「学んだこと」や「今後の課題」が記載されていません。これらを追加すると、学習の振り返りが効果的になります。例えば、「今日は悪性胸腺腫の手術を見学し、術前評価の重要性を理解しました。今後は患者の全身状態の把握についてさらに学んでいきたい」といった具体的な学びや目標を書くと良いでしょう。

3. 細かい情報も記載すると良いです。たとえば、手術見学でどの部分が印象的だったか、特にどのようなプロセスに関心を持ったのかなどを書き添えることで、後で振り返った際により役立つ情報となります。",373
23_160,f014,feedback,supervisor,手術見学、講義によって学習したこと、感想を記載してもらうとよいと思います。,37
23_161,f002,feedback,ai,実習記録には活動を毎日詳細に記録することが重要です。膵頭部癌開腹手術や膵体尾部腫瘍開腹手術の経験は貴重ですが、経験した手術に関する具体的な行動や学び、そして今後の目標を記載すると良いでしょう。例えば、手術中にどの手技を観察・実践したか、医師からどんなフィードバックをもらったか、解剖学や手技に関する新たな理解などを記述してください。また、今後の目標として、次回の手術でさらに注意する点や学びたい点を具体的に挙げると、自身の成長にもつながります。,222
23_161,f002,feedback,supervisor,実際の手技をやってみるとわからないことがたくさんあると思います。またやったからこそ手技の見え方も変わると思います。がんばってください。,67
23_162,f001,feedback,ai,"実習記録の初日、お疲れさまでした！いくつかのポイントで改善できるところがありますので、以下のフィードバックを参考にしてみてくださいね。

1. 毎日の記録を心がけてください：今回は5月9日のみの記録がありましたが、可能な限り毎日記入することで振り返りや学びを深めることができます。たとえば、「5月10日」はどのようなことを行ったか、学んだことや感じたことを記録するようにしましょう。

2. 患者リストと実習内容の詳細を増やしてください：患者さんの病歴や治療経過、実習での具体的な業務（例えば、検査の補助や診療の補助など）をもう少し詳細に記載することで、後で振り返る際に有益です。たとえば、「午前回診」だけでなく、具体的にどのような業務を行ったかや感じたことを加えてみてください。

3. 学びと今後の課題を具体的に：学んだこととして「Allで中枢神経浸潤があれば、放射線療法が行われる」という知識は非常に重要です。これに加えて、なぜこの知識が重要か、臨床でどのように役立つかを考えてみましょう。また、「発熱性好中球減少症にならないか経過を見ていく」とありますが、具体的にどのような項目をチェックするべきかを書き加えてみると良いでしょう。例えば、「患者の体温や白血球数を定期的にチェックする」など、具体的なアクションプランを立てると実践につながりやすいです。

引き続きがんばってくださいね。応援しています！",604
23_162,f001,feedback,supervisor,臨床実習記録を記載するようにしましょう。,20
23_163,f034,feedback,ai,実習記録の記載を始めたことは大変良いです。いくつかの改善点を提案します。まず、毎日の記録を忘れずに行うようにしましょう。2024年5月16日の記録は患者リストと学んだことが欠けています。これらは毎日記入する必要があります。次に、学んだことをより具体的に書くと良いでしょう。例えば、『パラガングリオーマについて具体的にどのようなことを学んだのか』を詳細に記載してください。また、今後の課題や目標も忘れずに記入するよう心がけましょう。例えば、『次回の手術の際には、閉創時の縫合技術をさらに向上させるための具体的な手法を学ぶ』などです。これにより、自己発展の方向性が明確になります。,288
23_163,f034,feedback,supervisor,"実習お疲れ様でした。
まじめに手術や課題に取り組めていたと思います。
今後の活躍に期待しています。がんばってください。",59
23_164,f009,feedback,ai,"1. 記録を毎日行い、詳細かつ具体的に書けている点は素晴らしいです。各患者の状態や治療の進行状況をきちんとフォローアップする姿勢が見られ、今後の学びを深めるための良い基盤となっています。ただし、「学んだこと」や「今後の課題」に関して、もう少し具体例を挙げることで、将来的な自分の行動に対する道筋がクリアになるでしょう。例えば、『移植後の有害事象に対する対応方法を具体的に学んだ』や『白血球アフェレーシスの具体的なポイントについて整理する』などです。

2. 記録内容の具体性を高めるために、ディテールを補足することを心がけましょう。例えば、「白血球アフェレーシスで確認するポイント」については、具体的に何を確認したのか記載することで、将来同じようなケースに遭遇した際に役立つ記録となります。可能であれば、どのような観察結果が得られたか、またどのようなアクションを取ったかなどを付け加えてください。

全体的に高い意欲を持って実習に取り組んでおり、今後も継続して学び続けることでさらなる成長が期待できます。",452
23_164,f009,feedback,supervisor,臨床実習記録を記載するようにしましょう。,20
